Nº OCORRENCIA;DATA;HORA;TIPIFICACAO;MUNICÍPIO;BAIRRO;LOGRADOURO;IDADE;GENERO;COR;MEIOS;TIPO LOCAL
49842515;01/01/2023;15:52:48;Homicídio Doloso;VITORIA;CENTRO;RUA PADRE JOSE DE ANCHIETA;53;1 - Masculino;NEGRA;Objeto Contundente;Via Pública
49839526;01/01/2023;06:40:27;Homicídio Doloso;CARIACICA;ITACIBA;RUA NILTON BALESTRERO;19;1 - Masculino;PARDA;Arma de Fogo;Via Pública
49844682;01/01/2023;20:45:54;Homicídio Doloso;LINHARES;NOVA ESPERANÇA;RUA PINDAIBA;17;2 - Feminino;NEGRA;Arma de Fogo;Via Pública
49842144;01/01/2023;14:52:40;Homicídio Doloso;CARIACICA;OPERARIO;RUA DOS PROFESSORES;20;1 - Masculino;PARDA;Arma de Fogo;Via Pública
49838810;01/01/2023;04:32:06;Homicídio Doloso;SERRA;PARQUE RESIDENCIAL TUBARAO;RUA PARANA;27;1 - Masculino;BRANCA;Arma de Fogo;Praça / Parques / Área Pública
49841889;01/01/2023;14:20:02;Homicídio Doloso;ECOPORANGA;SANTA LUZIA DO NORTE;RUA NÃO CADASTRADA;43;1 - Masculino;PARDA;Arma Branca;Via Pública
49841439;01/01/2023;13:33:52;Homicídio Doloso;CARIACICA;VALE DOS REIS;RUA VENEZA;33;1 - Masculino;NEGRA;Objeto Contundente;Estabelecimento Comercial
49854933;02/01/2023;21:33:40;Homicídio Doloso;PEDRO CANARIO;BAIRRO BOA VISTA;RUA NÃO CADASTRADA;21;1 - Masculino;PARDA;Arma de Fogo;Via Pública
49844682;02/01/2023;23:13:51;Homicídio Doloso;LINHARES;NOVA ESPERANCA;RUA PINDAIBA;20;1 - Masculino;PARDA;Arma de Fogo;Via Pública
49854665;02/01/2023;20:59:40;Homicídio Doloso;BAIXO GUANDU;ROSARIO II;RUA FERNAO DIAS PAES LEME;19;1 - Masculino;NEGRA;Arma de Fogo;Via Pública
49857468;03/01/2023;07:35:39;Homicídio Doloso;ALEGRE;CLERIO MOULIN;RUA NÃO CADASTRADA;42;1 - Masculino;PARDA;Arma de Fogo;Via Pública
49863815;03/01/2023;19:07:30;Homicídio Doloso;GUARAPARI;LAGOA FUNDA;RUA FELICIO BITAR;52;2 - Feminino;PARDA;Arma Branca;Domicílio
49860422;03/01/2023;13:28:11;Homicídio Doloso;SERRA;NOVO HORIZONTE;RUA PAPAGAIO;44;1 - Masculino;PARDA;Arma de Fogo;Via Pública
49874009;04/01/2023;20:16:57;Homicídio Doloso;SAO GABRIEL DA PALHA;AIMORES;AV BARTIMEO GOMES AGUIAR;18;1 - Masculino;Não Informado;Arma de Fogo;Via Pública
49874795;04/01/2023;22:07:12;Homicídio Doloso;BREJETUBA;ALTO JACUTINGA;RUA NÃO CADASTRADA;25;1 - Masculino;Indeterminada;Arma de Fogo;Via Pública
49874852;04/01/2023;22:16:52;Homicídio Doloso;COLATINA;SAO JUDAS;RUA VANTUIL BARROSO ARANHA;30;2 - Feminino;Não Informado;Arma de Fogo;Terreno Baldio / Construção / Mata
49875679;05/01/2023;12:06:43;Homicídio Doloso;SERRA;BARRO BRANCO;AV PRINCIPAL;18;1 - Masculino;PARDA;Arma Branca;Praça / Parques / Área Pública
49882445;06/01/2023;12:08:04;Homicídio Doloso;SERRA;FEU ROSA;RUA DAS DALIAS;26;1 - Masculino;PARDA;Arma de Fogo;Terreno Baldio / Construção / Mata
49892160;06/01/2023;22:31:43;Homicídio Doloso;SOORETAMA;JOEIRANA;RUA NÃO CADASTRADA;25;1 - Masculino;PARDA;Arma Branca;Via Pública
49884359;06/01/2023;01:08:28;Homicídio Doloso;CACHOEIRO DE ITAPEMIRIM;RUBEM BRAGA;RUA ANACLETO RAMOS;19;1 - Masculino;Indeterminada;Arma de Fogo;Domicílio
49891582;06/01/2023;21:05:22;Homicídio Doloso;RIO NOVO DO SUL;SANTO ANTÔNIO;RUA ANTONIO BRANDAO;39;1 - Masculino;PARDA;Arma de Fogo;Domicílio
49897213;07/01/2023;15:25:04;Homicídio Doloso;SERRA;FEU ROSA;RUA RECANTO VERDE;25;1 - Masculino;BRANCA;Arma de Fogo;Domicílio
49899600;07/01/2023;20:48:47;Homicídio Doloso;CARIACICA;NOVA ESPERANCA;RUA BELO HORIZONTE;16;1 - Masculino;PARDA;Arma de Fogo;Via Pública
49899600;07/01/2023;20:48:47;Homicídio Doloso;CARIACICA;NOVA ESPERANCA;RUA BELO HORIZONTE;40;1 - Masculino;NEGRA;Arma de Fogo;Via Pública
49899833;08/01/2023;03:37:26;Homicídio Doloso;SERRA;BAIRRO DAS LARANJEIRAS;AV THALMA RODRIGUES;17;2 - Feminino;PARDA;Arma de Fogo;Via Pública
49903380;08/01/2023;12:35:00;Homicídio Doloso;VILA VELHA;BOA VISTA;RUA DR ANNOR DA SILVA;26;1 - Masculino;PARDA;Arma de Fogo;Via Pública
49908388;08/01/2023;20:13:57;Homicídio Doloso;CARIACICA;FLEXAL II;RUA DO CAMPO DO APOLO;26;1 - Masculino;PARDA;Arma de Fogo;Via Pública
49908094;08/01/2023;19:33:18;Homicídio Doloso;LINHARES;INTERLAGOS;AV PADRE MANOEL DE NOBREGA;47;1 - Masculino;PARDA;Arma de Fogo;Praça / Parques / Área Pública
49905669;08/01/2023;13:42:29;Homicídio Doloso;JAGUARE;PALMITAL;RUA NÃO CADASTRADA;23;1 - Masculino;PARDA;Arma de Fogo;Via Pública
49905669;08/01/2023;13:42:29;Homicídio Doloso;JAGUARE;PALMITAL;RUA NÃO CADASTRADA;31;1 - Masculino;PARDA;Arma de Fogo;Via Pública
49909462;08/01/2023;22:45:14;Homicídio Doloso;CARIACICA;PORTO DE CARIACICA;RUA CHACARA MECILDA;47;1 - Masculino;PARDA;Arma de Fogo;Terreno Baldio / Construção / Mata
49909611;08/01/2023;23:11:36;Homicídio Doloso;CARIACICA;PORTO NOVO;RUA CELSO PEREIRA;25;1 - Masculino;BRANCA;Arma de Fogo;Terreno Baldio / Construção / Mata
49916136;09/01/2023;16:27:24;Homicídio Doloso;PIUMA;CEU AZUL;RUA ADMILSON DAMASCENO;41;1 - Masculino;PARDA;Arma de Fogo;Domicílio
49911991;09/01/2023;08:48:34;Homicídio Doloso;CARIACICA;PIRANEMA;AV SANTA LUZIA;24;1 - Masculino;PARDA;Arma de Fogo;Via Pública
49912099;09/01/2023;08:56:02;Homicídio Doloso;SERRA;SERRA DOURADA I;AV BRASILIA;24;1 - Masculino;PARDA;Fogo;Domicílio
49920794;10/01/2023;06:37:30;Homicídio Doloso;FUNDAO;ORLY RAMOS;RUA NÃO CADASTRADA;30;1 - Masculino;PARDA;Arma Branca;Via Pública
49927176;10/01/2023;19:34:46;Homicídio Doloso;RIO BANANAL;ZONA RURAL;RUA NÃO CADASTRADA;25;1 - Masculino;BRANCA;Arma de Fogo;Domicílio
49935430;11/01/2023;17:16:41;Homicídio Doloso;VILA VELHA;IBES;RUA TUIUTI;25;1 - Masculino;PARDA;Arma de Fogo;Via Pública
49944595;12/01/2023;22:09:29;Homicídio Doloso;SERRA;JOSE DE ANCHIETA;ROD BR 101;36;1 - Masculino;PARDA;Linchamento;Via Pública
49944323;12/01/2023;21:25:48;Homicídio Doloso;VILA VELHA;ULISSES GUIMARAES;RUA OITI;51;1 - Masculino;BRANCA;Arma Branca;Estabelecimento Comercial
49938587;12/01/2023;01:40:38;Homicídio Doloso;AGUA DOCE DO NORTE;ZONA RURAL;RUA MERSON VIERA;24;1 - Masculino;PARDA;Arma de Fogo;Domicílio
49953908;13/01/2023;22:06:14;Homicídio Doloso;CARIACICA;SAO FRANCISCO;RUA PADRE LEANDRO DEL HOMO;50;1 - Masculino;PARDA;Arma de Fogo;Via Pública
49957423;14/01/2023;11:16:13;Homicídio Doloso;VILA VELHA;ARIBIRI;RUA SUZANA BORGES;17;1 - Masculino;PARDA;Arma de Fogo;Via Pública
49957423;14/01/2023;12:16:13;Homicídio Doloso;VILA VELHA;ARIBIRI;RUA SUZANA BORGES;25;1 - Masculino;Não Informado;Arma de Fogo;Via Pública
49957523;14/01/2023;09:15:43;Homicídio Doloso;SERRA;JARDIM BELA VISTA;RUA DEZESSEIS;18;1 - Masculino;NEGRA;Arma de Fogo;Domicílio
49959299;14/01/2023;13:40:04;Homicídio Doloso;SAO MATEUS;PORTO;RUA 7 DE SETEMBRO;23;1 - Masculino;PARDA;Arma de Fogo;Via Pública
49972864;15/01/2023;22:50:57;Homicídio Doloso;SAO DOMINGOS DO NORTE;BRACO DO SUL;RUA NÃO CADASTRADA;19;1 - Masculino;NEGRA;Arma de Fogo;Curso D'água
49971372;15/01/2023;19:35:00;Homicídio Doloso;VITORIA;ROMAO;RUA OTILIA GRIJO;46;1 - Masculino;PARDA;Arma de Fogo;Via Pública
49965085;15/01/2023;01:11:00;Homicídio Doloso;VILA VELHA;ULISSES GUIMARAES;RUA JUSCELINO KUBITSCHEK;24;1 - Masculino;Não Informado;Arma de Fogo;Via Pública
49970646;15/01/2023;17:55:28;Homicídio Doloso;BREJETUBA;ZONA RURAL;RUA JOAQUIM CANDIDO;58;1 - Masculino;PARDA;Arma de Fogo;Via Pública
49976725;16/01/2023;11:13:47;Homicídio Doloso;SOORETAMA;CENTRO;RUA JOSE LEONEL;21;1 - Masculino;PARDA;Arma de Fogo;Via Pública
49975827;16/01/2023;09:54:24;Homicídio Doloso;PIUMA;NOVA ESPERANCA;RUA JORGE PERES;22;1 - Masculino;PARDA;Arma de Fogo;Via Pública
49965215;16/01/2023;11:57:05;Homicídio Doloso;VITORIA;SAO PEDRO;RUA APOSTOLO SAO PAULO;18;1 - Masculino;PARDA;Arma de Fogo;Via Pública
49984861;17/01/2023;08:08:00;Homicídio Doloso;CACHOEIRO DE ITAPEMIRIM;MONTE LIBANO;RUA NÃO CADASTRADA;20;1 - Masculino;PARDA;Arma de Fogo;Curso D'água
49998147;18/01/2023;14:55:13;Homicídio Doloso;CARIACICA;FLEXAL I;RUA GUARANI;32;1 - Masculino;PARDA;Arma de Fogo;Via Pública
49938555;18/01/2023;00:00:00;Homicídio Doloso;SERRA;JARDIM TROPICAL;RUA LINHA DE FORCA;36;1 - Masculino;PARDA;Arma Branca;Via Pública
49982027;18/01/2023;20:20:07;Homicídio Doloso;SERRA;JOSE DE ANCHIETA;AV JACARANDAS;37;1 - Masculino;PARDA;Arma de Fogo;Via Pública
49997253;18/01/2023;13:31:27;Homicídio Doloso;SERRA;SERRA DOURADA III;AV SALVADOR;44;1 - Masculino;NEGRA;Arma Branca;Estabelecimento Comercial
50010095;19/01/2023;18:58:57;Homicídio Doloso;VITORIA;SAO PEDRO;RUA NÃO CADASTRADA;16;1 - Masculino;Não Informado;Arma de Fogo;Via Pública
50019425;20/01/2023;19:25:50;Homicídio Doloso;SAO MATEUS;GURIRI;RUA MUCURICI;22;1 - Masculino;Não Informado;Arma de Fogo;Via Pública
50013403;20/01/2023;06:06:24;Homicídio Doloso;VITORIA;SANTO ANTÔNIO;AV ADOLPHO POLI MONJARDIM;18;1 - Masculino;Não Informado;Arma de Fogo;Via Pública
50030031;21/01/2023;23:48:24;Homicídio Doloso;SAO GABRIEL DA PALHA;ASA BRANCA;RUA GUSTAVO ES;42;1 - Masculino;PARDA;Arma Branca;Estabelecimento Comercial
50021455;21/01/2023;00:43:54;Homicídio Doloso;MANTENOPOLIS;BELA VISTA;RUA JOAO RORIGUES DE OLIVEIRA;24;1 - Masculino;BRANCA;Arma de Fogo;Via Pública
50021738;21/01/2023;01:30:14;Homicídio Doloso;ARACRUZ;CENTRO;RUA NÃO CADASTRADA;16;1 - Masculino;PARDA;Arma de Fogo;Via Pública
50027989;21/01/2023;18:54:26;Homicídio Doloso;PIUMA;NITERÓI;RUA NOVA;42;1 - Masculino;BRANCA;Arma de Fogo;Via Pública
50023371;21/01/2023;05:56:47;Homicídio Doloso;MANTENOPOLIS;SAO GERALDO;RUA JOAQUIM RAIMUNDO;28;2 - Feminino;PARDA;Arma de Fogo;Via Pública
50038012;22/01/2023;21:47:52;Homicídio Doloso;CASTELO;ARACUI;RUA PEDRO MAGNAGO;64;1 - Masculino;BRANCA;Arma de Fogo;Via Pública
50038820;22/01/2023;23:45:26;Homicídio Doloso;LINHARES;JOCAFE I;RUA GILDO GAVA;18;1 - Masculino;PARDA;Arma de Fogo;Domicílio
50037183;22/01/2023;20:04:11;Homicídio Doloso;GOVERNADOR LINDENBERG;NOVA BRASILIA;RUA BORTOLLO MARTINS;23;1 - Masculino;PARDA;Arma de Fogo;Via Pública
50030869;22/01/2023;00:33:26;Homicídio Doloso;CARIACICA;SANTANA;RUA EUCALIPTOS;29;1 - Masculino;PARDA;Arma Branca;Estabelecimento Comercial
50037774;22/01/2023;22:15:17;Homicídio Doloso;GUARAPARI;VILLAGE DO SOL;RUA NUNES LOYOLA;42;1 - Masculino;PARDA;Arma Branca;Terreno Baldio / Construção / Mata
50041818;23/01/2023;11:12:08;Homicídio Doloso;PEDRO CANARIO;CRISTAL DO NORTE;RUA ANTONIO PORFIRIO DE SOUZA;19;1 - Masculino;PARDA;Arma de Fogo;Estabelecimento Comercial
50047618;23/01/2023;23:04:56;Homicídio Doloso;VILA VELHA;JOCKEY DE ITAPARICA;AV DA PRAIA;33;1 - Masculino;PARDA;ESPANCAMENTO;Via Pública
50044939;23/01/2023;17:27:10;Homicídio Doloso;SAO DOMINGOS DO NORTE;NITERÓI;RUA NÃO CADASTRADA;43;1 - Masculino;NEGRA;Arma de Fogo;Via Pública
50045705;23/01/2023;18:32:48;Homicídio Doloso;VILA VELHA;OLARIA;RUA NÃO INFORMADA;44;1 - Masculino;PARDA;Arma Branca;Via Pública
50042089;23/01/2023;18:09:50;Homicídio Doloso;VILA VELHA;VALE ENCANTADO;RUA GUARANA;24;1 - Masculino;PARDA;Arma de Fogo;Via Pública
50044644;23/01/2023;16:51:28;Homicídio Doloso;MONTANHA;VINHATICO;RUA NÃO CADASTRADA;20;1 - Masculino;PARDA;Outros;Via Pública
50048293;24/01/2023;01:00:02;Homicídio Doloso;VILA VELHA;TERRA VERMELHA;RUA ANTONIO ELIAS DO ESPIRITO SANTO;15;1 - Masculino;PARDA;Arma de Fogo;Via Pública
50060306;25/01/2023;11:47:12;Homicídio Doloso;ARACRUZ;SAO JOSE;RUA MARIA DA PENHA SACOLEBALDI;27;2 - Feminino;PARDA;Arma Branca;Via Pública
50068393;26/01/2023;09:53:02;Homicídio Doloso;VILA VELHA;ARIBIRI;RUA PRESIDENTE PRUDENTE DE MORAES;24;2 - Feminino;PARDA;Arma de Fogo;Via Pública
50074532;26/01/2023;23:02:33;Homicídio Doloso;VIANA;IPANEMA;RUA AMAZONAS;23;1 - Masculino;PARDA;Arma de Fogo;Via Pública
50070018;26/01/2023;13:15:11;Homicídio Doloso;VILA VELHA;ULISSES GUIMARAES;RUA LUIZ GONZAGA;23;1 - Masculino;PARDA;Arma de Fogo;Via Pública
50077579;27/01/2023;09:56:05;Homicídio Doloso;DOMINGOS MARTINS;BIRIRICAS;ROD BR 262;21;1 - Masculino;PARDA;Arma de Fogo;Via Pública
50083199;27/01/2023;20:48:27;Homicídio Doloso;COLATINA;SAO JOAO GRANDE;RUA NÃO CADASTRADA;50;1 - Masculino;PARDA;Arma de Fogo;Estabelecimento Comercial
50076822;27/01/2023;08:06:07;Homicídio Doloso;SERRA;TAQUARA II;RUA PALMERINHA;27;1 - Masculino;PARDA;Arma de Fogo;Via Pública
50089861;28/01/2023;13:31:52;Homicídio Doloso;VITORIA;SAO JOSE;RUA APOSTOLO SAO PAULO;21;1 - Masculino;PARDA;Arma de Fogo;Estabelecimento Comercial
50097367;29/01/2023;06:08:03;Homicídio Doloso;CARIACICA;CARIACICA SEDE;RUA BAHIA;18;1 - Masculino;PARDA;Arma de Fogo;CACHOEIRA
50096033;29/01/2023;01:43:42;Homicídio Doloso;MARATAIZES;CENTRO;RUA NÃO CADASTRADA;35;1 - Masculino;PARDA;Arma de Fogo;Via Pública
50096120;29/01/2023;01:57:39;Homicídio Doloso;VILA VELHA;DIVINO ESPIRITO SANTO;RUA ANITA GARIBALDI;48;2 - Feminino;BRANCA;Arma de Fogo;Via Pública
50103739;29/01/2023;23:12:16;Homicídio Doloso;CARIACICA;NOVO HORIZONTE;RUA ARVORES;36;1 - Masculino;PARDA;Arma de Fogo;Via Pública
50103501;29/01/2023;22:24:21;Homicídio Doloso;NOVA VENECIA;ZONA RURAL;RUA NÃO CADASTRADA;28;1 - Masculino;Não Informado;Arma Branca;Via Pública
50107305;30/01/2023;11:41:00;Homicídio Doloso;VARGEM ALTA;ALTO CASTELINHO;RUA EUGENIO FASSARELA;49;1 - Masculino;BRANCA;Arma de Fogo;Domicílio
50107163;30/01/2023;11:42:00;Homicídio Doloso;PRESIDENTE KENNEDY;CENTRO;RUA JOSE INACIO;57;1 - Masculino;PARDA;Arma de Fogo;Praça / Parques / Área Pública
50110629;30/01/2023;16:54:45;Homicídio Doloso;VITORIA;CRUZAMENTO;RUA LIZANDRO NICOLETE;31;1 - Masculino;NEGRA;Arma de Fogo;Via Pública
50107365;30/01/2023;11:17:00;Homicídio Doloso;VARGEM ALTA;VILA MARIA;ROD ES 164;57;1 - Masculino;BRANCA;Arma de Fogo;Via Pública
49966837;31/01/2023;02:04:29;Homicídio Doloso;CARIACICA;MUCURI;RUA SAO JORGE;18;1 - Masculino;PARDA;Arma de Fogo;Via Pública
50124930;01/02/2023;02:23:15;Homicídio Doloso;VILA VELHA;CIDADE DA BARRA;RUA RAIMUNDO CORREIA;34;1 - Masculino;PARDA;Arma de Fogo;Domicílio
50133565;01/02/2023;22:54:18;Homicídio Doloso;VITORIA;MARIO CYPRESTE;RUA NÃO CADASTRADA;20;1 - Masculino;PARDA;Arma de Fogo;Estabelecimento Comercial
50142934;02/02/2023;23:38:00;Homicídio Doloso;PANCAS;CENTRO;PRAÇA DE LAJINHA;41;1 - Masculino;Não Informado;Arma Branca;Via Pública
50135005;02/02/2023;07:06:53;Homicídio Doloso;CARIACICA;NOVA ROSA DA PENHA;RUA SETENTA;34;1 - Masculino;NEGRA;Objeto Contundente;Via Pública
50149393;03/02/2023;15:33:45;Homicídio Doloso;CARIACICA;VILA PRUDÊNCIO;RUA VISCONDE RIO BRANCO;23;1 - Masculino;NEGRA;ESPANCAMENTO;Via Pública
50152065;04/02/2023;11:14:49;Homicídio Doloso;VITORIA;BAIRRO DA PENHA;RUA OTILIO JOAO FERNANDES;32;2 - Feminino;NEGRA;Arma de Fogo;Via Pública
50159177;04/02/2023;14:59:56;Homicídio Doloso;BARRA DE SAO FRANCISCO;COLINA;RUA NÃO CADASTRADA;52;1 - Masculino;NEGRA;Arma de Fogo;Domicílio
50154254;04/02/2023;00:28:26;Homicídio Doloso;ARACRUZ;GUARANA;AV GABRIEL PANDOLF;40;1 - Masculino;BRANCA;Arma Branca;Via Pública
50160122;04/02/2023;16:55:22;Homicídio Doloso;SAO MATEUS;GURIRI;RUA NÃO CADASTRADA;26;1 - Masculino;Não Informado;Arma de Fogo;Via Pública
50155369;04/02/2023;03:24:56;Homicídio Doloso;ITAGUACU;SANTA FE;RUA WILSON ANTONIO ELLER;47;1 - Masculino;PARDA;Arma Branca;Via Pública
50156226;04/02/2023;08:02:43;Homicídio Doloso;FUNDAO;ZONA RURAL;ROD ES 361;45;1 - Masculino;PARDA;Arma de Fogo;Via Pública
50164479;05/02/2023;00:21:07;Homicídio Doloso;PANCAS;CORREGO UBA;RUA NÃO CADASTRADA;43;1 - Masculino;PARDA;Arma de Fogo;Via Pública
50164479;05/02/2023;00:21:07;Homicídio Doloso;PANCAS;CORREGO UBA;RUA NÃO CADASTRADA;48;1 - Masculino;NEGRA;Arma de Fogo;Via Pública
50169658;05/02/2023;15:39:47;Homicídio Doloso;VITORIA;NOVA PALESTINA;RUA SAO TIAGO;28;1 - Masculino;NEGRA;Arma de Fogo;Via Pública
50172128;05/02/2023;20:16:35;Homicídio Doloso;COLATINA;SAO MARCOS;RUA ALEGRE;22;1 - Masculino;PARDA;Arma de Fogo;Via Pública
50173704;05/02/2023;23:46:08;Homicídio Doloso;SERRA;VILA NOVA DE COLARES;RUA ANHANGUERA;17;1 - Masculino;PARDA;Arma de Fogo;Via Pública
50172190;05/02/2023;20:23:21;Homicídio Doloso;LINHARES;ZONA RURAL;RUA NÃO CADASTRADA;29;1 - Masculino;Não Informado;Arma de Fogo;Domicílio
50180193;06/02/2023;16:51:13;Homicídio Doloso;GUARAPARI;ELZA NADER;RUA BENEDITA BARCELOS;27;1 - Masculino;PARDA;Arma Branca;Via Pública
50178906;06/02/2023;14:49:24;Homicídio Doloso;VILA VELHA;ILHA DA CONCEICAO;TV MANOEL NASCIMENTO;33;1 - Masculino;PARDA;Arma de Fogo;Via Pública
50178360;06/02/2023;13:54:08;Homicídio Doloso;CASTELO;SAO MIGUEL;NA BEIRA DO RIO;38;2 - Feminino;PARDA;Líquido Inflamável;Praça / Parques / Área Pública
50186928;07/02/2023;10:02:12;Homicídio Doloso;CARIACICA;OPERARIO;RUA DOS PROFESSORES;22;1 - Masculino;PARDA;Arma de Fogo;Terreno Baldio / Construção / Mata
50187111;07/02/2023;10:14:16;Homicídio Doloso;SERRA;PORTO DOURADO;AV AUDIFAX BARCELOS;19;1 - Masculino;PARDA;Arma de Fogo;Estabelecimento Comercial
50187517;07/02/2023;10:59:00;Homicídio Doloso;SOORETAMA;SAYONARA;RUA LUIZ PEREIRA;35;1 - Masculino;NEGRA;Arma de Fogo;Domicílio
50188106;07/02/2023;11:57:29;Homicídio Doloso;CARIACICA;VILA CAPIXABA;ROD BR 101;15;1 - Masculino;PARDA;Arma de Fogo;Via Pública
50194816;08/02/2023;02:00:54;Homicídio Doloso;CACHOEIRO DE ITAPEMIRIM;ALTO AMARELO;RUA NOSSA SENHORA DE FATIMA;19;1 - Masculino;Não Informado;Arma de Fogo;Via Pública
50154509;09/02/2023;11:11:16;Homicídio Doloso;ECOPORANGA;CENTRO;RUA CAMPO NOVO;49;1 - Masculino;PARDA;ESPANCAMENTO;Via Pública
50212688;09/02/2023;18:19:42;Homicídio Doloso;CACHOEIRO DE ITAPEMIRIM;RECANTO;RUA ANTONIO DA COSTA;44;1 - Masculino;PARDA;Objeto Contundente;Via Pública
50222976;10/02/2023;19:37:37;Homicídio Doloso;SAO GABRIEL DA PALHA;BOA VISTA;RUA BOA VISTA;18;1 - Masculino;PARDA;Arma de Fogo;Via Pública
50232516;11/02/2023;18:18:21;Homicídio Doloso;VITORIA;ANDORINHAS;RUA EMILIO FERREIRA DA SILVA;20;1 - Masculino;PARDA;Arma de Fogo;Via Pública
50232357;11/02/2023;17:53:46;Homicídio Doloso;VITORIA;FORTE SAO JOAO;RUA NÃO CADASTRADA;46;1 - Masculino;PARDA;ESPANCAMENTO;Estabelecimento de Saúde
50233010;11/02/2023;19:08:18;Homicídio Doloso;SERRA;LAGOA DE JACARAIPE;RUA RIBEIRAO PRETO;31;1 - Masculino;PARDA;Arma de Fogo;Praça / Parques / Área Pública
50233239;11/02/2023;19:31:46;Homicídio Doloso;CARIACICA;RETIRO SAUDOSO;RUA EMILIO MONJARDIM;18;1 - Masculino;PARDA;Arma de Fogo;Via Pública
50227273;11/02/2023;04:38:21;Homicídio Doloso;VILA VELHA;ULISSES GUIMARAES;RUA EVALDO BRAGA;34;1 - Masculino;PARDA;Arma de Fogo;Via Pública
50239190;12/02/2023;05:52:02;Homicídio Doloso;COLATINA;BELA VISTA;RUA RICARDO ZON;15;1 - Masculino;BRANCA;Arma de Fogo;Domicílio
50242703;12/02/2023;16:30:48;Homicídio Doloso;AGUA DOCE DO NORTE;CENTRO;RUA BOM JESUS;36;1 - Masculino;PARDA;Arma de Fogo;Via Pública
50244888;12/02/2023;20:48:16;Homicídio Doloso;CONCEICAO DA BARRA;ZONA RURAL;RUA NÃO CADASTRADA;52;2 - Feminino;NEGRA;Arma de Fogo;Via Pública
50246005;12/02/2023;22:58:26;Homicídio Doloso;VENDA NOVA DO IMIGRANTE;ZONA RURAL;RUA NÃO CADASTRADA;29;1 - Masculino;Não Informado;Arma de Fogo;Via Pública
50259955;14/02/2023;08:33:00;Homicídio Doloso;IUNA;CENTRO;AV SAO VICENTE DE PAULA;30;1 - Masculino;BRANCA;Arma de Fogo;Domicílio
50264968;14/02/2023;16:05:07;Homicídio Doloso;VILA VELHA;COBILÂNDIA;QUINTA AVENIDA;22;1 - Masculino;NEGRA;Arma de Fogo;Terreno Baldio / Construção / Mata
50259316;14/02/2023;03:59:05;Homicídio Doloso;VITORIA;MARIA ORTIZ;RUA PROF EDNA SIQUEIRA;18;1 - Masculino;PARDA;Arma de Fogo;Domicílio
50267597;14/02/2023;21:29:55;Homicídio Doloso;COLATINA;PERPETUO SOCORRO;RUA SAO BRAS;27;1 - Masculino;PARDA;Arma de Fogo;Via Pública
50273914;15/02/2023;13:39:18;Homicídio Doloso;PEDRO CANARIO;CANARINHO;RUA BELMIRO TEIXEIRA;31;1 - Masculino;NEGRA;Arma de Fogo;Via Pública
50277011;15/02/2023;19:04:17;Homicídio Doloso;SERRA;CENTRAL CARAPINA;RUA DISTRITO FEDERAL;44;2 - Feminino;BRANCA;Arma de Fogo;Via Pública
50287233;16/02/2023;19:57:50;Homicídio Doloso;VILA VELHA;BOA VISTA II;RUA VICENTE DE CARVALHO;36;2 - Feminino;BRANCA;Arma de Fogo;Ponte / Viaduto
50285862;16/02/2023;17:11:16;Homicídio Doloso;VILA VELHA;IBES;RUA TUIUTI;19;1 - Masculino;NEGRA;Arma de Fogo;Via Pública
50273993;16/02/2023;11:21:37;Homicídio Doloso;VITORIA;JARDIM DA PENHA;PRAÇA REGINA FRIGERI FURNO;38;1 - Masculino;PARDA;Arma Branca;Ponte / Viaduto
50284721;16/02/2023;15:20:53;Homicídio Doloso;LINHARES;NOVA ESPERANCA;RUA NÃO CADASTRADA;21;1 - Masculino;PARDA;ESPANCAMENTO;Via Pública
50293480;17/02/2023;13:51:56;Homicídio Doloso;MARATAIZES;BARRA DE ITAPEMIRIM;RUA PEDRO MARVILA;44;1 - Masculino;PARDA;Arma de Fogo;Via Pública
50289875;17/02/2023;05:22:41;Homicídio Doloso;GUARAPARI;TARTARUGA;ROD ES 060;37;1 - Masculino;PARDA;Arma Branca;Domicílio
50306647;18/02/2023;15:25:09;Homicídio Doloso;VILA VELHA;BOA VISTA I;RUA ERICO VERISSIMO;21;1 - Masculino;PARDA;Arma de Fogo;Via Pública
50303561;18/02/2023;09:19:39;Homicídio Doloso;PANCAS;CENTRO;RUA JOADIR TEIXEIRA MACHADO;31;1 - Masculino;PARDA;Arma Branca;Praça / Parques / Área Pública
50303783;18/02/2023;09:48:43;Homicídio Doloso;JAGUARE;FATIMA;LOCALIDADE DE BARROQUINHA, SITIO DOMINGO;34;1 - Masculino;PARDA;Arma Branca;Terreno Baldio / Construção / Mata
50304028;18/02/2023;10:18:03;Homicídio Doloso;CARIACICA;SOTELÂNDIA;RUA AUGUSTO JACOB;26;1 - Masculino;BRANCA;Arma de Fogo;Via Pública
50324062;20/02/2023;08:31:48;Homicídio Doloso;MARATAIZES;CENTRO;AV ATLANTICA;19;1 - Masculino;NEGRA;Arma Branca;Via Pública
50332641;20/02/2023;22:28:17;Homicídio Doloso;COLATINA;PADRE JOSE DE ANCHIETA;RUA SILVESTRE RUFINO;31;1 - Masculino;NEGRA;Arma de Fogo;Terreno Baldio / Construção / Mata
50328484;20/02/2023;14:57:09;Homicídio Doloso;VITORIA;SAO PEDRO;RUA NOVA ESPERANÇA;23;1 - Masculino;PARDA;Arma de Fogo;Via Pública
50344113;21/02/2023;23:49:45;Homicídio Doloso;LINHARES;NOVA ESPERANCA;ALAMEDA BOM JARDIM;27;1 - Masculino;PARDA;Arma de Fogo;Via Pública
50344062;21/02/2023;23:49:00;Homicídio Doloso;SERRA;PARQUE JACARAIPE;AV NOSSA SENHORA DOS NAVEGANTES;24;1 - Masculino;BRANCA;Arma de Fogo;Via Pública
50346991;22/02/2023;06:55:59;Homicídio Doloso;COLATINA;BARBADOS;RUA JOELMA BATISTA;38;1 - Masculino;BRANCA;Arma de Fogo;Via Pública
50347335;22/02/2023;08:23:56;Homicídio Doloso;VILA VELHA;SANTOS DUMONT;RUA ANTONIO BERNARDES SIVEIRA;21;1 - Masculino;BRANCA;Arma de Fogo;Via Pública
50347335;22/02/2023;08:23:56;Homicídio Doloso;VILA VELHA;SANTOS DUMONT;RUA ANTONIO BERNARDES SIVEIRA;21;1 - Masculino;PARDA;Arma de Fogo;Via Pública
50306474;22/02/2023;06:32:28;Homicídio Doloso;BREJETUBA;SAO JORGE;EM UM BAR EM FRENTE AO COLEGIO SAO JORGE;31;1 - Masculino;PARDA;Arma de Fogo;Via Pública
50344408;22/02/2023;00:14:00;Homicídio Doloso;VILA VELHA;SAO TORQUATO;RUA CRESCENCIO LIRIO;31;1 - Masculino;PARDA;Arma Branca;Domicílio
50363090;23/02/2023;19:26:17;Homicídio Doloso;CARIACICA;CARIACICA SEDE;RUA ROÇA VELHA;18;1 - Masculino;PARDA;Arma Branca;Via Pública
50363177;23/02/2023;19:45:00;Homicídio Doloso;PEDRO CANARIO;CENTRO;RUA PORTO AZUL;29;1 - Masculino;PARDA;Arma de Fogo;Via Pública
50364258;23/02/2023;22:17:48;Homicídio Doloso;CACHOEIRO DE ITAPEMIRIM;MONTE CRISTO;RUA MANOEL FELIPE SOBRINHO;33;1 - Masculino;PARDA;Arma de Fogo;Domicílio
50373472;24/02/2023;18:01:07;Homicídio Doloso;VILA VELHA;COBI DE BAIXO;RUA IRACY CORTELETTI;29;1 - Masculino;PARDA;Arma Branca;Estabelecimento Comercial
50398610;24/02/2023;13:22:05;Homicídio Doloso;MIMOSO DO SUL;GARRAFAO;ROD ES 297;26;2 - Feminino;Não Informado;Outros;Outros Locais
50364977;24/02/2023;00:25:27;Homicídio Doloso;SAO MATEUS;ZONA RURAL;RUA NÃO CADASTRADA;26;1 - Masculino;PARDA;Arma de Fogo;Domicílio
50379237;25/02/2023;12:46:00;Homicídio Doloso;VILA VELHA;COBILÂNDIA;AV PRIMEIRA AVENIDA;36;1 - Masculino;PARDA;Arma de Fogo;Terreno Baldio / Construção / Mata
50384061;25/02/2023;22:17:19;Homicídio Doloso;CARIACICA;RIO MARINHO;AV PRINCIPAL;33;1 - Masculino;Não Informado;Arma de Fogo;Via Pública
50378854;25/02/2023;13:10:00;Homicídio Doloso;CARIACICA;VILA CAJUEIRO;RUA NÃO CADASTRADA;21;1 - Masculino;PARDA;Arma de Fogo;Via Pública
50387130;26/02/2023;09:45:37;Homicídio Doloso;SERRA;BALNEARIO DE CARAPEBUS;AV AUGUSTO RUSCHI;48;2 - Feminino;PARDA;Arma Branca;Via Pública
50385309;26/02/2023;02:13:33;Homicídio Doloso;NOVA VENECIA;CHAPADINHA;ROD BR 342;29;1 - Masculino;PARDA;Objeto Contundente;Via Pública
50389994;26/02/2023;16:11:16;Homicídio Doloso;PINHEIROS;GALILEIA;RUA CASTRO ALVES;20;1 - Masculino;PARDA;Arma de Fogo;Curso D'água
50388928;26/02/2023;16:11:16;Homicídio Doloso;SAO MATEUS;IDEAL;RUA DARCY CASTELO;38;1 - Masculino;Não Informado;Arma Branca;Via Pública
50385762;26/02/2023;18:32:59;Homicídio Doloso;CARIACICA;RIO MARINHO;RUA NÃO CADASTRADA;39;2 - Feminino;PARDA;Arma de Fogo;Praça / Parques / Área Pública
50386148;26/02/2023;04:47:03;Homicídio Doloso;VILA VELHA;RIVIERA DA BARRA;RUA GUAÇUI;22;1 - Masculino;BRANCA;Arma de Fogo;Domicílio
50386777;26/02/2023;08:34:20;Homicídio Doloso;SERRA;SERRA DOURADA I;AV ISRAEL;44;1 - Masculino;PARDA;Arma de Fogo;Terreno Baldio / Construção / Mata
50391721;26/02/2023;19:25:16;Homicídio Doloso;ECOPORANGA;VILA NOVA;AV JOSE ASSIS BAETA;59;1 - Masculino;PARDA;Arma Branca;Domicílio
50401204;27/02/2023;17:07:11;Homicídio Doloso;ITAPEMIRIM;CAMPO ACIMA;RUA NÃO CADASTRADA;41;1 - Masculino;PARDA;Arma de Fogo;Estabelecimento Comercial
50403372;27/02/2023;22:44:27;Homicídio Doloso;BAIXO GUANDU;SAPUCAIA;RUA ANTONIO SAMPAIO;13;1 - Masculino;NEGRA;Arma de Fogo;Via Pública
50393424;27/02/2023;00:14:00;Homicídio Doloso;GOVERNADOR LINDENBERG;ZONA RURAL;RUA NÃO CADASTRADA;36;1 - Masculino;PARDA;Arma de Fogo;Curso D'água
50398262;27/02/2023;12:57:00;Homicídio Doloso;SANTA MARIA DE JETIBA;ZONA RURAL;RUA NÃO CADASTRADA;46;1 - Masculino;PARDA;Arma de Fogo;Via Pública
50410695;28/02/2023;15:51:44;Homicídio Doloso;PEDRO CANARIO;NOVO HORIZONTE;RUA CACHOEIRO DE ITAPEMIRIM;48;1 - Masculino;PARDA;Arma de Fogo;Via Pública
50415840;01/03/2023;06:52:47;Homicídio Doloso;SERRA;CIDADE POMAR;ROD BR 101;16;1 - Masculino;NEGRA;Arma de Fogo;Via Pública
50417039;01/03/2023;09:37:32;Homicídio Doloso;PEDRO CANARIO;SAO GERALDO;RUA ECOPORANGA;17;1 - Masculino;PARDA;Arma de Fogo;Via Pública
50432201;02/03/2023;20:12:59;Homicídio Doloso;SAO MATEUS;BOM SUCESSO;RUA 11;53;1 - Masculino;PARDA;Arma Branca;Domicílio
50428442;02/03/2023;12:33:30;Homicídio Doloso;SAO GABRIEL DA PALHA;JARDIM DE INFÂNCIA;RUA 7 DE SETEMBRO;28;1 - Masculino;NEGRA;Arma de Fogo;Via Pública
50433585;02/03/2023;22:58:48;Homicídio Doloso;VILA VELHA;JARDIM DO VALE;AV ACACIAS;40;1 - Masculino;PARDA;Arma de Fogo;Via Pública
50424679;02/03/2023;00:09:43;Homicídio Doloso;CARIACICA;VALE DOS REIS;AV MOXUARA;19;1 - Masculino;PARDA;Arma de Fogo;Terreno Baldio / Construção / Mata
50434515;03/03/2023;05:35:48;Homicídio Doloso;CACHOEIRO DE ITAPEMIRIM;MANGUEIRA;RUA NÃO CADASTRADA;21;1 - Masculino;PARDA;Arma de Fogo;Terreno Baldio / Construção / Mata
50443364;03/03/2023;21:59:20;Homicídio Doloso;SERRA;PARQUE RESIDENCIAL TUBARAO;RUA VARSOVIA;31;1 - Masculino;PARDA;Arma de Fogo;Via Pública
50446120;04/03/2023;07:49:51;Homicídio Doloso;NOVA VENECIA;CORREGO BOA VISTA;RUA NÃO CADASTRADA;25;1 - Masculino;NEGRA;Ignorado / Não Informado;Domicílio
50445183;04/03/2023;03:36:03;Homicídio Doloso;DOMINGOS MARTINS;DISTRITO DE SANTA TEREZINHA;RUA SANTA TEREZINHA;37;2 - Feminino;PARDA;Arma de Fogo;Domicílio
50446498;04/03/2023;08:56:18;Homicídio Doloso;CARIACICA;FLEXAL I;RUA VILA RICA;26;1 - Masculino;PARDA;Arma de Fogo;Domicílio
50462212;05/03/2023;20:04:32;Homicídio Doloso;SERRA;PARQUE JACARAIPE;RUA DIAMANTE;21;1 - Masculino;NEGRA;Arma de Fogo;
50456104;05/03/2023;03:11:23;Homicídio Doloso;VIANA;UNIVERSAL;RUA GETULIO VARGAS;26;1 - Masculino;PARDA;Arma de Fogo;Via Pública
50459277;05/03/2023;13:55:09;Homicídio Doloso;NOVA VENECIA;ZONA RURAL;RODOVIA DO CAFE;59;1 - Masculino;PARDA;Ignorado / Não Informado;Terreno Baldio / Construção / Mata
50469017;06/03/2023;13:40:07;Homicídio Doloso;VILA VELHA;RIO MARINHO;RUA SERRARIA;25;1 - Masculino;NEGRA;Arma de Fogo;Via Pública
50471974;06/03/2023;18:05:59;Homicídio Doloso;PIUMA;SAO JOAO DE IBITIBA;RUA NÃO CADASTRADA;32;1 - Masculino;Não Informado;Arma de Fogo;Via Pública
50475357;07/03/2023;02:44:09;Homicídio Doloso;VILA VELHA;NOVO MEXICO;RUA JORGE MAJESTADE;51;2 - Feminino;PARDA;Arma de Fogo;Domicílio
50485780;08/03/2023;02:41:37;Homicídio Doloso;VITORIA;JABOUR;RUA PROFESSROA ODILA SIMOES;21;1 - Masculino;NEGRA;Arma de Fogo;Via Pública
50490747;08/03/2023;15:50:00;Homicídio Doloso;BAIXO GUANDU;ROSARIO II;RUA CARLOS GOMES;36;1 - Masculino;BRANCA;Objeto Contundente;Domicílio
50487025;08/03/2023;09:29:26;Homicídio Doloso;COLATINA;VICENTE SOELA;RUA MARIA JOSE PEDRONI;65;2 - Feminino;PARDA;Objeto Contundente;Via Pública
50490118;08/03/2023;14:27:50;Homicídio Doloso;BOA ESPERANCA;ZONA RURAL;RUA NÃO CADASTRADA;19;1 - Masculino;PARDA;Arma de Fogo;Domicílio
50498207;09/03/2023;10:42:14;Homicídio Doloso;VILA VELHA;BARRAMARES;RUA NÃO CADASTRADA;22;1 - Masculino;PARDA;Ignorado / Não Informado;Via Pública
50504259;09/03/2023;21:38:35;Homicídio Doloso;LINHARES;REGÊNCIA;RUA RIO PRETO;33;1 - Masculino;PARDA;Arma de Fogo;Via Pública
50504975;09/03/2023;23:34:56;Homicídio Doloso;GUARAPARI;SANTA MARGARIDA;RUA LACERDA DE AGUIAR;39;1 - Masculino;BRANCA;Arma de Fogo;Via Pública
50495477;09/03/2023;01:07:47;Homicídio Doloso;CARIACICA;SAO JOAO BATISTA;RUA SAO JOAO BATISTA;24;1 - Masculino;PARDA;Arma de Fogo;Via Pública
50514035;10/03/2023;18:40:54;Homicídio Doloso;CARIACICA;ITACIBA;RUA LUCIANO SCHIMITTEL;16;1 - Masculino;NEGRA;Arma de Fogo;Via Pública
50515935;10/03/2023;22:46:55;Homicídio Doloso;ALTO RIO NOVO;SANTA BARBARA II;RUA ALCIDES MIGUEL DOS SANTOS;19;1 - Masculino;BRANCA;Arma de Fogo;Domicílio
50517763;11/03/2023;03:46:38;Homicídio Doloso;VILA VELHA;JABURUNA;RUA ALMIRANTE BARROSO;28;1 - Masculino;NEGRA;Arma de Fogo;Via Pública
50521887;11/03/2023;14:06:43;Homicídio Doloso;CARIACICA;JARDIM AMERICA;RUA RIO GRANDE DO SUL;42;1 - Masculino;PARDA;Arma de Fogo;Via Pública
50525036;11/03/2023;18:45:29;Homicídio Doloso;PEDRO CANARIO;NOVO HORIZONTE;RUA ARTHUR GUEDES ALCOFORADO;22;1 - Masculino;PARDA;Arma de Fogo;Praça / Parques / Área Pública
50527472;12/03/2023;00:04:00;Homicídio Doloso;VITORIA;CENTRO;RUA JOSE MARCELINO;26;1 - Masculino;BRANCA;Arma de Fogo;Estabelecimento Comercial
50526340;12/03/2023;07:47:00;Homicídio Doloso;LINHARES;SANTA CRUZ;RUA SEBASTIAO COSTA PINTO;40;1 - Masculino;PARDA;Arma de Fogo;Estabelecimento Comercial
50526474;12/03/2023;11:21:55;Homicídio Doloso;SAO MATEUS;SERNANBY;AV JONES DOS SANTOS NEVES;43;1 - Masculino;PARDA;Arma de Fogo;Via Pública
50536994;13/03/2023;00:36:58;Homicídio Doloso;SERRA;DIVINÓPOLIS;RUA CONSELHEIRO PENA;26;1 - Masculino;BRANCA;Arma de Fogo;Via Pública
50540323;13/03/2023;12:19:16;Homicídio Doloso;VILA VELHA;JABURUNA;RUA VASCO DA GAMA;20;1 - Masculino;PARDA;Arma de Fogo;Domicílio
50545989;13/03/2023;22:42:52;Homicídio Doloso;VILA VELHA;ZUMBI DOS PALMARES;RUA JAIME BARROS;13;1 - Masculino;PARDA;Arma de Fogo;Via Pública
50555833;14/03/2023;22:59:40;Homicídio Doloso;CONCEICAO DA BARRA;ZONA RURAL;RUA NÃO CADASTRADA;19;1 - Masculino;Indeterminada;Arma de Fogo;Terreno Baldio / Construção / Mata
50557076;15/03/2023;08:03:44;Homicídio Doloso;COLATINA;BELA VISTA;RUA IZIDORO LINHAIS;36;2 - Feminino;PARDA;Arma de Fogo;Via Pública
50562328;15/03/2023;17:21:51;Homicídio Doloso;SERRA;FEU ROSA;RUA SARDONIAS;36;2 - Feminino;PARDA;Arma Branca;Curso D'água
50563947;15/03/2023;19:57:29;Homicídio Doloso;ARACRUZ;JACUPEMBA;RUA MARIA ROSSONI;43;1 - Masculino;PARDA;Arma de Fogo;Via Pública
50556714;15/03/2023;06:42:00;Homicídio Doloso;LINHARES;JARDIM LAGUNA;RUA ELVIRA ROSSETO COLODETT;35;1 - Masculino;PARDA;Arma de Fogo;Estabelecimento Comercial
50574945;16/03/2023;21:40:05;Homicídio Doloso;AGUA DOCE DO NORTE;CRISTO REI;RUA PROJETADA;23;1 - Masculino;PARDA;Arma de Fogo;Via Pública
50570730;16/03/2023;14:45:55;Homicídio Doloso;VITORIA;ILHA DO PRÍNCIPE;RUA BRIGIDA NADER;21;1 - Masculino;PARDA;Arma de Fogo;Via Pública
50570730;16/03/2023;14:45:55;Homicídio Doloso;VITORIA;ILHA DO PRÍNCIPE;RUA BRIGIDA NADER;22;1 - Masculino;PARDA;Arma de Fogo;Via Pública
50566539;16/03/2023;06:49:42;Homicídio Doloso;GUARAPARI;NOVA GUARAPARI;ROD PAULO BORGES;36;1 - Masculino;PARDA;Arma de Fogo;Via Pública
50575795;16/03/2023;23:36:20;Homicídio Doloso;AGUA DOCE DO NORTE;PRATINHA;ROD ES 080;21;1 - Masculino;PARDA;Arma de Fogo;Curso D'água
50570518;16/03/2023;14:16:21;Homicídio Doloso;BAIXO GUANDU;ZONA RURAL;ROD ES 164;19;1 - Masculino;Indeterminada;Arma de Fogo;Curso D'água
50576204;17/03/2023;01:03:35;Homicídio Doloso;ALEGRE;CAFE;EST ALEGRE X CAFE;68;1 - Masculino;BRANCA;Arma de Fogo;Via Pública
50576703;17/03/2023;05:39:50;Homicídio Doloso;PINHEIROS;JARDIM PLANALTO;RUA CORREGO DO PLANALTO;28;1 - Masculino;PARDA;Arma de Fogo;Via Pública
50578554;17/03/2023;10:24:35;Homicídio Doloso;PEDRO CANARIO;ZONA RURAL;RUA NÃO CADASTRADA;;;;Arma de Fogo;Terreno Baldio / Construção / Mata
50586704;18/03/2023;02:01:42;Homicídio Doloso;CACHOEIRO DE ITAPEMIRIM;ALTO UNIAO;RUA JULIO CESAR SANTOS;48;1 - Masculino;Indeterminada;Arma de Fogo;Via Pública
50594853;18/03/2023;21:41:40;Homicídio Doloso;FUNDAO;PRAIA GRANDE;ROD ES 010;45;1 - Masculino;PARDA;Arma de Fogo;Terreno Baldio / Construção / Mata
50594262;18/03/2023;20:23:09;Homicídio Doloso;SAO MATEUS;SAO PEDRO;RUA COPA SETENTA;18;1 - Masculino;NEGRA;Arma de Fogo;Estabelecimento Comercial
50598897;19/03/2023;09:38:03;Homicídio Doloso;ITAGUACU;BARRO PRETO;RUA ERIVAN RODRIGUES DA SILVA;24;1 - Masculino;PARDA;Arma de Fogo;Via Pública
50598897;19/03/2023;09:38:03;Homicídio Doloso;ITAGUACU;BARRO PRETO;RUA ERIVAN RODRIGUES DA SILVA;48;2 - Feminino;PARDA;Arma de Fogo;Via Pública
50598250;19/03/2023;07:32:44;Homicídio Doloso;CARIACICA;NOVA ESPERANCA II;RUA BELO HORIZONTE;16;1 - Masculino;NEGRA;Arma de Fogo;Via Pública
50602741;19/03/2023;17:24:02;Homicídio Doloso;SERRA;PLANALTO SERRANO;RUA JOANA DARC;25;1 - Masculino;PARDA;Arma de Fogo;Outros Locais
50603421;19/03/2023;18:52:54;Homicídio Doloso;SERRA;RESIDENCIAL JACARAIPE;AV ALVARENGA PEIXOTO;30;1 - Masculino;PARDA;Arma de Fogo;Domicílio
50598415;19/03/2023;08:09:40;Homicídio Doloso;SAO GABRIEL DA PALHA;SAO SEBASTIAO;RUA MARTINS PEREIRA DIAS;31;2 - Feminino;BRANCA;Arma Branca;Domicílio
50604736;19/03/2023;21:11:42;Homicídio Doloso;VILA VELHA;SAO TORQUATO;RUA BOM JESUS;34;2 - Feminino;NEGRA;Arma Branca;Via Pública
50606754;20/03/2023;05:42:06;Homicídio Doloso;GUARAPARI;AEROPORTO;RUA JOSE KROLING;30;1 - Masculino;NEGRA;Arma de Fogo;Domicílio
50603212;20/03/2023;02:36:25;Homicídio Doloso;IBATIBA;CENTRO;RUA JOAO RODRIGUES VIEIRA;47;1 - Masculino;BRANCA;Arma Branca;Praça / Parques / Área Pública
50606253;20/03/2023;00:49:01;Homicídio Doloso;CASTELO;ESPLANADA;RUA ANTONIO BENTO;29;1 - Masculino;BRANCA;Arma Branca;Via Pública
50617341;21/03/2023;07:29:26;Homicídio Doloso;LINHARES;LAGOA DO MEIO;RUA LIDIA GARCIA DURAO;;;;Amarras;Lago / Lagoa / Represa
50616981;21/03/2023;05:52:30;Homicídio Doloso;VILA VELHA;XURY;EST XURY;15;1 - Masculino;PARDA;Arma de Fogo;Unidade Prisional
50450640;21/03/2023;17:20:00;Homicídio Doloso;VILA PAVAO;ZONA RURAL;RUA NÃO CADASTRADA;44;1 - Masculino;PARDA;Arma Branca;Via Pública
50635593;22/03/2023;21:30:02;Homicídio Doloso;LINHARES;BEBEDOURO;RUA MARIA NAIR DA COSTA;19;1 - Masculino;PARDA;Arma de Fogo;Via Pública
50626746;22/03/2023;04:30:19;Homicídio Doloso;PEDRO CANARIO;CRISTAL DO NORTE;RUA DAS PALMEIRAS;40;1 - Masculino;Indeterminada;Arma Branca;Via Pública
50635692;22/03/2023;21:47:49;Homicídio Doloso;SAO MATEUS;GURIRI;RUA TRINTE E TRES;24;1 - Masculino;Não Informado;Arma de Fogo;Via Pública
50643212;23/03/2023;15:54:49;Homicídio Doloso;SERRA;PLANALTO SERRANO;RUA FUNDÃO;17;1 - Masculino;PARDA;Arma de Fogo;Via Pública
50640894;23/03/2023;12:22:45;Homicídio Doloso;SOORETAMA;SALVADOR;RUA NELSON BALONECK;16;1 - Masculino;PARDA;Arma de Fogo;Terreno Baldio / Construção / Mata
50654676;24/03/2023;17:36:35;Homicídio Doloso;ARACRUZ;PRAIA DO SAUE;RUA BASILIO PIGNATON;52;1 - Masculino;PARDA;Arma de Fogo;Via Pública
50649047;24/03/2023;09:04:23;Homicídio Doloso;VIANA;PRIMAVERA;RUA GALDINO PIMENTEL;23;1 - Masculino;PARDA;Arma de Fogo;Via Pública
50656207;24/03/2023;23:32:11;Homicídio Doloso;CACHOEIRO DE ITAPEMIRIM;VILAGE DA LUZ;RUA LAURO LEMOS;35;1 - Masculino;PARDA;Arma de Fogo;Domicílio
50659339;25/03/2023;05:37:38;Homicídio Doloso;GUARAPARI;ADALBERTO SIMAO NADER;AV JOSE ALCANTARA;26;1 - Masculino;NEGRA;Arma de Fogo;Domicílio
50658293;25/03/2023;01:05:38;Homicídio Doloso;SANTA MARIA DE JETIBA;CENTRO;AV FREDERICO GRULKE;30;1 - Masculino;PARDA;Arma de Fogo;Estabelecimento de Saúde
50658154;25/03/2023;00:39:34;Homicídio Doloso;BARRA DE SAO FRANCISCO;COLINA;RUA PROJETADA 8;29;1 - Masculino;BRANCA;Arma de Fogo;Via Pública
50658700;25/03/2023;04:34:12;Homicídio Doloso;CACHOEIRO DE ITAPEMIRIM;MONTE BELO;RUA HELENA PAES MARCONDES;26;1 - Masculino;PARDA;Arma de Fogo;Via Pública
50666628;25/03/2023;20:18:17;Homicídio Doloso;LINHARES;SANTA CRUZ;AV JOAQUIM CALMON;28;1 - Masculino;PARDA;Arma de Fogo;Terreno Baldio / Construção / Mata
50671897;26/03/2023;15:17:49;Homicídio Doloso;CARIACICA;ITACIBA;RUA GUARAPARI;33;1 - Masculino;PARDA;Arma de Fogo;Via Pública
50677721;26/03/2023;23:10:33;Homicídio Doloso;ARACRUZ;NOVA CONQUISTA II;RUA ANTONIO PINTO NETO;26;1 - Masculino;PARDA;Arma de Fogo;Estabelecimento Comercial
50676243;26/03/2023;20:10:31;Homicídio Doloso;SOORETAMA;SAYONARA;RUA PEROBA;17;2 - Feminino;PARDA;Arma de Fogo;Domicílio
50676243;26/03/2023;20:10:31;Homicídio Doloso;SOORETAMA;SAYONARA;RUA PEROBA;20;1 - Masculino;PARDA;Arma de Fogo;Domicílio
50669667;26/03/2023;02:59:06;Homicídio Doloso;CACHOEIRO DE ITAPEMIRIM;SOTURNO;RUA MANOEL BARBOSA;22;1 - Masculino;NEGRA;Arma de Fogo;Via Pública
50678849;27/03/2023;06:38:04;Homicídio Doloso;LINHARES;CENTRO;RUA NÃO CADASTRADA;;1 - Masculino;PARDA;Arma de Fogo;Via Pública
50684577;27/03/2023;15:54:42;Homicídio Doloso;JAGUARE;CENTRO;RUA NÃO CADASTRADA;22;1 - Masculino;PARDA;Arma de Fogo;Via Pública
50684706;27/03/2023;15:37:27;Homicídio Doloso;BAIXO GUANDU;CENTRO;RUA CANDIDO DE OLIVEIRA;27;1 - Masculino;BRANCA;Arma de Fogo;Estabelecimento Comercial
50678427;27/03/2023;06:30:24;Homicídio Doloso;VILA VELHA;DOM JOAO BATISTA;RUA MANDACARU;30;1 - Masculino;BRANCA;Arma de Fogo;Via Pública
50687377;27/03/2023;20:19:38;Homicídio Doloso;SANTA MARIA DE JETIBA;VILA JETIBA;ROD KURTH KARL LUDWIG;24;1 - Masculino;PARDA;Arma de Fogo;Via Pública
50688197;28/03/2023;00:27:29;Homicídio Doloso;GUACUI;APARECIDA;RUA NÃO CADASTRADA;63;1 - Masculino;NEGRA;Arma Branca;Domicílio
50698403;28/03/2023;22:29:54;Homicídio Doloso;SAO MATEUS;NESTOR GOMES;RUA NÃO CADASTRADA;46;1 - Masculino;PARDA;Arma de Fogo;Via Pública
50690041;28/03/2023;07:53:46;Homicídio Doloso;VILA VELHA;PONTAL DAS GARCAS;ESTRADA DO DIQUE 4;32;1 - Masculino;PARDA;Arma de Fogo;Estabelecimento Comercial
50692905;28/03/2023;12:41:00;Homicídio Doloso;SOORETAMA;SALVADOR;RUA NÃO CADASTRADA;;1 - Masculino;PARDA;Arma de Fogo;Domicílio
50698947;29/03/2023;00:16:42;Homicídio Doloso;VILA VELHA;JARDIM MARILÂNDIA;RUA MARECHAL HUMBERTO ALENCAR;50;1 - Masculino;BRANCA;Arma Branca;Via Pública
50709735;29/03/2023;23:41:11;Homicídio Doloso;COLATINA;NOSSA SENHORA APARECIDA;RUA SÃO PAULO DA CRUZ;17;1 - Masculino;PARDA;Arma de Fogo;Domicílio
50697566;29/03/2023;01:04:42;Homicídio Doloso;LINHARES;SHELL;AV CONTORNO;28;1 - Masculino;PARDA;Arma de Fogo;Via Pública
50711486;30/03/2023;08:41:39;Homicídio Doloso;VILA VELHA;ULISSES GUIMARAES;RUA ALEXANDRE QUEIROZ DA SILVA;22;1 - Masculino;BRANCA;Arma de Fogo;Via Pública
50725786;31/03/2023;15:26:53;Homicídio Doloso;VITORIA;SANTO ANDRE;RUA VINTE E TRES DE ABRIL;16;1 - Masculino;PARDA;Arma de Fogo;Praça / Parques / Área Pública
50723758;31/03/2023;12:02:05;Homicídio Doloso;GUARAPARI;SETIBA;RUA VINTE DE FEVEREIRO;36;1 - Masculino;BRANCA;Arma de Fogo;Mar
50722539;31/03/2023;10:11:59;Homicídio Doloso;FUNDAO;ZONA RURAL;ROD ES 261;33;1 - Masculino;PARDA;Arma de Fogo;Via Pública
50737944;01/04/2023;18:32:30;Homicídio Doloso;PEDRO CANARIO;CAMATA;RUA LUIZ ALVES;45;1 - Masculino;PARDA;Linchamento;Via Pública
50746148;02/04/2023;17:31:49;Homicídio Doloso;ITAPEMIRIM;JOACIMA;RUA PIAUI;29;1 - Masculino;BRANCA;Arma de Fogo;Domicílio
50747022;02/04/2023;19:27:07;Homicídio Doloso;COLATINA;SAO MIGUEL;RUA CARLOS FERNANDO ROSA;23;1 - Masculino;PARDA;Arma de Fogo;Terreno Baldio / Construção / Mata
50741054;02/04/2023;01:05:24;Homicídio Doloso;CONCEICAO DA BARRA;VILA DOS PESCADORES;RUA LINHA VERDE;21;1 - Masculino;NEGRA;Arma de Fogo;Domicílio
50741952;02/04/2023;05:27:59;Homicídio Doloso;GOVERNADOR LINDENBERG;ZONA RURAL;ROD ES 245;27;1 - Masculino;BRANCA;Arma de Fogo;Estabelecimento Comercial
50753760;03/04/2023;14:11:17;Homicídio Doloso;SOORETAMA;SAYONARA;RUA PEQUI;18;1 - Masculino;NEGRA;Arma de Fogo;Via Pública
50748339;03/04/2023;01:15:00;Homicídio Doloso;BARRA DE SAO FRANCISCO;ZONA RURAL;RUA NÃO CADASTRADA;21;1 - Masculino;PARDA;Arma Branca;Via Pública
50757694;03/04/2023;21:03:03;Homicídio Doloso;LINHARES;ZONA RURAL;RUA NÃO CADASTRADA;39;1 - Masculino;NEGRA;Arma de Fogo;Terreno Baldio / Construção / Mata
50778095;05/04/2023;23:09:35;Homicídio Doloso;NOVA VENECIA;SANTA LUZIA;AV BELO HORIZONTE;26;1 - Masculino;PARDA;Arma de Fogo;Via Pública
50773303;05/04/2023;14:27:17;Homicídio Doloso;JAGUARE;SAO ROQUE;RUA NÃO CADASTRADA;35;1 - Masculino;PARDA;Arma de Fogo;Via Pública
50768528;05/04/2023;06:34:00;Homicídio Doloso;VILA VELHA;ZUMBI DOS PALMARES;RUA INDIO CARAJAS;35;1 - Masculino;BRANCA;Arma de Fogo;Via Pública
50787348;06/04/2023;22:58:28;Homicídio Doloso;SERRA;ANDRE CARLONI;RUA RIO PARNAIBA;16;1 - Masculino;PARDA;Arma de Fogo;Domicílio
50787791;06/04/2023;23:44:18;Homicídio Doloso;LINHARES;PLANALTO;AV JOSE FRANCISCO CARMINATTI BACHETI;38;1 - Masculino;BRANCA;Arma de Fogo;Domicílio
50780361;06/04/2023;09:51:41;Homicídio Doloso;MONTANHA;ZONA RURAL;RUA NÃO CADASTRADA;55;1 - Masculino;PARDA;Arma Branca;Domicílio
50790411;07/04/2023;10:49:41;Homicídio Doloso;VILA VELHA;ATAIDE;RUA ANO NOVO;30;1 - Masculino;PARDA;Objeto Contundente;Via Pública
50798642;08/04/2023;04:36:51;Homicídio Doloso;VILA VELHA;ALECRIM;RUA ANA MOSCON;28;1 - Masculino;BRANCA;Arma de Fogo;Via Pública
50799381;08/04/2023;08:18:58;Homicídio Doloso;SERRA;CAMPINHO DA SERRA I;RUA A;26;1 - Masculino;PARDA;Arma de Fogo;Via Pública
50799166;08/04/2023;15:35:42;Homicídio Doloso;SERRA;CIVIT II;AV TALMA RODRIGUES RIBEIRO;25;1 - Masculino;NEGRA;Arma de Fogo;Terreno Baldio / Construção / Mata
50799417;08/04/2023;08:29:30;Homicídio Doloso;SERRA;COLINA DE LARANJEIRAS;RUA DOM PEDRO II;35;1 - Masculino;BRANCA;Arma de Fogo;Domicílio
50815935;09/04/2023;22:00:43;Homicídio Doloso;NOVA VENECIA;SAO CRISTOVAO;RUA W2;32;1 - Masculino;NEGRA;Arma de Fogo;Via Pública
50807449;09/04/2023;00:06:55;Homicídio Doloso;IBITIRAMA;ZONA RURAL;ROD ES 185;41;2 - Feminino;Indeterminada;Arma de Fogo;Terreno Baldio / Construção / Mata
50810080;09/04/2023;09:47:00;Homicídio Doloso;MARATAIZES;ZONA RURAL;RUA NÃO CADASTRADA;34;1 - Masculino;PARDA;Arma de Fogo;Via Pública
50811533;09/04/2023;13:08:23;Homicídio Doloso;GUARAPARI;ZONA RURAL;ROD ES 060;31;1 - Masculino;BRANCA;Arma de Fogo;Via Pública
50817146;10/04/2023;02:16:12;Homicídio Doloso;MARECHAL FLORIANO;CENTRO;RUA ARTHUR HESE;40;1 - Masculino;BRANCA;Arma Branca;Via Pública
50816857;10/04/2023;00:27:43;Homicídio Doloso;SAO GABRIEL DA PALHA;SANTA CECÍLIA;RUA MANOEL DA SILVA;29;1 - Masculino;NEGRA;Arma de Fogo;Terreno Baldio / Construção / Mata
50821911;10/04/2023;14:02:17;Homicídio Doloso;VILA VELHA;SANTA RITA;RUA PAULO NEVES;24;1 - Masculino;PARDA;Arma de Fogo;Via Pública
50824023;10/04/2023;16:15:24;Homicídio Doloso;ARACRUZ;SAO CLEMENTE;RUA SANTA LUZIA;23;1 - Masculino;PARDA;Arma de Fogo;Curso D'água
50830911;11/04/2023;10:52:44;Homicídio Doloso;ECOPORANGA;AGUA BRANCA;RUA NÃO CADASTRADA;60;2 - Feminino;BRANCA;Objeto Contundente;Via Pública
50842296;12/04/2023;13:25:00;Homicídio Doloso;JAGUARE;BARRA SECA VELHA;RUA NÃO CADASTRADA;48;1 - Masculino;PARDA;Arma Branca;Domicílio
50839015;12/04/2023;08:15:00;Homicídio Doloso;SERRA;FEU ROSA;RUA ESPERANÇA;41;1 - Masculino;BRANCA;Arma de Fogo;Domicílio
50848626;13/04/2023;06:15:00;Homicídio Doloso;COLATINA;BELA VISTA;RUA JOSE TEIXEIRA ROCHA;;;;Arma de Fogo;Via Pública
50863019;14/04/2023;12:50:20;Homicídio Doloso;VILA VELHA;SANTA MÔNICA;AV JOAO MENDES;23;1 - Masculino;PARDA;Arma de Fogo;Via Pública
50870861;15/04/2023;04:19:52;Homicídio Doloso;SANTA LEOPOLDINA;CENTRO;AV PRESIDENTE VARGAS;34;1 - Masculino;PARDA;Arma de Fogo;Via Pública
50870661;15/04/2023;02:48:00;Homicídio Doloso;VITORIA;MARIA ORTIZ;RUA OURO PRETO;44;2 - Feminino;PARDA;Arma Branca;Via Pública
50880797;16/04/2023;01:37:00;Homicídio Doloso;VITORIA;MARIO CYPRESTE;AV DARIO LOURENÇO DE SOUZA;32;1 - Masculino;PARDA;Arma de Fogo;Domicílio
50881004;16/04/2023;02:38:47;Homicídio Doloso;SERRA;NOVA CARAPINA II;AV MURIE;19;1 - Masculino;PARDA;Arma de Fogo;Curso D'água
50881184;16/04/2023;03:32:00;Homicídio Doloso;VILA VELHA;ULISSES GUIMARAES;RUA PADRE GABRIEL;22;1 - Masculino;PARDA;Arma de Fogo;Via Pública
50881184;16/04/2023;03:32:00;Homicídio Doloso;VILA VELHA;ULISSES GUIMARAES;RUA PADRE GABRIEL;23;1 - Masculino;PARDA;Arma de Fogo;Via Pública
50892025;17/04/2023;12:05:57;Homicídio Doloso;ARACRUZ;BELA VISTA;RUA FELISBERTO MODENESI;16;1 - Masculino;NEGRA;Arma de Fogo;Via Pública
50889559;17/04/2023;03:02:02;Homicídio Doloso;VITORIA;JARDIM CAMBURI;AV AUGUSTO EMILIO ESTELITA LINS;37;1 - Masculino;BRANCA;Arma de Fogo;Domicílio
50896173;17/04/2023;20:03:12;Homicídio Doloso;VILA VELHA;RIO MARINHO;RUA TEOLANDIA;32;1 - Masculino;PARDA;Arma de Fogo;Via Pública
50903840;18/04/2023;15:03:55;Homicídio Doloso;SAO MATEUS;SANTA ROSA DE LIMA;RUA NÃO INFORMADA;63;1 - Masculino;NEGRA;Arma Branca;Domicílio
50908946;18/04/2023;23:28:25;Homicídio Doloso;CARIACICA;SAO FRANCISCO;RUA DAS ALFAZEMAS;18;1 - Masculino;PARDA;Arma de Fogo;Via Pública
50908946;18/04/2023;23:28:25;Homicídio Doloso;CARIACICA;SAO FRANCISCO;RUA DAS ALFAZEMAS;21;1 - Masculino;NEGRA;Arma de Fogo;Via Pública
51270815;18/04/2023;22:25:49;Homicídio Doloso;BOA ESPERANCA;ZONA RURAL;RUA CURITIBA;23;1 - Masculino;PARDA;Arma de Fogo;Domicílio
50911315;19/04/2023;07:35:00;Homicídio Doloso;VILA VELHA;BARRAMARES;AV PRESIDENTE KENNEDY;18;1 - Masculino;PARDA;Arma de Fogo;Via Pública
50909129;19/04/2023;00:04:00;Homicídio Doloso;SERRA;JARDIM ATLÂNTICO;AV NOSSA SENHORA DOS NAVEGANTES;55;1 - Masculino;PARDA;Arma de Fogo;Via Pública
50919709;19/04/2023;23:53:54;Homicídio Doloso;VITORIA;MARIA ORTIZ;RUA PROFESSORA LARENTINA SILVA CARNEIRO;54;1 - Masculino;PARDA;Arma de Fogo;Via Pública
50919030;19/04/2023;21:30:00;Homicídio Doloso;COLATINA;SANTO ANTÔNIO;BECO GONÇALVES LEDO;27;2 - Feminino;PARDA;Arma de Fogo;Via Pública
50909789;19/04/2023;05:29:00;Homicídio Doloso;CARIACICA;SAO FRANCISCO;RUA ANA TOLEDO;19;1 - Masculino;PARDA;Arma de Fogo;Via Pública
50911764;19/04/2023;10:31:00;Homicídio Doloso;SERRA;VILA NOVA DE COLARES;RUA PRESIDENTE COSTA E SILVA;24;1 - Masculino;NEGRA;Arma de Fogo;Domicílio
50920022;20/04/2023;00:33:00;Homicídio Doloso;ALEGRE;ZONA RURAL;RUA NÃO CADASTRADA;36;1 - Masculino;PARDA;Arma de Fogo;Via Pública
50939881;21/04/2023;23:17:43;Homicídio Doloso;VILA VELHA;BARRAMARES;RUA BOA VISTA;25;1 - Masculino;PARDA;Arma de Fogo;Estabelecimento Comercial
50930478;21/04/2023;00:23:00;Homicídio Doloso;VITORIA;CENTRO;RUA HENRIQUE COUTINHO;19;1 - Masculino;PARDA;Arma de Fogo;Via Pública
50934570;21/04/2023;14:34:57;Homicídio Doloso;VITORIA;DA PENHA;ESC GILBERTO PEREIRA DOS SANTOS;34;1 - Masculino;NEGRA;Arma de Fogo;Via Pública
50931337;21/04/2023;05:54:38;Homicídio Doloso;VITORIA;SANTO ANTÔNIO;ROD SERAFIM DERENZI;22;2 - Feminino;PARDA;Arma de Fogo;Via Pública
50931337;21/04/2023;05:54:38;Homicídio Doloso;VITORIA;SANTO ANTÔNIO;ROD SERAFIM DERENZI;29;1 - Masculino;NEGRA;Arma de Fogo;Via Pública
50934287;21/04/2023;13:55:30;Homicídio Doloso;JAGUARE;SAO ROQUE;RUA NÃO CADASTRADA;32;1 - Masculino;PARDA;Arma de Fogo;Domicílio
50943170;22/04/2023;13:08:35;Homicídio Doloso;COLATINA;SANTO ANTÔNIO;RUA JOAQUIM NABUCO;18;1 - Masculino;PARDA;Arma de Fogo;Estabelecimento Comercial
50943197;22/04/2023;13:14:35;Homicídio Doloso;VILA VELHA;ULISSES GUIMARAES;RUA OITI;24;1 - Masculino;PARDA;Arma de Fogo;Domicílio
50952927;23/04/2023;15:24:32;Homicídio Doloso;VILA VELHA;ATAIDE;RUA 6;16;1 - Masculino;NEGRA;Arma de Fogo;Via Pública
50950053;23/04/2023;07:40:08;Homicídio Doloso;VITORIA;BELA VISTA;RUA DR IVAN RAMOS MEDEIROS;30;1 - Masculino;PARDA;Arma de Fogo;Via Pública
50954688;23/04/2023;19:09:21;Homicídio Doloso;AGUA DOCE DO NORTE;CENTRO;RUA MERÇON VIEIRA;40;1 - Masculino;PARDA;Arma Branca;Domicílio
50955144;23/04/2023;20:13:56;Homicídio Doloso;VILA VALERIO;NOSSA SENHROA DA PENHA;RUA INDUSTRIAL;24;1 - Masculino;PARDA;Arma de Fogo;Outros Locais
50971069;25/04/2023;14:36:02;Homicídio Doloso;CARIACICA;SANTANA;RUA ANDRE DO ESPIRITO SANTO;20;1 - Masculino;BRANCA;Arma de Fogo;Via Pública
50975615;26/04/2023;01:41:44;Homicídio Doloso;LINHARES;RIO QUARTEL;RUA NÃO CADASTRADA;52;1 - Masculino;PARDA;Arma Branca;Domicílio
50991819;27/04/2023;16:31:42;Homicídio Doloso;SERRA;BAIRRO DAS LARANJEIRAS;RUA TIMBIRA;20;1 - Masculino;PARDA;Arma de Fogo;Via Pública
50994097;27/04/2023;22:10:00;Homicídio Doloso;ARACRUZ;NOVA CONQUISTA;RUA NÃO CADASTRADA;16;1 - Masculino;PARDA;Arma de Fogo;Via Pública
50994469;27/04/2023;21:17:00;Homicídio Doloso;VILA PAVAO;NOVA MUNIQUE;RUA GERMANO LINHARES;73;1 - Masculino;PARDA;Arma Branca;Via Pública
50991914;27/04/2023;16:39:00;Homicídio Doloso;PRESIDENTE KENNEDY;SAO PAULO;RUA NÃO CADASTRADA;29;1 - Masculino;PARDA;Arma de Fogo;Via Pública
50990834;27/04/2023;14:55:04;Homicídio Doloso;CONCEICAO DA BARRA;VILA DOS PESCADORES;RUA HONORIO DA SILVA MONTEIRO;63;1 - Masculino;PARDA;Arma Branca;Via Pública
50986489;27/04/2023;07:38:00;Homicídio Doloso;IBATIBA;ZONA RURAL;RUA NÃO CADASTRADA;38;1 - Masculino;BRANCA;Arma de Fogo;Domicílio
50997027;28/04/2023;08:49:00;Homicídio Doloso;VIANA;ZONA RURAL;RUA NÃO INFORMADA;45;1 - Masculino;PARDA;Arma de Fogo;Via Pública
51003364;28/04/2023;19:03:41;Homicídio Doloso;BREJETUBA;ZONA RURAL;RUA NÃO INFORMADA;44;1 - Masculino;PARDA;Arma de Fogo;Domicílio
51014331;29/04/2023;20:14:17;Homicídio Doloso;ITAPEMIRIM;ITAOCA;RUA ARTHUR MENEGARDO;37;1 - Masculino;PARDA;Arma de Fogo;Domicílio
51008933;29/04/2023;08:25:00;Homicídio Doloso;SOORETAMA;RESERVA DA VALE;ROD BR 101, KM 116;22;1 - Masculino;BRANCA;Arma de Fogo;Via Pública
51018559;30/04/2023;07:33:00;Homicídio Doloso;VILA VELHA;ARACAS;ROD DARLY SANTOS;58;1 - Masculino;BRANCA;Arma de Fogo;Via Pública
51018995;30/04/2023;09:54:30;Homicídio Doloso;IRUPI;AVENTUREIRO;RUA NÃO CADASTRADA;47;1 - Masculino;PARDA;Arma de Fogo;Via Pública
51017284;30/04/2023;01:00:47;Homicídio Doloso;BAIXO GUANDU;IBITUBA;RUA NÃO INFORMADA;28;1 - Masculino;NEGRA;Arma de Fogo;Estabelecimento Comercial
51017389;30/04/2023;01:17:00;Homicídio Doloso;BARRA DE SAO FRANCISCO;MONTE SENIR;RUA FRANCISCO ANDRADE;53;2 - Feminino;Indeterminada;Arma Branca;Via Pública
51021438;30/04/2023;14:47:04;Homicídio Doloso;CARIACICA;NOVA VALVERDE;RUA MARIA MATILDE;23;1 - Masculino;PARDA;Arma de Fogo;Domicílio
51017479;30/04/2023;01:42:00;Homicídio Doloso;CARIACICA;VILA PRUDÊNCIO;AV VISCONDE DO RIO BRANCO;44;1 - Masculino;NEGRA;Arma de Fogo;Terreno Baldio / Construção / Mata
51028561;01/05/2023;12:04:36;Homicídio Doloso;VILA VELHA;ATAÍDE;RUA EMYDIO FERREIRA SACRAMENTO;;1 - Masculino;Indeterminada;Ignorado / Não Informado;Via Pública
51029764;01/05/2023;14:44:24;Homicídio Doloso;LINHARES;NOVA ESPERANCA;ALAMEDA BOA SRTE;25;1 - Masculino;PARDA;Arma de Fogo;Domicílio
51026673;01/05/2023;03:32:28;Homicídio Doloso;CARIACICA;SANTANA;RUA MARIO SANTANA;29;1 - Masculino;PARDA;Arma de Fogo;Domicílio
51028170;01/05/2023;10:51:37;Homicídio Doloso;BREJETUBA;ZONA RURAL;RUA NÃO CADASTRADA;26;1 - Masculino;NEGRA;Arma Branca;Terreno Baldio / Construção / Mata
51021225;02/05/2023;12:43:35;Homicídio Doloso;CARIACICA;NOVA ESPERANCA;AV UNIAO;25;1 - Masculino;PARDA;Arma de Fogo;Estabelecimento Comercial
51052101;03/05/2023;20:45:35;Homicídio Doloso;SOORETAMA;CENTRO;RUA 03 DE MAIO;48;2 - Feminino;NEGRA;Arma Branca;Domicílio
51051743;03/05/2023;19:18:32;Homicídio Doloso;VILA VELHA;JARDIM MARILÂNDIA;RUA DIVINOLANDIA;22;1 - Masculino;BRANCA;Arma de Fogo;Domicílio
51044597;03/05/2023;09:10:30;Homicídio Doloso;LINHARES;SANTA CRUZ;AV JOAQUIM CALMON;17;1 - Masculino;NEGRA;Arma de Fogo;Via Pública
51066497;04/05/2023;22:52:05;Homicídio Doloso;MARATAIZES;BARRA DE ITAPEMIRIM;RUA MARIA JORGE VIANA;31;1 - Masculino;Indeterminada;Arma de Fogo;Via Pública
51057777;04/05/2023;14:26:11;Homicídio Doloso;ITAPEMIRIM;LIMAO;RUA NÃO CADASTRADA;32;1 - Masculino;PARDA;Arma de Fogo;Curso D'água
51056224;04/05/2023;10:47:08;Homicídio Doloso;IUNA;PITO;RUA VALBER CECILIO PINHEIRO;73;1 - Masculino;BRANCA;Arma Branca;Via Pública
51073103;05/05/2023;20:03:57;Homicídio Doloso;SAO MATEUS;ZONA RURAL;RUA NÃO CADASTRADA;36;1 - Masculino;PARDA;Arma de Fogo;Via Pública
51190730;06/05/2023;18:38:26;Homicídio Doloso;CARIACICA;CAMPO BELO;ROD LESTE OESTE;37;1 - Masculino;PARDA;Arma de Fogo;Via Pública
51076486;06/05/2023;03:31:31;Homicídio Doloso;LINHARES;CANIVETE;AV TIRADENTES;31;1 - Masculino;PARDA;Arma de Fogo;Domicílio
51083492;06/05/2023;20:09:32;Homicídio Doloso;VILA VELHA;DOM JOAO BATISTA;RUA VASCO ALVES;15;1 - Masculino;BRANCA;Arma de Fogo;Via Pública
51083492;06/05/2023;20:07:12;Homicídio Doloso;VILA VELHA;DOM JOAO BATISTA;RUA VASCO ALVES;17;1 - Masculino;PARDA;Arma de Fogo;Via Pública
51076743;06/05/2023;05:58:45;Homicídio Doloso;CARIACICA;JARDIM AMERICA;AV MARIO GURGEL;32;1 - Masculino;NEGRA;ESPANCAMENTO;Domicílio
51092839;07/05/2023;19:15:44;Homicídio Doloso;SAO MATEUS;AROEIRA;RUA DO LIMAO;30;1 - Masculino;PARDA;Arma Branca;Via Pública
51089553;07/05/2023;13:19:24;Homicídio Doloso;CARIACICA;PADRE GABRIEL;RUA NÃO CADASTRADA;24;1 - Masculino;PARDA;Linchamento;Domicílio
51087773;07/05/2023;07:45:23;Homicídio Doloso;SERRA;PLANALTO SERRANO;AV SAO GERALDO;23;1 - Masculino;PARDA;Arma de Fogo;Via Pública
51087823;07/05/2023;08:48:19;Homicídio Doloso;FUNDAO;TRÊS BARRAS;RUA NÃO CADASTRADA;25;1 - Masculino;PARDA;Arma de Fogo;Domicílio
51074653;07/05/2023;06:20:18;Homicídio Doloso;BAIXO GUANDU;VALPARAISO;RUA ALMIR RABI;18;1 - Masculino;PARDA;Arma de Fogo;Via Pública
51089666;07/05/2023;17:07:45;Homicídio Doloso;CACHOEIRO DE ITAPEMIRIM;VILAGE DA LUZ;RUA NÃO CADASTRADA;59;1 - Masculino;Indeterminada;Arma Branca;Terreno Baldio / Construção / Mata
51094655;07/05/2023;23:19:45;Homicídio Doloso;BARRA DE SAO FRANCISCO;ZONA RURAL;RUA NÃO CADASTRADA;52;1 - Masculino;PARDA;Arma de Fogo;Domicílio
51101006;08/05/2023;15:27:37;Homicídio Doloso;LINHARES;BEBEDOURO;RUA JOSE JOAQUIM DOS SANTOS;35;1 - Masculino;PARDA;Arma de Fogo;Via Pública
51504425;08/05/2023;20:42:54;Homicídio Doloso;CARIACICA;ITACIBA;RUA NÃO CADASTRADA;17;1 - Masculino;PARDA;Arma de Fogo;Via Pública
51115528;09/05/2023;22:53:00;Homicídio Doloso;SAO GABRIEL DA PALHA;AIMORES;AV BARTIMEO GOMES DE AGUIAR;17;1 - Masculino;PARDA;Arma de Fogo;Via Pública
51114706;09/05/2023;20:38:43;Homicídio Doloso;SOORETAMA;SALVADOR;RUA ESMERALDINA SIMPLICIO;29;2 - Feminino;PARDA;Arma de Fogo;Domicílio
51115953;09/05/2023;23:23:00;Homicídio Doloso;SOORETAMA;SALVADOR;AV VILMO GUIZANI;53;1 - Masculino;PARDA;Arma de Fogo;Via Pública
51121836;10/05/2023;15:45:04;Homicídio Doloso;MARATAIZES;CIDADE NOVA;RUA ANTENOR DOS SANTOS GALANTE;27;2 - Feminino;BRANCA;Arma de Fogo;Terreno Baldio / Construção / Mata
51120101;10/05/2023;13:09:41;Homicídio Doloso;CARIACICA;PLANETA;RUA BARAO DO ITAPEMIRIM;26;1 - Masculino;NEGRA;Arma de Fogo;Via Pública
51120254;10/05/2023;14:23:46;Homicídio Doloso;LINHARES;POVOACAO;RUA NÃO CADASTRADA;26;1 - Masculino;PARDA;Arma de Fogo;Via Pública
51116995;10/05/2023;07:39:08;Homicídio Doloso;VILA VELHA;SAO CONRADO;RUA ESPARBATE;39;1 - Masculino;BRANCA;ESPANCAMENTO;Domicílio
51120115;10/05/2023;15:50:53;Homicídio Doloso;VILA VELHA;VALE ENCANTADO;RUA CORREGO GRANDE;19;1 - Masculino;PARDA;Arma de Fogo;Terreno Baldio / Construção / Mata
51135833;11/05/2023;22:22:21;Homicídio Doloso;CARIACICA;SANTO ANTÔNIO;AV SAO PAULO;40;1 - Masculino;PARDA;Arma de Fogo;Terreno Baldio / Construção / Mata
51126682;11/05/2023;04:51:41;Homicídio Doloso;NOVA VENECIA;ZONA RURAL;RUA NÃO CADASTRADA;51;1 - Masculino;BRANCA;Arma de Fogo;Domicílio
51139230;12/05/2023;13:50:45;Homicídio Doloso;CARIACICA;ITACIBA;RUA HERNESTO PEREIRA GOMES;45;1 - Masculino;PARDA;Arma de Fogo;Via Pública
51150604;13/05/2023;12:29:05;Homicídio Doloso;VILA VELHA;ALECRIM;RUA IRENE LORENZONI;37;1 - Masculino;PARDA;Arma de Fogo;Via Pública
51153874;13/05/2023;19:18:56;Homicídio Doloso;VILA VALERIO;NOSSA SENHORA DA PENHA;RUA CRETO BISHINER;56;1 - Masculino;PARDA;Arma de Fogo;Ponte / Viaduto
51164184;14/05/2023;22:25:46;Homicídio Doloso;JERONIMO MONTEIRO;AGROCERES;RUA NÃO CADASTRADA;29;1 - Masculino;Indeterminada;Arma de Fogo;Via Pública
51156388;14/05/2023;04:22:05;Homicídio Doloso;VILA VELHA;ALECRIM;RUA IRENE LORENZONI;31;1 - Masculino;PARDA;Arma de Fogo;Via Pública
51158053;14/05/2023;09:54:07;Homicídio Doloso;LINHARES;AVISO;RUA EDINA FERREGUETI;25;1 - Masculino;PARDA;Arma de Fogo;Via Pública
51156907;14/05/2023;03:49:34;Homicídio Doloso;SERRA;NOVO HORIZONTE;AV BRASIL;19;1 - Masculino;NEGRA;Arma de Fogo;Via Pública
51157271;14/05/2023;04:57:26;Homicídio Doloso;CACHOEIRO DE ITAPEMIRIM;PARQUE DAS LARANJEIRAS;RUA GUSTAVO BORGES DE FARIAS;41;1 - Masculino;PARDA;Arma de Fogo;Praça / Parques / Área Pública
51156752;14/05/2023;04:39:50;Homicídio Doloso;SOORETAMA;SALVADOR;RUA IPE AMARELO;35;1 - Masculino;NEGRA;Arma de Fogo;Domicílio
51174247;15/05/2023;19:48:12;Homicídio Doloso;CACHOEIRO DE ITAPEMIRIM;AMARAL;RUA MATHEUS CONDE;35;2 - Feminino;BRANCA;Arma de Fogo;Via Pública
51172324;15/05/2023;17:21:38;Homicídio Doloso;VITORIA;CENTRO;RUA GAMA ROSA;24;2 - Feminino;BRANCA;Arma Branca;Terreno Baldio / Construção / Mata
51175445;15/05/2023;22:15:55;Homicídio Doloso;COLATINA;SANTO ANTÔNIO;RUA UNIVERSAL;16;1 - Masculino;PARDA;Arma de Fogo;Via Pública
51177549;16/05/2023;09:55:43;Homicídio Doloso;LINHARES;BANANAL DO SUL;RUA NÃO CADASTRADA;54;1 - Masculino;NEGRA;Ignorado / Não Informado;Via Pública
51176760;16/05/2023;07:36:31;Homicídio Doloso;VITORIA;CONSOLACAO;RUA AURORA MARIA ZANOTI;34;1 - Masculino;PARDA;Arma de Fogo;Via Pública
51179477;16/05/2023;12:25:43;Homicídio Doloso;SERRA;HELIO FERRAZ;X;22;1 - Masculino;PARDA;AFOGAMENTO;Via Pública
51182174;16/05/2023;16:20:09;Homicídio Doloso;CARIACICA;VILA PRUDÊNCIO;RUA DOM PEDRO I;30;1 - Masculino;NEGRA;Arma de Fogo;Domicílio
51190730;17/05/2023;15:18:37;Homicídio Doloso;CARIACICA;CAMPO BELO;ROD LESTE OESTE;38;1 - Masculino;BRANCA;Arma de Fogo;Via Pública
51187262;17/05/2023;07:47:42;Homicídio Doloso;MANTENOPOLIS;IPIRANGA;RUA PROJETADA;36;1 - Masculino;PARDA;Arma de Fogo;Domicílio
51196520;18/05/2023;08:55:18;Homicídio Doloso;VILA VELHA;GLÓRIA;RUA MESTRE GOMES;31;1 - Masculino;PARDA;Arma de Fogo;Via Pública
51195739;18/05/2023;01:09:06;Homicídio Doloso;LINHARES;NOVA ESPERANCA;RUA BROMELIAS;39;1 - Masculino;NEGRA;Arma Branca;Domicílio
51208576;19/05/2023;12:26:50;Homicídio Doloso;VILA VELHA;ALECRIM;RUA IRENE LORENZONI;41;1 - Masculino;PARDA;Arma de Fogo;Via Pública
51213057;19/05/2023;19:46:18;Homicídio Doloso;ECOPORANGA;VILA NOVA;RUA DA ESQUERDA;32;1 - Masculino;PARDA;Arma de Fogo;Domicílio
51216571;20/05/2023;08:26:48;Homicídio Doloso;VILA VELHA;BOA VISTA I;RUA JOSE DE ALENCAR;39;1 - Masculino;NEGRA;Arma de Fogo;Via Pública
51223694;20/05/2023;21:48:00;Homicídio Doloso;AGUIA BRANCA;CÓRREGO DAS FLORES;ROD ES 334;24;1 - Masculino;PARDA;Arma Branca;Domicílio
51226314;21/05/2023;07:56:01;Homicídio Doloso;VILA VELHA;CIDADE DA BARRA;RUA ALVARES AZEVEDO;36;1 - Masculino;PARDA;Arma de Fogo;Via Pública
51227028;21/05/2023;09:54:05;Homicídio Doloso;SERRA;SAO DOMINGOS;ROD AUDIFAX BARCELOS;25;1 - Masculino;PARDA;Arma de Fogo;Via Pública
51230446;21/05/2023;17:55:32;Homicídio Doloso;VILA VELHA;SOTECO;RUA VISCONDE TAUNAY;40;1 - Masculino;PARDA;Arma de Fogo;Via Pública
51235556;22/05/2023;13:11:11;Homicídio Doloso;CARIACICA;JARDIM CAMPO GRANDE;RUA NÃO CADASTRADA;15;1 - Masculino;NEGRA;Arma de Fogo;Terreno Baldio / Construção / Mata
51235556;22/05/2023;13:11:11;Homicídio Doloso;CARIACICA;JARDIM CAMPO GRANDE;RUA NÃO CADASTRADA;15;1 - Masculino;PARDA;Arma de Fogo;Terreno Baldio / Construção / Mata
51234466;22/05/2023;11:16:11;Homicídio Doloso;SERRA;RESIDENCIAL CENTRO DA SERRA;AV AUDIFAX BARCELOS;38;1 - Masculino;Indeterminada;Arma de Fogo;Via Pública
51250205;24/05/2023;07:22:52;Homicídio Doloso;VILA VELHA;NOSSA SENHORA DA PENHA;AV CARLOS LINDENBERG;58;1 - Masculino;PARDA;Objeto Contundente;Via Pública
51258489;24/05/2023;22:17:23;Homicídio Doloso;CONCEICAO DA BARRA;SAYONARA;ROD BR 101;27;1 - Masculino;PARDA;Arma de Fogo;Domicílio
51249548;24/05/2023;00:15:14;Homicídio Doloso;LARANJA DA TERRA;SOBREIRO;ROD ES 165;42;1 - Masculino;PARDA;Arma de Fogo;Domicílio
51267210;25/05/2023;21:01:42;Homicídio Doloso;VITORIA;MORRO DO QUADRO;RUA SAO BARTOLOMEU;50;1 - Masculino;PARDA;Arma de Fogo;Via Pública
51260331;25/05/2023;09:32:02;Homicídio Doloso;MIMOSO DO SUL;PRATINHA;RUA NÃO CADASTRADA;48;1 - Masculino;PARDA;Ignorado / Não Informado;Estabelecimento Comercial
51270815;26/05/2023;07:43:08;Homicídio Doloso;BOA ESPERANCA;ZONA RURAL;RUA CURITIBA;30;1 - Masculino;PARDA;Arma de Fogo;Domicílio
51283666;27/05/2023;13:02:59;Homicídio Doloso;COLATINA;AYRTON SENNA;RUA AGNALDO AMBROSINI;17;1 - Masculino;PARDA;Arma de Fogo;Via Pública
51292141;28/05/2023;08:16:39;Homicídio Doloso;LINHARES;CENTRO;AV JOÃO CALMON;51;1 - Masculino;PARDA;Arma de Fogo;Estabelecimento Comercial
51291864;28/05/2023;06:06:34;Homicídio Doloso;IBATIBA;ZONA RURAL;ROD BR 262;25;1 - Masculino;PARDA;Arma de Fogo;Via Pública
51297228;28/05/2023;20:32:18;Homicídio Doloso;CACHOEIRO DE ITAPEMIRIM;ZUMBI;RUA IVAN DE SOUZA;21;1 - Masculino;PARDA;Arma de Fogo;Domicílio
51307223;29/05/2023;21:40:30;Homicídio Doloso;ALFREDO CHAVES;APARECIDA;RUA NÃO CADASTRADA;42;1 - Masculino;BRANCA;Arma de Fogo;Domicílio
51312209;30/05/2023;14:06:43;Homicídio Doloso;LINHARES;NOVA ESPERANCA;RUA ALAMEDA COM JARDIM;55;1 - Masculino;NEGRA;Objeto Contundente;Via Pública
51311244;30/05/2023;12:15:26;Homicídio Doloso;SERRA;SAO LOURENCO;RUA NÃO CADASTRADA;26;1 - Masculino;PARDA;Arma de Fogo;Via Pública
51318953;31/05/2023;07:45:10;Homicídio Doloso;GUACUI;SAO PEDRO DE RATES;RUA SEBASTIÃO DIAS FERREIRA;74;1 - Masculino;Indeterminada;Arma de Fogo;Domicílio
51321486;31/05/2023;12:11:13;Homicídio Doloso;SERRA;TAQUARA I;RUA DOS PASSAROS;22;1 - Masculino;PARDA;Arma de Fogo;Via Pública
51337681;02/06/2023;02:32:07;Homicídio Doloso;LINHARES;AVISO;RUA NÃO CADASTRADA;37;1 - Masculino;PARDA;Arma de Fogo;Via Pública
51347295;02/06/2023;23:36:34;Homicídio Doloso;COLATINA;AYRTON SENNA;AV PADRE ACACIO VALENTIM DE MORAES;25;1 - Masculino;PARDA;Arma de Fogo;Via Pública
51346011;02/06/2023;20:51:40;Homicídio Doloso;CACHOEIRO DE ITAPEMIRIM;CAMPO DA LEOPOLDINA;RUA ARISTIDES CAMPOS;29;1 - Masculino;PARDA;Arma de Fogo;Via Pública
51337621;02/06/2023;02:08:53;Homicídio Doloso;CARIACICA;MUCURI;RUA CASTANHEIRA;37;1 - Masculino;PARDA;Arma de Fogo;Via Pública
51355183;03/06/2023;19:58:45;Homicídio Doloso;PEDRO CANARIO;CRISTAL DO NORTE;RUA NÃO CADASTRADA;21;1 - Masculino;PARDA;Arma de Fogo;Domicílio
51348735;03/06/2023;05:20:43;Homicídio Doloso;VILA VELHA;GLORIA;RUA MESTRE GOMES;34;1 - Masculino;PARDA;Arma de Fogo;Via Pública
51348595;03/06/2023;04:06:42;Homicídio Doloso;LINHARES;JOCAFE I;RUA ANTONIO MACHADO;20;1 - Masculino;NEGRA;Arma de Fogo;Mar
51355364;03/06/2023;20:10:30;Homicídio Doloso;CACHOEIRO DE ITAPEMIRIM;SANTA ROSA;ROD GUMERCINDO MOURA NUNES;49;1 - Masculino;BRANCA;Arma de Fogo;Terreno Baldio / Construção / Mata
51348674;03/06/2023;04:45:59;Homicídio Doloso;SAO MATEUS;SEAC;RUA Y;24;1 - Masculino;PARDA;Arma de Fogo;Via Pública
51360219;04/06/2023;06:40:08;Homicídio Doloso;CARIACICA;CASTELO BRANCO;RUA GERSON CAMATA;28;1 - Masculino;PARDA;Arma de Fogo;Via Pública
51366300;04/06/2023;21:15:40;Homicídio Doloso;BARRA DE SAO FRANCISCO;CORREGO DO TATU;ESTRADA PRINCIPAL;35;2 - Feminino;PARDA;Arma de Fogo;Estabelecimento Comercial
51360083;04/06/2023;09:22:07;Homicídio Doloso;VILA VALERIO;CORREGO SAO JOSE;RUA NÃO CADASTRADA;77;1 - Masculino;BRANCA;Arma de Fogo;Domicílio
51361737;04/06/2023;12:51:36;Homicídio Doloso;ITAGUACU;ITAIMBE;RUA PROJETADA;26;1 - Masculino;PARDA;Arma de Fogo;Praça / Parques / Área Pública
51366788;04/06/2023;22:15:32;Homicídio Doloso;VILA VELHA;RIVIERA DA BARRA;RUA GUAÇUI;19;1 - Masculino;PARDA;Arma de Fogo;Via Pública
51359374;04/06/2023;06:16:45;Homicídio Doloso;LINHARES;ZONA RURAL;RUA NÃO CADASTRADA;38;1 - Masculino;PARDA;Asfixia;Domicílio
51376486;05/06/2023;22:05:04;Homicídio Doloso;VILA VELHA;COQUEIRAL DE ITAPARICA;RUA ITAPERUNA;19;1 - Masculino;PARDA;Arma de Fogo;Domicílio
51367596;05/06/2023;01:30:50;Homicídio Doloso;SERRA;PARQUE JACARAÍPE;RUA JOÃO PESSOA;22;1 - Masculino;PARDA;Arma Branca;Via Pública
51371891;05/06/2023;14:04:58;Homicídio Doloso;SERRA;VILA NOVA DE COLARES;RUA ITAIPU;24;1 - Masculino;NEGRA;Arma de Fogo;Via Pública
51375066;05/06/2023;21:48:49;Homicídio Doloso;ALFREDO CHAVES;VILA NOVA DE MARAVILHA;RUA NÃO CADASTRADA;39;1 - Masculino;PARDA;Arma Branca;Domicílio
51384591;06/06/2023;18:43:55;Homicídio Doloso;SAO ROQUE DO CANAA;PICADAO DE SAO ROQUE;ROD ES 080;22;1 - Masculino;PARDA;Arma de Fogo;Domicílio
51379938;06/06/2023;11:23:32;Homicídio Doloso;CARIACICA;SAO JOAO BATISTA;RUA NESTOR GOMES;36;1 - Masculino;PARDA;Arma Branca;Terreno Baldio / Construção / Mata
51387669;07/06/2023;08:25:00;Homicídio Doloso;SAO DOMINGOS DO NORTE;NITEROI;RUA PROJETADA;28;2 - Feminino;NEGRA;Arma Branca;Via Pública
51405010;08/06/2023;23:10:17;Homicídio Doloso;ARACRUZ;SAO MARCOS;RUA DALIA;25;1 - Masculino;PARDA;Arma de Fogo;Via Pública
51164882;09/06/2023;09:53:57;Homicídio Doloso;ITAPEMIRIM;CENTRO;RUA DA BORRACHA;63;1 - Masculino;NEGRA;Arma Branca;Domicílio
51407653;09/06/2023;10:20:04;Homicídio Doloso;SOORETAMA;CORREGO GARRAFAO;RUA NÃO CADASTRADA;20;1 - Masculino;PARDA;Arma de Fogo;Terreno Baldio / Construção / Mata
51415535;10/06/2023;00:51:42;Homicídio Doloso;CARIACICA;FLEXAL I;RUA JOÃO COUTINHO SIQUEIRA;38;1 - Masculino;PARDA;Arma de Fogo;Via Pública
51418154;10/06/2023;10:54:03;Homicídio Doloso;LINHARES;MOVELAR;RUA PROJETADA I;20;1 - Masculino;PARDA;Arma de Fogo;Via Pública
51422145;10/06/2023;18:14:41;Homicídio Doloso;IUNA;QUILOMBO;RUA IPIRANGA;19;1 - Masculino;PARDA;Arma de Fogo;Estabelecimento Comercial
51422145;10/06/2023;18:14:41;Homicídio Doloso;IUNA;QUILOMBO;RUA IPIRANGA;20;1 - Masculino;PARDA;Arma de Fogo;Estabelecimento Comercial
51416446;10/06/2023;06:37:06;Homicídio Doloso;VILA VALERIO;ZONA RURAL;RUA NÃO CADASTRADA;34;1 - Masculino;PARDA;Arma de Fogo;Via Pública
51433888;11/06/2023;21:37:31;Homicídio Doloso;VILA VALERIO;ZONA RURAL;RUA NÃO CADASTRADA;47;1 - Masculino;NEGRA;Arma de Fogo;Via Pública
51439414;12/06/2023;12:56:19;Homicídio Doloso;PEDRO CANARIO;BOA VISTA;RUA SÃO JOSÉ;23;1 - Masculino;PARDA;Arma de Fogo;Terreno Baldio / Construção / Mata
51445464;12/06/2023;22:53:27;Homicídio Doloso;BARRA DE SAO FRANCISCO;COLINA;RUA CARLOS CHAGAS;28;1 - Masculino;PARDA;Arma de Fogo;Via Pública
51445806;12/06/2023;00:12:57;Homicídio Doloso;JERONIMO MONTEIRO;VILA CRUZEIRO;ROD BR 482;33;1 - Masculino;PARDA;Arma Branca;Domicílio
51439443;12/06/2023;13:03:30;Homicídio Doloso;GUARAPARI;VILAGE DO SOL;RUA PEDRO VIEIRA DA COSTA;15;1 - Masculino;PARDA;Arma de Fogo;Terreno Baldio / Construção / Mata
51440657;12/06/2023;14:38:37;Homicídio Doloso;GUARAPARI;ZONA RURAL;ROD DO SOL;22;1 - Masculino;PARDA;Arma de Fogo;Via Pública
51447745;13/06/2023;09:08:46;Homicídio Doloso;CARIACICA;MUCURI;ROD BR 101;24;1 - Masculino;BRANCA;Arma de Fogo;Estabelecimento Comercial
51447125;13/06/2023;08:00:30;Homicídio Doloso;FUNDAO;PRAIA GRANDE;ROD ES 010;51;1 - Masculino;NEGRA;Arma de Fogo;Terreno Baldio / Construção / Mata
51455079;13/06/2023;22:06:42;Homicídio Doloso;ECOPORANGA;TEOFILO FIGUEIREDO;RUA AMELIA RUTH DE AGUIAR;48;2 - Feminino;BRANCA;Arma Branca;Via Pública
51465057;14/06/2023;20:30:41;Homicídio Doloso;SERRA;NOVO HORIZONTE;RUA CARCARA;18;1 - Masculino;NEGRA;Arma de Fogo;Via Pública
51456904;14/06/2023;07:25:39;Homicídio Doloso;SERRA;NOVO PORTO CANOA;RUA ANA NERY;33;1 - Masculino;PARDA;Arma de Fogo;Via Pública
51467416;15/06/2023;07:39:50;Homicídio Doloso;CARIACICA;CAMPO BELO;ROD LESTE OESTE;21;1 - Masculino;BRANCA;Arma de Fogo;Via Pública
51476647;15/06/2023;22:34:02;Homicídio Doloso;SERRA;VALPARAÍSO;ROD BR 101;;;;Arma de Fogo;Via Pública
51480387;16/06/2023;11:31:15;Homicídio Doloso;VITORIA;ANDORINHAS;AV LEITÃO DA SILVA;16;1 - Masculino;PARDA;Arma de Fogo;Via Pública
51486846;16/06/2023;21:46:41;Homicídio Doloso;ARACRUZ;BARRA DO RIACHO;AV ERONACIO BALBINO MARQUES;18;1 - Masculino;NEGRA;Arma de Fogo;Via Pública
51481834;16/06/2023;13:58:06;Homicídio Doloso;CARIACICA;FLEXAL II;AV NOSSA SENHORA DA PENHA;32;2 - Feminino;PARDA;Arma de Fogo;Via Pública
51481994;16/06/2023;14:03:50;Homicídio Doloso;VILA VELHA;VALE ENCANTADO;RUA ALICE NUNES QUIL;21;1 - Masculino;NEGRA;Arma de Fogo;Via Pública
51479226;16/06/2023;09:33:03;Homicídio Doloso;CACHOEIRO DE ITAPEMIRIM;ZUMBI;RUA NOVA VENECIA;34;1 - Masculino;BRANCA;Arma Branca;Domicílio
51499464;18/06/2023;03:54:23;Homicídio Doloso;CARIACICA;OPERARIO;RUA METALURGICOS;35;1 - Masculino;PARDA;Arma de Fogo;Domicílio
51515451;19/06/2023;18:40:08;Homicídio Doloso;VITORIA;JARDIM CAMBURI;AV MANOEL NUNES DO AMARAL PEREIRA;34;1 - Masculino;PARDA;Asfixia;Domicílio
51518291;20/06/2023;06:39:49;Homicídio Doloso;VIANA;CABRAL;ROD BR 262;33;1 - Masculino;PARDA;Objeto Doméstico;Unidade Prisional
51525733;20/06/2023;19:46:37;Homicídio Doloso;VILA PAVAO;CENTRO;RUA GRACILIANO DE OLIVEIRA;20;1 - Masculino;Indeterminada;Arma de Fogo;Praça / Parques / Área Pública
51529243;21/06/2023;09:47:14;Homicídio Doloso;IBATIBA;CENTRO;RUA NÃO CADASTRADA;;1 - Masculino;PARDA;Arma Branca;Estabelecimento de Saúde
51547540;23/06/2023;06:54:24;Homicídio Doloso;CARIACICA;CARIACICA SEDE;RUA JOSE DE ARAUJO;29;1 - Masculino;BRANCA;Arma de Fogo;Domicílio
51550725;23/06/2023;13:09:18;Homicídio Doloso;SERRA;JARDIM LIMOEIRO;RUA PEDRO ZANGRANDI;28;1 - Masculino;PARDA;Arma de Fogo;Via Pública
51548505;23/06/2023;09:18:36;Homicídio Doloso;LINHARES;NOVA ESPERANCA;AV BELOS MONTES;16;1 - Masculino;PARDA;Arma de Fogo;Via Pública
51555332;23/06/2023;21:17:17;Homicídio Doloso;JAGUARE;ZONA RURAL;RUA PROJETADA;43;1 - Masculino;PARDA;Arma de Fogo;Terreno Baldio / Construção / Mata
51562306;24/06/2023;15:52:42;Homicídio Doloso;PIUMA;APARECIDA;RUA OLAVIO ALMEIDA LIVO;33;2 - Feminino;NEGRA;Outros;Via Pública
51558195;24/06/2023;07:23:53;Homicídio Doloso;SANTA MARIA DE JETIBA;CENTRO;RUA HERMAN MIERSCHINK;19;1 - Masculino;PARDA;Arma de Fogo;Terreno Baldio / Construção / Mata
51564821;24/06/2023;20:07:59;Homicídio Doloso;VITORIA;SAO CRISTOVAO;RUA MANOEL PINHEIROS;23;1 - Masculino;PARDA;Arma de Fogo;Domicílio
51559719;24/06/2023;11:23:23;Homicídio Doloso;LINHARES;SHELL;RUA PRESIDENTE ARTHUR BERNARDES;32;1 - Masculino;PARDA;Arma de Fogo;Via Pública
51567304;25/06/2023;23:28:53;Homicídio Doloso;VITORIA;GURIGICA;ESCADARIA CLAUDIO ANTONIO DA SILVA;16;1 - Masculino;PARDA;ESPANCAMENTO;Estabelecimento de Saúde
51568284;25/06/2023;03:39:35;Homicídio Doloso;VITORIA;GURIGICA;AV LEITÃO DA SILVA;68;1 - Masculino;PARDA;Arma de Fogo;Via Pública
51571007;25/06/2023;13:06:31;Homicídio Doloso;VILA VELHA;RIO MARINHO;AV RIO MARINHO;20;1 - Masculino;NEGRA;Arma de Fogo;Domicílio
51582534;26/06/2023;15:25:20;Homicídio Doloso;LINHARES;NOVA ESPERANCA;AV BELSO MONTES;15;1 - Masculino;PARDA;Arma de Fogo;Via Pública
51588528;27/06/2023;08:24:12;Homicídio Doloso;SANTA MARIA DE JETIBA;SAO SEBASTIAO DO MEIO;RUA NÃO CADASTRADA;45;1 - Masculino;PARDA;Arma de Fogo;Via Pública
51592645;27/06/2023;15:31:53;Homicídio Doloso;VILA VELHA;ULISSES GUIMARAES;RUA OSVALDO BRAGA;41;2 - Feminino;BRANCA;Asfixia;Via Pública
51604379;28/06/2023;19:54:24;Homicídio Doloso;CACHOEIRO DE ITAPEMIRIM;JARDIM AMERICA;RUA LUIZ SATIRO DE ALMEIDA;34;1 - Masculino;PARDA;Arma de Fogo;Terreno Baldio / Construção / Mata
51596742;28/06/2023;00:23:00;Homicídio Doloso;SOORETAMA;SALVADOR;AV NELSON BALONEK;23;1 - Masculino;NEGRA;Arma de Fogo;Domicílio
51624468;30/06/2023;20:56:37;Homicídio Doloso;SERRA;CARAPINA GRANDE;RUA ANTONIO RANGEL;29;1 - Masculino;PARDA;Linchamento;Via Pública
51617931;30/06/2023;08:23:15;Homicídio Doloso;ITAPEMIRIM;GRAUNA;ROD ES 490;17;2 - Feminino;NEGRA;Arma de Fogo;Estabelecimento Comercial
51635114;01/07/2023;21:56:59;Homicídio Doloso;SERRA;BOA VISTA II;ROD ES 020;37;1 - Masculino;NEGRA;Arma Branca;Via Pública
51632692;01/07/2023;17:57:42;Homicídio Doloso;ITAPEMIRIM;BREJO GRANDE DO SUL;RUA NÃO CADASTRADA;48;1 - Masculino;NEGRA;Arma de Fogo;Via Pública
51626731;01/07/2023;01:29:15;Homicídio Doloso;CONCEICAO DA BARRA;COBRAICE;RUA OSCAR DE SÁ MOTA;24;1 - Masculino;NEGRA;Arma de Fogo;Domicílio
51630956;01/07/2023;15:12:42;Homicídio Doloso;VITORIA;MARIO CYPRESTE;RUA ENGENHEIRO MANOEL DOS PASSOS BARROS;66;1 - Masculino;BRANCA;Arma Branca;Via Pública
51641695;02/07/2023;16:19:33;Homicídio Doloso;LINHARES;BEBEDOURO;AV BENEVENUTO ZORZANELLI;39;1 - Masculino;NEGRA;Arma de Fogo;Domicílio
51642269;02/07/2023;17:23:08;Homicídio Doloso;LINHARES;HUMAITA;RUA NÃO CADASTRADA;38;1 - Masculino;PARDA;Arma Branca;Via Pública
51644872;02/07/2023;23:29:00;Homicídio Doloso;BAIXO GUANDU;ROSARIO I;RUA DOMINGOS MARTINS;20;1 - Masculino;PARDA;Arma de Fogo;Via Pública
51653727;03/07/2023;21:45:43;Homicídio Doloso;PEDRO CANARIO;CANARINHA;AV PEDRO CANARIO RIBEIRO;45;1 - Masculino;PARDA;Arma de Fogo;Via Pública
51654219;03/07/2023;23:25:53;Homicídio Doloso;VITORIA;GRANDE VITÓRIA;RUA ONZE DE JANEIRO;48;1 - Masculino;NEGRA;Arma de Fogo;Via Pública
51650620;03/07/2023;15:33:58;Homicídio Doloso;VITORIA;SANTO ANTÔNIO;RUA MANOEL SOARES DE MELLO;17;1 - Masculino;BRANCA;Arma de Fogo;Estabelecimento Comercial
51669694;05/07/2023;17:26:31;Homicídio Doloso;VITORIA;BONFIM;RUA AUDIFAX DE AMORIM;51;1 - Masculino;PARDA;Arma de Fogo;Via Pública
51673257;06/07/2023;07:31:43;Homicídio Doloso;VITORIA;CONSOLACAO;RUA WALDI MEIRELLES;42;1 - Masculino;PARDA;ESPANCAMENTO;Terreno Baldio / Construção / Mata
51673269;06/07/2023;07:35:21;Homicídio Doloso;VILA VELHA;SAO TORQUATO;RUA TABAJARA;26;1 - Masculino;PARDA;Arma de Fogo;Via Pública
51691004;07/07/2023;22:01:44;Homicídio Doloso;VILA VELHA;ILHA DOS AYRES;RUA EUCALIPTO;34;1 - Masculino;PARDA;Arma de Fogo;Via Pública
51684531;07/07/2023;12:20:00;Homicídio Doloso;IBATIBA;ZONA RURAL;RUA NÃO CADASTRADA;43;1 - Masculino;BRANCA;Arma de Fogo;Domicílio
51698819;08/07/2023;18:18:09;Homicídio Doloso;LINHARES;INTERLAGOS;AV CASTRO ALVES;21;1 - Masculino;NEGRA;Arma de Fogo;Domicílio
51694148;08/07/2023;09:14:40;Homicídio Doloso;MONTANHA;ZONA RURAL;RUA NÃO CADASTRADA;;1 - Masculino;PARDA;Arma Branca;Estabelecimento Comercial
51703831;09/07/2023;04:54:00;Homicídio Doloso;SAO GABRIEL DA PALHA;CORREGO DOURADO;RUA NÃO CADASTRADA;31;1 - Masculino;PARDA;Arma de Fogo;Estabelecimento Comercial
51709727;09/07/2023;19:25:01;Homicídio Doloso;SAO DOMINGOS DO NORTE;ZONA RURAL;RUA NÃO CADASTRADA;23;1 - Masculino;Indeterminada;Arma de Fogo;Estabelecimento Comercial
51719617;10/07/2023;19:31:24;Homicídio Doloso;SAO GABRIEL DA PALHA;BOA VISTA;RUA BOA VISTA;19;1 - Masculino;PARDA;Arma de Fogo;Via Pública
51714005;10/07/2023;10:16:14;Homicídio Doloso;CARIACICA;FLEXAL II;RUA NÃO CADASTRADA;22;1 - Masculino;PARDA;Arma de Fogo;Domicílio
51615780;11/07/2023;16:35:08;Homicídio Doloso;VILA PAVAO;ONDINA;RUA NÃO CADASTRADA;21;1 - Masculino;PARDA;Arma de Fogo;Via Pública
51730285;11/07/2023;21:05:20;Homicídio Doloso;ECOPORANGA;SANTA MÔNICA;RUA SANTA MONICA;22;1 - Masculino;PARDA;Arma de Fogo;Via Pública
51745971;12/07/2023;22:17:25;Homicídio Doloso;SAO MATEUS;BOA VISTA;RUA LIBERDADE;31;1 - Masculino;PARDA;Arma de Fogo;Estabelecimento Comercial
51734283;12/07/2023;10:12:30;Homicídio Doloso;VILA VELHA;DOM JOAO BATISTA;RUA BEIRA MAR;40;1 - Masculino;PARDA;Ignorado / Não Informado;Via Pública
51742628;13/07/2023;03:32:15;Homicídio Doloso;COLATINA;SANTA TEREZINHA;RUA BERNARDO OLIVA;30;1 - Masculino;BRANCA;Arma Branca;Estabelecimento de Saúde
51755457;14/07/2023;11:44:36;Homicídio Doloso;CARIACICA;ANTÔNIO FERREIRA BORGES;RUA NÃO CADASTRADA;26;1 - Masculino;PARDA;Arma de Fogo;Terreno Baldio / Construção / Mata
51755457;14/07/2023;11:44:36;Homicídio Doloso;CARIACICA;ANTÔNIO FERREIRA BORGES;RUA NÃO CADASTRADA;28;1 - Masculino;PARDA;Arma de Fogo;Terreno Baldio / Construção / Mata
51763285;15/07/2023;06:18:00;Homicídio Doloso;GUARAPARI;BELA VISTA;AV BRASIL;27;1 - Masculino;PARDA;Arma Branca;Via Pública
51763177;15/07/2023;07:23:49;Homicídio Doloso;SERRA;NOVO HORIZONTE;RUA GAVIAO;27;1 - Masculino;NEGRA;Arma Branca;Via Pública
51775668;16/07/2023;11:55:12;Homicídio Doloso;LINHARES;AVISO;AV NOGUEIRA DA GAMA;31;1 - Masculino;Indeterminada;Arma de Fogo;Domicílio
51778503;16/07/2023;17:15:10;Homicídio Doloso;SAO MATEUS;BARRA SECA;RUA CARMELITA AMRTINS PIAO;33;1 - Masculino;PARDA;Arma Branca;Domicílio
51774744;16/07/2023;09:55:09;Homicídio Doloso;CARIACICA;BELA AURORA;RUA VISTA MAR;35;2 - Feminino;BRANCA;ENFORCAMENTO;Via Pública
51773455;16/07/2023;06:23:31;Homicídio Doloso;COLATINA;CORREGO BELA AURORA;RUA NÃO CADASTRADA;32;1 - Masculino;NEGRA;Arma Branca;Terreno Baldio / Construção / Mata
51773276;16/07/2023;04:49:42;Homicídio Doloso;LINHARES;PLANALTO;RUA AMELIO MARCHETTI;;1 - Masculino;;Objeto Contundente;Domicílio
51777048;16/07/2023;14:37:13;Homicídio Doloso;BAIXO GUANDU;ROSARIO II;RUA CARLOS GOMES;32;1 - Masculino;NEGRA;Arma de Fogo;Domicílio
51785757;17/07/2023;13:00:36;Homicídio Doloso;CARIACICA;ANTÔNIO FERREIRA BORGES;RUA SANTA ISABEL;19;1 - Masculino;PARDA;Arma de Fogo;Domicílio
51802227;18/07/2023;21:50:39;Homicídio Doloso;CARIACICA;CANGAIBA;AV BOA VISTA;30;1 - Masculino;PARDA;Arma de Fogo;Domicílio
51798745;18/07/2023;15:27:40;Homicídio Doloso;NOVA VENECIA;GUARAREMA;RUA GETULIO VARGAS;37;1 - Masculino;BRANCA;Arma de Fogo;Via Pública
51813141;20/07/2023;03:19:32;Homicídio Doloso;VILA VELHA;RIO MARINHO;RUA REGÊNCIA;25;1 - Masculino;PARDA;Arma Branca;Via Pública
51824283;21/07/2023;11:38:40;Homicídio Doloso;VILA VELHA;CRISTOVAO COLOMBO;RUA ANTONIO ROBERTO FEITOSA;19;1 - Masculino;PARDA;Arma de Fogo;Via Pública
51824283;21/07/2023;11:38:40;Homicídio Doloso;VILA VELHA;CRISTOVAO COLOMBO;RUA ANTONIO ROBERTO FEITOSA;19;1 - Masculino;PARDA;Arma de Fogo;Via Pública
51821644;21/07/2023;03:25:00;Homicídio Doloso;VILA VELHA;VINTE E TRÊS DE MAIO;RUA TANCREDO NEVES;25;1 - Masculino;PARDA;Arma de Fogo;Domicílio
51840182;23/07/2023;03:19:09;Homicídio Doloso;BARRA DE SAO FRANCISCO;VILA PAULISTA;RUA IDAIR GONÇALVES DOS REIS;20;1 - Masculino;PARDA;Arma Branca;Estabelecimento Industrial
51854919;24/07/2023;17:43:10;Homicídio Doloso;SERRA;BALNEARIO DE CARAPEBUS;RUA ALFREDO RODRIGUES DOS SANTOS;14;1 - Masculino;PARDA;Arma de Fogo;Templos Religiosos
51848532;24/07/2023;04:07:09;Homicídio Doloso;VILA VELHA;BOA VISTA I;RUA VIANA;35;1 - Masculino;PARDA;Arma de Fogo;Via Pública
51849255;24/07/2023;07:52:10;Homicídio Doloso;DOMINGOS MARTINS;PEDRA BRANCA;RUA NÃO CADASTRADA;;;;Arma Branca;Via Pública
51849910;24/07/2023;09:20:01;Homicídio Doloso;CARIACICA;SANTA CECÍLIA;RUA ITAMARATI;35;1 - Masculino;PARDA;Ignorado / Não Informado;Domicílio
51849603;24/07/2023;08:35:50;Homicídio Doloso;IBATIBA;SANTA MARIA DE BAIXO;RUA NÃO CADASTRADA;53;1 - Masculino;BRANCA;Objeto Contundente;Domicílio
51859580;25/07/2023;09:41:52;Homicídio Doloso;SANTA TERESA;CENTRO;RUA NÃO CADASTRADA;45;1 - Masculino;BRANCA;ESPANCAMENTO;Via Pública
52762007;25/07/2023;07:36:49;Homicídio Doloso;ARACRUZ;PAU BRASIL;ROD ES 010;24;1 - Masculino;PARDA;Ignorado / Não Informado;Terreno Baldio / Construção / Mata
52762007;25/07/2023;07:36:49;Homicídio Doloso;ARACRUZ;PAU BRASIL;ROD ES 010;31;1 - Masculino;NEGRA;Ignorado / Não Informado;Terreno Baldio / Construção / Mata
51875245;26/07/2023;23:47:08;Homicídio Doloso;VITORIA;CARATOÍRA;RUA NICANOR ALVES DOS SANTOS;24;1 - Masculino;PARDA;Arma de Fogo;Via Pública
51884201;27/07/2023;22:31:29;Homicídio Doloso;VITORIA;GRANDE VITÓRIA;RUA NILTON ALVES;24;1 - Masculino;PARDA;Linchamento;Estabelecimento Comercial
51881591;27/07/2023;17:17:34;Homicídio Doloso;PANCAS;VILA NOVA;RUA SAFIRA;40;2 - Feminino;PARDA;Arma Branca;Domicílio
51890699;28/07/2023;17:08:18;Homicídio Doloso;VITORIA;ANDORINHAS;AV LEITÃO DA SILVA;25;2 - Feminino;PARDA;Arma de Fogo;Praça / Parques / Área Pública
51900680;29/07/2023;19:21:58;Homicídio Doloso;JAGUARE;BARRA SECA VELHA;RUA NÃO CADASTRADA;40;1 - Masculino;PARDA;Arma de Fogo;Ignorado
51898345;29/07/2023;14:53:54;Homicídio Doloso;SERRA;PLANALTO SERRANO;RUA SAO LUIZ;18;1 - Masculino;PARDA;Arma de Fogo;Via Pública
51901572;29/07/2023;21:13:43;Homicídio Doloso;CARIACICA;PLANETA;RUA ALMIR LARANJA;17;1 - Masculino;NEGRA;Arma de Fogo;Via Pública
51901128;29/07/2023;20:16:25;Homicídio Doloso;GUARAPARI;SAMAMBAIA;ROD BR 101;23;1 - Masculino;PARDA;Arma de Fogo;Via Pública
51902065;29/07/2023;19:35:29;Homicídio Doloso;PEDRO CANARIO;SAO GERALDO;RUA ITAGUAÇU;21;1 - Masculino;PARDA;Arma de Fogo;Via Pública
51895100;29/07/2023;04:32:00;Homicídio Doloso;SERRA;VILA NOVA DE COLARES;AV COLARES JUNIOR;16;1 - Masculino;NEGRA;Arma de Fogo;Via Pública
51912215;30/07/2023;21:54:24;Homicídio Doloso;PEDRO CANARIO;CRISTAL DO NORTE;RUA NÃO CADASTRADA;32;2 - Feminino;PARDA;Arma de Fogo;Domicílio
51908234;30/07/2023;19:19:30;Homicídio Doloso;GUARAPARI;PORTAL CLUB;RUA B 13;25;1 - Masculino;PARDA;Arma de Fogo;Terreno Baldio / Construção / Mata
51895100;30/07/2023;18:40:11;Homicídio Doloso;SERRA;VILA NOVA DE COLARES;AV COLARES JUNIOR;18;1 - Masculino;PARDA;Arma de Fogo;Via Pública
51905769;30/07/2023;13:34:39;Homicídio Doloso;SERRA;VISTA DA SERRA I;RUA ITAGUAÇU;41;1 - Masculino;PARDA;Arma de Fogo;Domicílio
51903921;30/07/2023;05:50:37;Homicídio Doloso;SAO DOMINGOS DO NORTE;ZONA RURAL;ROD ES 080;59;1 - Masculino;NEGRA;Arma de Fogo;Estabelecimento Comercial
51919418;01/08/2023;00:07:02;Homicídio Doloso;CARIACICA;CARIACICA SEDE;RUA CAROLINA SUITE;17;1 - Masculino;PARDA;Arma de Fogo;Domicílio
51934238;02/08/2023;18:55:30;Homicídio Doloso;SERRA;JARDIM BELA VISTA;RUA DEZESSETE;24;1 - Masculino;PARDA;Ignorado / Não Informado;Via Pública
51931174;02/08/2023;13:20:43;Homicídio Doloso;SERRA;NOVA CARAPINA II;RUA MUTUM;37;1 - Masculino;PARDA;Arma de Fogo;Via Pública
51940945;03/08/2023;15:26:31;Homicídio Doloso;SAO MATEUS;CORREGO GRANDE;RUA NÃO CADASTRADA;55;1 - Masculino;Indeterminada;Arma de Fogo;Ignorado
51952154;04/08/2023;19:06:54;Homicídio Doloso;VILA VELHA;GLÓRIA;RUA MESTRE GOMES;37;1 - Masculino;PARDA;Arma de Fogo;Via Pública
51951610;04/08/2023;18:01:19;Homicídio Doloso;SERRA;JARDIM BELA VISTA;RUA DEZESSETE;22;1 - Masculino;BRANCA;Arma de Fogo;Via Pública
51951610;04/08/2023;18:01:19;Homicídio Doloso;SERRA;JARDIM BELA VISTA;RUA DEZESSETE;37;1 - Masculino;PARDA;Arma de Fogo;Via Pública
51959496;05/08/2023;16:12:24;Homicídio Doloso;SERRA;BALNEARIO DE CARAPEBUS;RUA DA ACACIA;35;1 - Masculino;PARDA;Arma de Fogo;Via Pública
51957716;05/08/2023;12:23:37;Homicídio Doloso;SAO MATEUS;BOM SUCESSO;RUA VINTE;70;2 - Feminino;PARDA;Ignorado / Não Informado;Domicílio
51955854;05/08/2023;08:42:43;Homicídio Doloso;NOVA VENECIA;CEDROLANDIA;RUA NÃO CADASTRADA;;1 - Masculino;Indeterminada;Arma Branca;Via Pública
51960045;05/08/2023;17:10:49;Homicídio Doloso;CARIACICA;NOVA ROSA DA PENHA II;RUA NOVENTA E CINCO;28;1 - Masculino;PARDA;Arma de Fogo;Terreno Baldio / Construção / Mata
51969728;06/08/2023;19:02:27;Homicídio Doloso;CARIACICA;ITACIBA;RUA ITAPEMIRIM;24;1 - Masculino;PARDA;Arma de Fogo;Terreno Baldio / Construção / Mata
51967877;06/08/2023;15:08:24;Homicídio Doloso;LINHARES;NOVO HORIZONTE;AV HELIO MARTINS;18;1 - Masculino;PARDA;Arma de Fogo;Domicílio
51968045;06/08/2023;15:29:28;Homicídio Doloso;VITORIA;SANTA TEREZA;RUA DALMACIO SODRE;19;1 - Masculino;PARDA;Arma de Fogo;Via Pública
51996962;09/08/2023;18:01:56;Homicídio Doloso;VITORIA;SAO PEDRO;ROD SERAFIM DERENZI;64;1 - Masculino;PARDA;ESPANCAMENTO;Via Pública
51999290;10/08/2023;07:26:32;Homicídio Doloso;LINHARES;NOVA ESPERANCA;RUA DA BENÇÃO;60;1 - Masculino;PARDA;Objeto Contundente;Via Pública
52005469;10/08/2023;18:46:06;Homicídio Doloso;VILA VELHA;VALE ENCANTADO;RUA JOSE INACIO;24;1 - Masculino;PARDA;Arma de Fogo;Via Pública
52008237;11/08/2023;04:18:52;Homicídio Doloso;VILA VELHA;ZUMBI DOS PALMARES;RUA INDIO CARAJAS;34;1 - Masculino;PARDA;Arma de Fogo;Via Pública
52017900;12/08/2023;01:34:30;Homicídio Doloso;SERRA;FEU ROSA;RUA EUCALIPTOS;41;2 - Feminino;PARDA;Arma Branca;Via Pública
52017904;12/08/2023;01:28:16;Homicídio Doloso;CACHOEIRO DE ITAPEMIRIM;GILSON CARONE;RUA TEODORICO FERRAÇO;21;1 - Masculino;PARDA;Arma de Fogo;Estabelecimento Comercial
52018240;12/08/2023;02:40:52;Homicídio Doloso;CACHOEIRO DE ITAPEMIRIM;GILSON CARONE;RUA DONA DALVA MELO SANTANA;24;1 - Masculino;PARDA;Arma de Fogo;Estabelecimento Comercial
52021785;12/08/2023;14:29:56;Homicídio Doloso;SANTA TERESA;JARDIM DA MONTANHA;RUA ILARIO PASOLINI;58;1 - Masculino;PARDA;Arma Branca;Praça / Parques / Área Pública
52033491;13/08/2023;15:56:01;Homicídio Doloso;SAO DOMINGOS DO NORTE;BRACO SUL;RUA NÃO CADASTRADA;19;1 - Masculino;PARDA;Arma de Fogo;Domicílio
52036621;13/08/2023;21:40:10;Homicídio Doloso;NOVA VENECIA;CORREGO DO LIMAO;RUA NÃO CADASTRADA;50;1 - Masculino;NEGRA;Arma de Fogo;Domicílio
52030312;13/08/2023;07:30:21;Homicídio Doloso;LARANJA DA TERRA;PICADAO;ESTRADA CACHOEIRA ALEGRE;33;1 - Masculino;PARDA;Arma de Fogo;Via Pública
52035255;13/08/2023;19:00:25;Homicídio Doloso;SERRA;VISTA DA SERRA I;RUA MIMOSO DO SUL;41;2 - Feminino;PARDA;Arma de Fogo;Via Pública
52037718;14/08/2023;01:13:47;Homicídio Doloso;ITARANA;PRACA OITO;ROD ES 261;64;1 - Masculino;Indeterminada;Arma Branca;Via Pública
52054555;15/08/2023;22:48:38;Homicídio Doloso;SERRA;CAMPINHO DA SERRA I;RUA DOS CRAVOS;51;2 - Feminino;PARDA;Arma de Fogo;Terreno Baldio / Construção / Mata
52062920;16/08/2023;22:03:09;Homicídio Doloso;PEDRO CANARIO;CENTRO;AV VILA VELHA;15;1 - Masculino;Indeterminada;Arma de Fogo;Outros Locais
52054907;16/08/2023;00:10:40;Homicídio Doloso;VITORIA;ILHA DO PRÍNCIPE;RUA QUERUBINO COSTA;25;1 - Masculino;PARDA;Arma de Fogo;Via Pública
52059796;16/08/2023;15:48:37;Homicídio Doloso;VITORIA;JARDIM CAMBURI;RUA FRANCISCO SANTOS;84;2 - Feminino;PARDA;Asfixia;Via Pública
52058909;16/08/2023;14:04:54;Homicídio Doloso;SERRA;TAQUARA II;RUA MANOEL LOPES;39;1 - Masculino;PARDA;Arma de Fogo;Via Pública
52063006;16/08/2023;22:22:44;Homicídio Doloso;VILA VELHA;VILA GARRIDO;RUA SEBASTIAO GAIBA;34;1 - Masculino;PARDA;Arma de Fogo;Via Pública
52062177;16/08/2023;20:14:22;Homicídio Doloso;VITORIA;VILA RUBIM;RUA ARAUJO AGUIRRE;17;1 - Masculino;NEGRA;Arma de Fogo;Via Pública
52064356;17/08/2023;07:25:00;Homicídio Doloso;GUARAPARI;CENTRO;RUA NOSSA SENHORA DAS GRAÇAS;44;1 - Masculino;BRANCA;ESPANCAMENTO;Domicílio
52070229;17/08/2023;19:27:28;Homicídio Doloso;CASTELO;NITERÓI;RUA ADALTO SANTOS;35;1 - Masculino;BRANCA;Arma de Fogo;Via Pública
52068068;17/08/2023;15:11:09;Homicídio Doloso;SERRA;TAQUARA I;RUA JORDAO MAGNO DE OURO;48;1 - Masculino;BRANCA;Arma de Fogo;Domicílio
52064535;17/08/2023;07:35:58;Homicídio Doloso;NOVA VENECIA;ZONA RURAL;RUA XV DE NOVEMBRO;35;2 - Feminino;BRANCA;Arma Branca;Via Pública
52078258;18/08/2023;18:14:30;Homicídio Doloso;SAO ROQUE DO CANAA;NOSSA SENHORA DAS GRACAS;RUA NOSSA SENHORA DAS GRAÇAS;32;1 - Masculino;NEGRA;Arma Branca;Via Pública
52087920;19/08/2023;20:37:54;Homicídio Doloso;CARIACICA;ITACIBA;RUA NÃO CADASTRADA;46;1 - Masculino;NEGRA;Objeto Contundente;Via Pública
52088684;19/08/2023;21:49:59;Homicídio Doloso;JAGUARE;SEAC;RUA NELSON MORELO;26;1 - Masculino;PARDA;Arma de Fogo;Domicílio
52097359;21/08/2023;04:15:41;Homicídio Doloso;SAO MATEUS;CORREGO GRANDE;RUA NÃO CADASTRADA;52;1 - Masculino;PARDA;Arma Branca;Domicílio
52109195;22/08/2023;10:06:03;Homicídio Doloso;SERRA;JACARAÍPE;AV NOSSA SENHORA DOS NAVEGANTES;22;1 - Masculino;PARDA;Arma Branca;Domicílio
52112756;22/08/2023;16:17:07;Homicídio Doloso;BAIXO GUANDU;SAO JOSE;RUA OTOVIANO FERREIRA;27;1 - Masculino;Indeterminada;Arma de Fogo;Via Pública
52122509;23/08/2023;17:02:10;Homicídio Doloso;VILA VELHA;ALVORADA;RUA ANA SIQUEIRA;24;1 - Masculino;PARDA;Arma de Fogo;Via Pública
52116362;23/08/2023;00:14:31;Homicídio Doloso;CARIACICA;BOA SORTE;RUA PINHEIROS;26;1 - Masculino;PARDA;Arma de Fogo;Terreno Baldio / Construção / Mata
52669208;23/08/2023;12:27:45;Homicídio Doloso;ARACRUZ;CENTRO;AV VENANCIO FLORES;27;1 - Masculino;NEGRA;Ignorado / Não Informado;Via Pública
52123388;23/08/2023;18:34:50;Homicídio Doloso;SERRA;PALMEIRAS;RUA DAS ARARAS;41;1 - Masculino;PARDA;Arma de Fogo;Via Pública
52119947;23/08/2023;12:33:52;Homicídio Doloso;VILA VELHA;PEDRA DOS BÚZIOS;RUA NÃO CADASTRADA;35;1 - Masculino;PARDA;Arma de Fogo;Domicílio
52129832;24/08/2023;19:51:34;Homicídio Doloso;SANTA MARIA DE JETIBA;SAO LUIS;RUA CARLOS ALBERTO GUILHERME GUNS;24;1 - Masculino;PARDA;Arma de Fogo;Domicílio
52141300;25/08/2023;22:44:19;Homicídio Doloso;VITORIA;ILHA DO PRÍNCIPE;RUA QUERUBINO COSTA;22;1 - Masculino;PARDA;Arma de Fogo;Via Pública
52148658;26/08/2023;18:57:55;Homicídio Doloso;MANTENOPOLIS;CÓRREGO VISTA ALEGRE;RUA NÃO CADASTRADA;35;1 - Masculino;PARDA;Arma de Fogo;Via Pública
52142198;26/08/2023;01:02:57;Homicídio Doloso;SERRA;JARDIM BELA VISTA;RUA CINCO;35;1 - Masculino;PARDA;Arma de Fogo;Via Pública
52140557;26/08/2023;00:00:15;Homicídio Doloso;VENDA NOVA DO IMIGRANTE;SAO JOAO DO VICOSA;RUA JUSTO PIZZOL;31;1 - Masculino;NEGRA;Arma de Fogo;Domicílio
52152609;27/08/2023;07:52:18;Homicídio Doloso;JAGUARE;CORREGO DAS ARARAS;RUA NÃO CADASTRADA;48;2 - Feminino;BRANCA;Fogo;Ignorado
52152022;27/08/2023;03:28:03;Homicídio Doloso;LINHARES;INTERLAGOS;RUA IPIRANGA;20;1 - Masculino;PARDA;Arma de Fogo;Domicílio
52157715;28/08/2023;00:21:11;Homicídio Doloso;CACHOEIRO DE ITAPEMIRIM;AMARELO;RUA AGLIBERTO R MOREIRA;32;1 - Masculino;BRANCA;Arma de Fogo;Estabelecimento Comercial
52161264;28/08/2023;13:18:06;Homicídio Doloso;SERRA;CAMPINHO DA SERRA I;RUA NÃO CADASTRADA;14;1 - Masculino;PARDA;Arma de Fogo;Terreno Baldio / Construção / Mata
52167872;29/08/2023;04:31:20;Homicídio Doloso;LINHARES;AVISO;AV RICARDO GUILHERMINO DE ALMEIDA;26;1 - Masculino;PARDA;Arma de Fogo;Via Pública
52177591;29/08/2023;22:46:23;Homicídio Doloso;COLATINA;AYRTON SENNA;RUA ADAUTO RIBEIRO;19;1 - Masculino;PARDA;Arma de Fogo;Via Pública
52168473;29/08/2023;08:15:46;Homicídio Doloso;VILA VELHA;SAO TORQUATO;RUA BOM JESUS;15;1 - Masculino;PARDA;Arma de Fogo;Via Pública
52196108;31/08/2023;20:55:34;Homicídio Doloso;VILA VALERIO;VILA NOVA;RUA ANTONIO BARCELOS;26;2 - Feminino;NEGRA;Arma de Fogo;Via Pública
52205583;01/09/2023;20:17:47;Homicídio Doloso;CARIACICA;GRAÚNA;RUA LAURINDA O DO NASCIMENTO;22;1 - Masculino;PARDA;Arma de Fogo;Via Pública
52205932;01/09/2023;20:56:01;Homicídio Doloso;LINHARES;SHELL;AV BARRA DE SAO FRANCISCO;25;1 - Masculino;PARDA;Arma de Fogo;Domicílio
52195303;01/09/2023;06:28:54;Homicídio Doloso;IUNA;ZONA RURAL;RUA NÃO CADASTRADA;38;1 - Masculino;PARDA;Arma de Fogo;Terreno Baldio / Construção / Mata
52202625;01/09/2023;15:49:44;Homicídio Doloso;SOORETAMA;ZONA RURAL;RUA NÃO CADASTRADA;14;1 - Masculino;PARDA;Arma de Fogo;Terreno Baldio / Construção / Mata
52202625;01/09/2023;15:49:44;Homicídio Doloso;SOORETAMA;ZONA RURAL;RUA NÃO CADASTRADA;15;1 - Masculino;PARDA;Ignorado / Não Informado;Terreno Baldio / Construção / Mata
52202625;01/09/2023;15:49:44;Homicídio Doloso;SOORETAMA;ZONA RURAL;RUA NÃO CADASTRADA;15;1 - Masculino;PARDA;Ignorado / Não Informado;Terreno Baldio / Construção / Mata
52209012;02/09/2023;06:18:11;Homicídio Doloso;VILA VELHA;BOA VISTA I;RUA GRAÇA ARANHA;21;1 - Masculino;PARDA;Arma de Fogo;Via Pública
52212555;02/09/2023;14:13:06;Homicídio Doloso;VITORIA;JARDIM DA PENHA;RUA NÃO CADASTRADA;28;1 - Masculino;PARDA;Ignorado / Não Informado;Via Pública
52216759;02/09/2023;22:50:19;Homicídio Doloso;SERRA;NOVA CARAPINA II;AV GUACIARA;18;1 - Masculino;PARDA;Arma de Fogo;Domicílio
52211059;02/09/2023;10:51:18;Homicídio Doloso;CARIACICA;PORTO DE SANTANA;RUA NÃO CADASTRADA;15;1 - Masculino;PARDA;Arma de Fogo;Via Pública
52207795;02/09/2023;00:56:51;Homicídio Doloso;JERONIMO MONTEIRO;SANTO ANTÔNIO;RUA NÃO CADASTRADA;24;1 - Masculino;PARDA;Arma de Fogo;Mar
52210491;02/09/2023;09:49:58;Homicídio Doloso;COLATINA;SAO VICENTE;RUA PEDRO EPCHIN;39;2 - Feminino;BRANCA;Asfixia;Via Pública
52218703;03/09/2023;05:52:00;Homicídio Doloso;VARGEM ALTA;JACIGUA;RUA NÃO CADASTRADA;15;1 - Masculino;PARDA;Arma de Fogo;Estabelecimento Comercial
52224543;03/09/2023;20:39:35;Homicídio Doloso;CACHOEIRO DE ITAPEMIRIM;SAO LUIZ GONZAGA;RUA ERNESTO MELO;48;1 - Masculino;NEGRA;Arma de Fogo;Outros Locais
52228563;04/09/2023;10:33:44;Homicídio Doloso;CARIACICA;BOA SORTE;RUA NÃO CADASTRADA;33;1 - Masculino;PARDA;Violência Física;Estabelecimento Comercial
52240007;05/09/2023;14:45:00;Homicídio Doloso;VITORIA;FORTE SAO JOAO;RUA NÃO CADASTRADA;44;1 - Masculino;NEGRA;Violência Física;Via Pública
52243113;05/09/2023;19:37:53;Homicídio Doloso;SERRA;RESIDENCIAL CENTRO DA SERRA;RUA CANFOREIRA;27;1 - Masculino;PARDA;Arma de Fogo;Via Pública
52246238;06/09/2023;08:45:10;Homicídio Doloso;CARIACICA;ALTO DA BOA VISTA;RUA MANOEL LAURENTINO;59;2 - Feminino;PARDA;Arma Branca;Via Pública
52251573;06/09/2023;19:29:38;Homicídio Doloso;CARIACICA;CASTELO BRANCO;RUA SÃO SILVESTRE;23;1 - Masculino;BRANCA;Arma de Fogo;Via Pública
52251501;06/09/2023;07:32:56;Homicídio Doloso;LINHARES;NOVA ESPERANCA;RUA SAO BENEDITO;32;1 - Masculino;PARDA;Arma de Fogo;Via Pública
52250703;06/09/2023;17:36:11;Homicídio Doloso;BAIXO GUANDU;SAPUCAIA;AV RIO DOCE;37;1 - Masculino;PARDA;Arma de Fogo;Via Pública
52249894;06/09/2023;15:56:10;Homicídio Doloso;SAO MATEUS;ZONA RURAL;ROD MIGUEL CURRY CARNEIRO;64;1 - Masculino;BRANCA;Arma Branca;Domicílio
52260766;07/09/2023;22:14:52;Homicídio Doloso;CARIACICA;SANTA LUZIA;RUA BELA VISTA;35;1 - Masculino;PARDA;Arma de Fogo;Via Pública
52269547;08/09/2023;22:40:10;Homicídio Doloso;VILA VALERIO;SAO JORGE DA BARRA SECA;RUA NÃO CADASTRADA;26;1 - Masculino;BRANCA;Arma de Fogo;Via Pública
52263190;08/09/2023;08:44:44;Homicídio Doloso;SAO MATEUS;ZONA RURAL;RUA NÃO CADASTRADA;;1 - Masculino;PARDA;Objeto Contundente;Unidade Prisional
52275357;09/09/2023;18:08:39;Homicídio Doloso;CARIACICA;CAMPINA GRANDE;RUA PARANA;20;1 - Masculino;NEGRA;Violência Física;Praça / Parques / Área Pública
52272354;09/09/2023;10:50:14;Homicídio Doloso;VILA VELHA;DIVINO ESPÍRITO SANTO;RUA ALAN KARDEC;19;1 - Masculino;BRANCA;Arma de Fogo;Via Pública
52276748;09/09/2023;20:50:10;Homicídio Doloso;LINHARES;PONTAL DO IPIRANGA;AV JUPTER;48;2 - Feminino;PARDA;Arma Branca;Terreno Baldio / Construção / Mata
52269547;09/09/2023;22:40:10;Homicídio Doloso;VILA VALERIO;SAO JORGE DA BARRA SECA;RUA NÃO CADASTRADA;20;1 - Masculino;PARDA;Arma de Fogo;Via Pública
52275713;09/09/2023;10:36:14;Homicídio Doloso;CACHOEIRO DE ITAPEMIRIM;TEIXEIRA LEITE;RUA ELIZIARIO CORTE;47;2 - Feminino;PARDA;Arma Branca;Domicílio
52283082;10/09/2023;16:31:47;Homicídio Doloso;MIMOSO DO SUL;MANGUEIRA;RUA NÃO CADASTRADA;24;1 - Masculino;PARDA;Arma Branca;Estabelecimento Comercial
52284650;10/09/2023;20:00:31;Homicídio Doloso;LINHARES;PLANALTO;RUA AGENOR ZANON;16;1 - Masculino;PARDA;Arma de Fogo;Domicílio
52279654;10/09/2023;05:22:19;Homicídio Doloso;SERRA;VILA NOVA DE COLARES;RUA MAMORE;20;1 - Masculino;PARDA;Arma de Fogo;Via Pública
52288092;11/09/2023;09:58:18;Homicídio Doloso;VILA VELHA;DIVINO ESPÍRITO SANTO;RUA ARARE;26;1 - Masculino;PARDA;Arma de Fogo;Via Pública
52287360;11/09/2023;08:31:48;Homicídio Doloso;BARRA DE SAO FRANCISCO;VILA LUCIENE;RUA JOAQUIM PROFIRO DE SOUZA;20;1 - Masculino;PARDA;Arma de Fogo;Estabelecimento Comercial
52286228;11/09/2023;00:47:15;Homicídio Doloso;SERRA;VISTA DA SERRA I;AV ARGENTINA;36;1 - Masculino;PARDA;Arma de Fogo;Via Pública
52298702;12/09/2023;13:27:41;Homicídio Doloso;VILA VALERIO;NOSSA SENHORA DA PENHA;RUA INDUSTRIAL;48;1 - Masculino;PARDA;Arma de Fogo;Via Pública
52310968;13/09/2023;22:22:40;Homicídio Doloso;ATILIO VIVACQUA;NITERÓI;RUA FRANCISCO CURCIO;;2 - Feminino;;Arma de Fogo;Praça / Parques / Área Pública
52304264;13/09/2023;07:41:08;Homicídio Doloso;SERRA;PRAIA DE CARAPEBUS;RUA NÃO CADASTRADA;24;2 - Feminino;NEGRA;Arma Branca;Via Pública
52152022;14/09/2023;16:36:32;Homicídio Doloso;LINHARES;INTERLAGOS;RUA IPIRANGA;20;1 - Masculino;PARDA;Arma de Fogo;Domicílio
52311946;14/09/2023;00:40:00;Homicídio Doloso;SERRA;JARDIM LIMOEIRO;ROD ES 010;26;1 - Masculino;PARDA;Arma Branca;Via Pública
52323080;15/09/2023;11:05:50;Homicídio Doloso;GUARAPARI;AEROPORTO;RUA JOSE CREOLINS;58;2 - Feminino;BRANCA;Asfixia;Via Pública
52336122;16/09/2023;20:55:29;Homicídio Doloso;VIANA;ARAÇATIBA;RUA FRANCISCO PALASSI;31;2 - Feminino;PARDA;Arma Branca;Estabelecimento Comercial
52333220;16/09/2023;15:09:58;Homicídio Doloso;VILA VELHA;DIVINO ESPÍRITO SANTO;AV LUCIANO DAS NEVES;32;1 - Masculino;PARDA;Arma de Fogo;Via Pública
52334651;16/09/2023;18:00:45;Homicídio Doloso;GUARAPARI;MUQUICABA;RUA ADOLFO CASSOLI;28;1 - Masculino;PARDA;Asfixia;Domicílio
52332482;16/09/2023;13:18:13;Homicídio Doloso;MARATAIZES;PONTAL DA BARRA;RUA ADOLFO GOMES;33;1 - Masculino;BRANCA;Arma de Fogo;Via Pública
52342079;17/09/2023;15:50:10;Homicídio Doloso;CARIACICA;ITACIBA;RUA NÃO CADASTRADA;21;1 - Masculino;PARDA;Arma de Fogo;Via Pública
52339327;17/09/2023;07:25:24;Homicídio Doloso;ITAPEMIRIM;ITAOCA;RUA EDILSO CAETANO PAES;39;1 - Masculino;NEGRA;Arma Branca;Estabelecimento Comercial
52354418;18/09/2023;21:06:47;Homicídio Doloso;VITORIA;BAIRRO DA PENHA;ESC ELIAS ALVES DE OLIVEIRA;40;1 - Masculino;PARDA;Arma de Fogo;Via Pública
52348770;18/09/2023;11:11:48;Homicídio Doloso;VILA VALERIO;CENTRO;RU A MARTINHO LUTERO;45;1 - Masculino;NEGRA;ESPANCAMENTO;Via Pública
52360107;19/09/2023;15:12:53;Homicídio Doloso;SAO MATEUS;SAO MIGUEL;RUA NÃO CADASTRADA;26;1 - Masculino;BRANCA;Ignorado / Não Informado;Via Pública
52370189;20/09/2023;18:03:20;Homicídio Doloso;COLATINA;SAO MARCOS;RUA MARILANDIA;19;1 - Masculino;NEGRA;Arma de Fogo;Via Pública
52364123;20/09/2023;01:19:04;Homicídio Doloso;CARIACICA;VILA MERLO;RUA ALMIR LARANJA;26;1 - Masculino;NEGRA;Arma de Fogo;Domicílio
52378859;21/09/2023;17:17:10;Homicídio Doloso;SERRA;NOVO PORTO CANOA;RUA ANTONIO FRANCISCO LISBOA;30;1 - Masculino;PARDA;Arma de Fogo;Domicílio
52373844;21/09/2023;06:50:30;Homicídio Doloso;VITORIA;SANTO ANTÔNIO;RUA NÃO CADASTRADA;;;;Arma de Fogo;Via Pública
52390257;22/09/2023;20:59:35;Homicídio Doloso;VILA VELHA;MORADA DA BARRA;RUA NÃO CADASTRADA;34;1 - Masculino;PARDA;Arma Branca;Via Pública
52393253;23/09/2023;00:56:00;Homicídio Doloso;SERRA;VILA NOVA DE COLARES;RUA ROSA DE ORTOLON;21;1 - Masculino;PARDA;Arma de Fogo;Via Pública
52408251;24/09/2023;19:05:00;Homicídio Doloso;NOVA VENECIA;AEROPORTO;RUA H;;;;Arma de Fogo;Via Pública
52408641;24/09/2023;19:48:43;Homicídio Doloso;ECOPORANGA;CENTRO;RUA CLASSITO JOSE VICENTE;48;1 - Masculino;NEGRA;Arma de Fogo;Estabelecimento Comercial
52409017;24/09/2023;20:33:40;Homicídio Doloso;ARACRUZ;GUANABARA;RUA NÃO CADASTRADA;33;1 - Masculino;PARDA;Arma de Fogo;Via Pública
52409017;24/09/2023;20:33:40;Homicídio Doloso;ARACRUZ;GUANABARA;RUA NÃO CADASTRADA;33;1 - Masculino;PARDA;Arma de Fogo;Via Pública
52402970;24/09/2023;03:23:37;Homicídio Doloso;SAO MATEUS;RESIDENCIAL PARQUE WASHINGTON;ROD OTHOVARINO DUARTE SANTOS;17;1 - Masculino;PARDA;Arma de Fogo;Praça / Parques / Área Pública
52402970;24/09/2023;03:23:37;Homicídio Doloso;SAO MATEUS;RESIDENCIAL PARQUE WASHINGTON;ROD OTHOVARINO DUARTE SANTOS;51;1 - Masculino;PARDA;Arma de Fogo;Praça / Parques / Área Pública
52406188;24/09/2023;14:25:50;Homicídio Doloso;CARIACICA;VILA CAPIXABA;RUA JOSE LOVATTI;28;1 - Masculino;AMARELA;Arma de Fogo;Terreno Baldio / Construção / Mata
52419962;25/09/2023;22:41:30;Homicídio Doloso;SERRA;BALNEARIO DE CARAPEBUS;RUA ACACIA;18;1 - Masculino;NEGRA;Arma de Fogo;Via Pública
52414799;25/09/2023;13:11:15;Homicídio Doloso;BAIXO GUANDU;CORREGO MONJOLO;RUA NÃO CADASTRADA;57;1 - Masculino;BRANCA;Arma de Fogo;Via Pública
52418983;25/09/2023;20:13:58;Homicídio Doloso;LINHARES;SANTA CRUZ;AV ADEMAR LUIZ PIANA;18;1 - Masculino;PARDA;Arma de Fogo;Via Pública
52420971;26/09/2023;05:01:48;Homicídio Doloso;CARIACICA;NOVA ROSA DA PENHA;RUA NOVENTA E SETE;20;1 - Masculino;PARDA;Arma de Fogo;Via Pública
52433593;27/09/2023;13:33:10;Homicídio Doloso;VILA VELHA;VINTE E TRÊS DE MAIO;RUA AYRTON SENNA;29;1 - Masculino;BRANCA;Ignorado / Não Informado;Terreno Baldio / Construção / Mata
52448046;28/09/2023;22:33:07;Homicídio Doloso;PINHEIROS;JUNDIA;RUA SAO JOAO;19;1 - Masculino;PARDA;Arma de Fogo;Domicílio
52448046;28/09/2023;22:33:07;Homicídio Doloso;PINHEIROS;JUNDIA;RUA SAO JOAO;33;1 - Masculino;Indeterminada;Arma de Fogo;Domicílio
52449366;29/09/2023;07:14:00;Homicídio Doloso;VILA VELHA;NOVA AMERICA;RUA IRACI CORTELETI;35;1 - Masculino;PARDA;Arma Branca;Curso D'água
52455526;29/09/2023;20:41:39;Homicídio Doloso;LINHARES;NOVA ESPERANCA;RUA SÃO VALENTIM;16;1 - Masculino;PARDA;Arma de Fogo;Via Pública
52456960;30/09/2023;08:24:19;Homicídio Doloso;CONCEICAO DA BARRA;CENTRO;RUA NÃO CADASTRADA;18;1 - Masculino;BRANCA;Arma de Fogo;Via Pública
52457026;30/09/2023;00:28:04;Homicídio Doloso;MANTENOPOLIS;CENTRO;RUA TIRADENTES;17;1 - Masculino;NEGRA;Arma de Fogo;Via Pública
52467372;01/10/2023;07:20:30;Homicídio Doloso;JAGUARE;BARRA SECA;RUA ANTENOR ALVES;29;1 - Masculino;NEGRA;Arma de Fogo;Via Pública
52471419;01/10/2023;18:00:08;Homicídio Doloso;VILA VALERIO;BOA VISTA;RUA JOAQUIM XAVIER;27;1 - Masculino;PARDA;Arma de Fogo;Terreno Baldio / Construção / Mata
52468295;01/10/2023;10:07:30;Homicídio Doloso;SAO ROQUE DO CANAA;CENTRO;RUA JOSE REGATTIERI;65;2 - Feminino;BRANCA;Arma Branca;Domicílio
52470310;01/10/2023;15:32:52;Homicídio Doloso;VILA VELHA;DIVINO ESPÍRITO SANTO;RUA NÃO CADASTRADA;35;1 - Masculino;PARDA;Arma de Fogo;Via Pública
52468547;01/10/2023;00:25:00;Homicídio Doloso;LINHARES;JUPARANA;RUA DOMINGOS DUDA;19;1 - Masculino;PARDA;Arma de Fogo;Domicílio
52467205;01/10/2023;05:42:03;Homicídio Doloso;SERRA;MORADA DE LARANJEIRAS;AV EUDES SCHERRER SOUZA;28;1 - Masculino;NEGRA;Arma de Fogo;Domicílio
52482714;03/10/2023;02:14:11;Homicídio Doloso;LINHARES;SAO JOSE;RUA HENRIQUE CABUGO;32;1 - Masculino;PARDA;Arma de Fogo;Via Pública
52482714;03/10/2023;02:14:11;Homicídio Doloso;LINHARES;SAO JOSE;RUA HENRIQUE CABUGO;34;1 - Masculino;PARDA;Arma de Fogo;Via Pública
52494645;04/10/2023;13:43:16;Homicídio Doloso;VITORIA;CENTRO;RUA DUQUE DE CAXIAS;61;2 - Feminino;NEGRA;Arma Branca;Via Pública
52490803;04/10/2023;00:00:07;Homicídio Doloso;VITORIA;ROMAO;RUA DOM BOSCO;16;1 - Masculino;PARDA;Arma de Fogo;Via Pública
52500679;05/10/2023;06:43:26;Homicídio Doloso;LINHARES;AVISO;AV FILOGONIO PEIXOTO;41;1 - Masculino;PARDA;Arma de Fogo;Via Pública
52504551;05/10/2023;14:40:54;Homicídio Doloso;JAGUARE;FATIMA;RUA NÃO CADASTRADA;30;1 - Masculino;PARDA;Arma Branca;Via Pública
52502795;05/10/2023;11:29:28;Homicídio Doloso;VITORIA;ITARARE;RUA DANIEL ABREU MACHADO;15;1 - Masculino;PARDA;Arma de Fogo;Via Pública
52500200;05/10/2023;02:49:50;Homicídio Doloso;SERRA;NOVA CARAPINA II;RUA OURO PRETO;23;2 - Feminino;PARDA;Arma de Fogo;Curso D'água
52509724;06/10/2023;05:32:30;Homicídio Doloso;LINHARES;BEBEDOURO;RUA ANTONIO JOVITA FERREIRA;37;1 - Masculino;PARDA;Arma de Fogo;Domicílio
52515294;06/10/2023;17:27:21;Homicídio Doloso;CACHOEIRO DE ITAPEMIRIM;ZONA RURAL;ROD CACHOEIRO FRADE;28;1 - Masculino;PARDA;Arma de Fogo;Domicílio
52516975;06/10/2023;20:17:58;Homicídio Doloso;VILA PAVAO;ZONA RURAL;RUA NÃO CADASTRADA;19;1 - Masculino;PARDA;Arma de Fogo;Domicílio
52516975;06/10/2023;20:17:58;Homicídio Doloso;VILA PAVAO;ZONA RURAL;RUA NÃO CADASTRADA;43;2 - Feminino;PARDA;Arma de Fogo;Domicílio
52519149;07/10/2023;00:22:30;Homicídio Doloso;VIANA;ARLINDO ANGELO VILLASCHI;RUA PERNAMBUCO;40;1 - Masculino;PARDA;Arma de Fogo;Via Pública
52522715;07/10/2023;11:43:47;Homicídio Doloso;LINHARES;BEBEDOURO;ROD BR 101;31;1 - Masculino;PARDA;Arma Branca;Via Pública
52524052;07/10/2023;14:19:59;Homicídio Doloso;JAGUARE;FATIMA;RUA NÃO CADASTRADA;35;2 - Feminino;PARDA;Arma de Fogo;Via Pública
52529088;07/10/2023;23:14:31;Homicídio Doloso;GUARAPARI;PRAIA DO MORRO;RUA ADELINA ALCANTARA TEIXEIRA;30;1 - Masculino;PARDA;Arma de Fogo;Terreno Baldio / Construção / Mata
52520332;07/10/2023;04:45:56;Homicídio Doloso;PANCAS;ZONA RURAL;RUA NÃO CADASTRADA;44;1 - Masculino;NEGRA;Arma Branca;Via Pública
52530393;08/10/2023;02:42:19;Homicídio Doloso;VITORIA;CRUZAMENTO;TRAVESSA EUFLORZINA MARIA DA CONCEIÇÃO;20;1 - Masculino;NEGRA;Arma de Fogo;Via Pública
52530393;08/10/2023;02:42:10;Homicídio Doloso;VITORIA;CRUZAMENTO;TRAVESSA EUFLORZINA MARIA DA CONCEIÇÃO;20;2 - Feminino;NEGRA;Arma de Fogo;Via Pública
52532899;08/10/2023;12:09:44;Homicídio Doloso;LINHARES;LINHARES V;RUA VENTURA FERRAÇO;43;1 - Masculino;PARDA;Arma de Fogo;Praça / Parques / Área Pública
52535347;08/10/2023;16:55:33;Homicídio Doloso;CARIACICA;NOVA VALVERDE;RUA NOVA VALVERDE;53;1 - Masculino;BRANCA;ESPANCAMENTO;Domicílio
52550359;09/10/2023;13:40:00;Homicídio Doloso;VIANA;CABRAL;RUA NÃO CADASTRADA;41;1 - Masculino;PARDA;ESPANCAMENTO;Unidade Prisional
52541311;09/10/2023;10:43:32;Homicídio Doloso;JAGUARE;SEAC;RUA NÃO CADASTRADA;37;1 - Masculino;PARDA;Arma Branca;Domicílio
52544649;09/10/2023;16:28:06;Homicídio Doloso;VILA VELHA;VALE ENCANTADO;RUA NÃO CADASTRADA;21;1 - Masculino;BRANCA;Arma de Fogo;Via Pública
52548746;10/10/2023;01:59:20;Homicídio Doloso;SAO GABRIEL DA PALHA;GLÓRIA;RUA PADRE FRANCISCO SOKUL;44;1 - Masculino;NEGRA;Arma de Fogo;Terreno Baldio / Construção / Mata
52552140;10/10/2023;12:06:30;Homicídio Doloso;VITORIA;ITARARE;RUA DANIEL ABREU MACHADO;16;1 - Masculino;PARDA;Arma de Fogo;Via Pública
52556678;10/10/2023;20:26:46;Homicídio Doloso;VILA VELHA;SANTA MÔNICA;RUA JOÃO MENDES;16;1 - Masculino;NEGRA;Arma de Fogo;Via Pública
52491893;11/10/2023;10:27:12;Homicídio Doloso;GUACUI;BALANCA;ROD BR 482;50;1 - Masculino;BRANCA;Linchamento;Domicílio
52560750;11/10/2023;10:52:26;Homicídio Doloso;CACHOEIRO DE ITAPEMIRIM;DOUTOR GILSON CARONE;RUA IDALINA BOLOGNINI;30;1 - Masculino;PARDA;Arma de Fogo;Ignorado
52558037;11/10/2023;00:58:10;Homicídio Doloso;VILA VELHA;JOCKEY DE ITAPARICA;RUA ITAPARICA;29;1 - Masculino;PARDA;Objeto Contundente;Domicílio
52584657;13/10/2023;22:05:27;Homicídio Doloso;SAO MATEUS;CENTRO;RUA CORONEL MATEUS CUNHA;36;1 - Masculino;NEGRA;Arma Branca;Via Pública
52580454;13/10/2023;13:53:02;Homicídio Doloso;CARIACICA;FLEXAL I;RUA BOA ESPERANÇA;26;1 - Masculino;PARDA;Arma de Fogo;Via Pública
52577213;13/10/2023;02:27:07;Homicídio Doloso;VITORIA;SANTO ANTÔNIO;AV ADELPHO POLI MONJARDIM;50;1 - Masculino;PARDA;Arma de Fogo;Via Pública
52592289;14/10/2023;19:54:01;Homicídio Doloso;SERRA;SERRA DOURADA III;RUA SÃO PAULO;27;1 - Masculino;PARDA;Arma de Fogo;Praça / Parques / Área Pública
52599214;15/10/2023;17:24:50;Homicídio Doloso;IBIRACU;CAMPAGNARO;RUA JOSE DO CLAYTON GOS;38;1 - Masculino;PARDA;Arma de Fogo;Via Pública
52600256;15/10/2023;19:33:15;Homicídio Doloso;SERRA;CAMPINHO DA SERRA I;RUA A;29;1 - Masculino;PARDA;Arma de Fogo;Via Pública
52597309;15/10/2023;12:44:43;Homicídio Doloso;CARIACICA;PORTO DE SANTANA;RUA PRINCIPAL;20;1 - Masculino;PARDA;Arma de Fogo;Via Pública
52597309;15/10/2023;12:44:43;Homicídio Doloso;CARIACICA;PORTO DE SANTANA;RUA PRINCIPAL;20;1 - Masculino;PARDA;Arma de Fogo;Via Pública
52608662;15/10/2023;18:14:16;Homicídio Doloso;SANTA MARIA DE JETIBA;SANTA LUZIA DO RECREIO;RUA NÃO CADASTRADA;;;;ESPANCAMENTO;Domicílio
52602044;16/10/2023;01:07:54;Homicídio Doloso;CARIACICA;BANDEIRANTES;RUA MONTE SIAO;39;1 - Masculino;NEGRA;Arma de Fogo;Praça / Parques / Área Pública
52603913;16/10/2023;09:59:29;Homicídio Doloso;VITORIA;MARUÍPE;AV MARECHAL CAMPOS;25;1 - Masculino;PARDA;Arma de Fogo;Via Pública
52611524;17/10/2023;01:46:56;Homicídio Doloso;ITAPEMIRIM;JARDIM PAULISTA;RUA SÃO CAETANO;30;1 - Masculino;BRANCA;Arma de Fogo;Via Pública
52611266;17/10/2023;07:57:00;Homicídio Doloso;JAGUARE;SAO ROQUE;RUA PRINCIPAL;35;1 - Masculino;PARDA;Arma de Fogo;Estabelecimento Comercial
52621525;18/10/2023;08:02:23;Homicídio Doloso;VILA VELHA;JARDIM MARILÂNDIA;RUA CRISOPOLIS;57;1 - Masculino;BRANCA;ESPANCAMENTO;Estabelecimento Comercial
52623253;18/10/2023;11:34:02;Homicídio Doloso;SERRA;LAGOA DE CARAPEBUS;RUA QUARENTA E SEIS;29;1 - Masculino;PARDA;Arma de Fogo;Via Pública
52621136;18/10/2023;06:28:51;Homicídio Doloso;CACHOEIRO DE ITAPEMIRIM;MONTE CRISTO;RUA ARIO SANDEMBERG;29;1 - Masculino;NEGRA;Arma de Fogo;Via Pública
52625440;18/10/2023;15:45:51;Homicídio Doloso;LINHARES;SANTA CRUZ;RUA ERACY DE AGUIAR BARBOSA;;;;Arma de Fogo;Terreno Baldio / Construção / Mata
52623712;18/10/2023;12:25:07;Homicídio Doloso;RIO BANANAL;SAO SEBASTIAO;RUA JULIO MULINARI;34;1 - Masculino;PARDA;Arma de Fogo;Via Pública
52646563;20/10/2023;21:09:02;Homicídio Doloso;LINHARES;CENTRO;AV RUI BARBOSA;36;1 - Masculino;PARDA;Arma Branca;Outros Locais
52647208;20/10/2023;22:40:15;Homicídio Doloso;VITORIA;ILHA DE SANTA MARIA;RUA GUIDO PRATTI;19;1 - Masculino;BRANCA;Arma de Fogo;Praça / Parques / Área Pública
52647741;20/10/2023;23:53:57;Homicídio Doloso;SAO MATEUS;LIBERDADE;RUA MANOEL PEREIRA DOS SANTOS;26;1 - Masculino;PARDA;Arma de Fogo;Via Pública
52645202;20/10/2023;18:35:51;Homicídio Doloso;SERRA;VILA NOVA DE COLARES;RUA IGUATEMIR;26;1 - Masculino;PARDA;Arma de Fogo;Via Pública
52639243;20/10/2023;04:08:55;Homicídio Doloso;IRUPI;ZONA RURAL;ROD ES 185;27;1 - Masculino;BRANCA;Arma de Fogo;Via Pública
52659487;22/10/2023;15:15:39;Homicídio Doloso;VITORIA;BONFIM;ESC BOTAFOGO;30;1 - Masculino;PARDA;Arma de Fogo;Estabelecimento Industrial
52674161;23/10/2023;22:56:49;Homicídio Doloso;CARIACICA;CARIACICA SEDE;RUA EMILIO PASOLINE MUNIZ;16;1 - Masculino;NEGRA;Arma de Fogo;Domicílio
52674161;23/10/2023;22:56:49;Homicídio Doloso;CARIACICA;CARIACICA SEDE;RUA EMILIO PASOLINE MUNIZ;46;1 - Masculino;NEGRA;Arma de Fogo;Domicílio
52677723;24/10/2023;12:07:58;Homicídio Doloso;VILA VELHA;JOAO GOULART;RUA ERNESTO DINIZ;42;1 - Masculino;Indeterminada;Objeto Contundente;Domicílio
52684004;25/10/2023;05:12:06;Homicídio Doloso;VILA VELHA;DARLY SANTOS;RUA ANTONIO PIN;15;1 - Masculino;PARDA;Arma de Fogo;Via Pública
52688250;25/10/2023;14:54:52;Homicídio Doloso;VITORIA;SAO PEDRO;RUA MANOEL ROSINDO;17;1 - Masculino;NEGRA;Arma de Fogo;Domicílio
52684543;25/10/2023;07:46:34;Homicídio Doloso;VILA VELHA;TERRA VERMELHA;RUA BOA ESPERANÇA;41;1 - Masculino;PARDA;Arma de Fogo;Terreno Baldio / Construção / Mata
52686367;25/10/2023;11:22:15;Homicídio Doloso;MARATAIZES;ZONA RURAL;RUA NÃO CADASTRADA;25;1 - Masculino;PARDA;Arma de Fogo;Terreno Baldio / Construção / Mata
52692559;26/10/2023;01:04:56;Homicídio Doloso;SERRA;BAIRRO DAS LARANJEIRAS;RUA GUAIACURU;27;1 - Masculino;PARDA;Arma de Fogo;Via Pública
52700226;26/10/2023;20:28:40;Homicídio Doloso;SAO MATEUS;GURIRI;RUA 33 SUL;67;1 - Masculino;PARDA;Arma de Fogo;Domicílio
52700559;26/10/2023;21:22:23;Homicídio Doloso;VILA VELHA;RIO MARINHO;RUA TREZE DE MAIO;32;1 - Masculino;BRANCA;Arma de Fogo;Via Pública
52694181;26/10/2023;09:33:10;Homicídio Doloso;VILA VELHA;SANTA RITA;RUA FERNANDO ANTONIO SILVEIRA;15;1 - Masculino;NEGRA;Arma de Fogo;Domicílio
52702790;27/10/2023;07:03:01;Homicídio Doloso;MUNIZ FREIRE;FORTALEZA;RUA NÃO CADASTRADA;21;1 - Masculino;PARDA;Arma de Fogo;Via Pública
52706926;27/10/2023;15:29:38;Homicídio Doloso;VITORIA;RESISTÊNCIA;RUA NOVO HORIZONTE;16;1 - Masculino;PARDA;Arma de Fogo;Via Pública
52710916;27/10/2023;22:45:06;Homicídio Doloso;JERONIMO MONTEIRO;SANTO ANTÔNIO;RUA DIMAS BATISTA PEREIRA;23;1 - Masculino;PARDA;Arma de Fogo;Terreno Baldio / Construção / Mata
52723714;28/10/2023;15:15:15;Homicídio Doloso;SANTA MARIA DE JETIBA;ALTO RIO NOVO;RUA NÃO CADASTRADA;67;1 - Masculino;PARDA;Ignorado / Não Informado;Via Pública
52712368;28/10/2023;01:20:28;Homicídio Doloso;SERRA;DIVINÓPOLIS;RUA IPATINGA;25;2 - Feminino;PARDA;Arma de Fogo;Via Pública
52720220;28/10/2023;21:04:04;Homicídio Doloso;SAO ROQUE DO CANAA;SAO ROQUINHO;RUA NÃO CADASTRADA;39;1 - Masculino;BRANCA;Arma de Fogo;Domicílio
52729900;29/10/2023;20:28:52;Homicídio Doloso;BOA ESPERANCA;BOA MIRA;RUA JOAQUIM HONORIO DE CASTRO;22;1 - Masculino;NEGRA;Arma de Fogo;Curso D'água
52728681;29/10/2023;18:21:20;Homicídio Doloso;CONCEICAO DA BARRA;CENTRO;RUA NÃO CADASTRADA;20;1 - Masculino;PARDA;Arma de Fogo;Via Pública
52730026;29/10/2023;20:56:55;Homicídio Doloso;CARIACICA;FLEXAL I;RUA BOA ESPERANÇA;27;1 - Masculino;PARDA;Arma de Fogo;Via Pública
52724897;29/10/2023;09:58:36;Homicídio Doloso;VITORIA;GOIABEIRAS;AV JERONIMO VERVLOET;22;1 - Masculino;PARDA;Fogo;Via Pública
52721710;29/10/2023;00:01:26;Homicídio Doloso;VILA VELHA;JABURUNA;RUA ACARATI;28;1 - Masculino;PARDA;Arma de Fogo;Via Pública
52722978;29/10/2023;03:37:19;Homicídio Doloso;LINHARES;LAGOA AGUIAR;RUA NÃO CADASTRADA;30;1 - Masculino;NEGRA;Arma de Fogo;Terreno Baldio / Construção / Mata
52727285;29/10/2023;15:46:20;Homicídio Doloso;LINHARES;SHELL;RUA CONTORNO;44;1 - Masculino;PARDA;Arma de Fogo;Via Pública
52732260;30/10/2023;05:38:27;Homicídio Doloso;CARIACICA;CAÇAROCA;ESTRADA DO TANQUE;44;2 - Feminino;PARDA;Arma de Fogo;Via Pública
52731890;30/10/2023;02:20:48;Homicídio Doloso;VITORIA;CENTRO;AV MAL MASCARENHAS DE MORAES;33;1 - Masculino;PARDA;Arma de Fogo;Via Pública
52735393;30/10/2023;12:26:57;Homicídio Doloso;SAO MATEUS;NOVA AIMORES;RUA NÃO CADASTRADA;47;1 - Masculino;PARDA;Fogo;Domicílio
52740614;30/10/2023;22:41:08;Homicídio Doloso;CARIACICA;SOTELÂNDIA;RUA VALTER MACHADO;19;1 - Masculino;PARDA;Arma de Fogo;Domicílio
52744257;31/10/2023;11:22:33;Homicídio Doloso;VILA VELHA;SOTECO;RUA MONTEIRO LOBATO;26;1 - Masculino;PARDA;Arma de Fogo;Via Pública
52759705;01/11/2023;22:34:03;Homicídio Doloso;LINHARES;DESENGANO;RUA NÃO CADASTRADA;;;;Arma Branca;Terreno Baldio / Construção / Mata
52692885;01/11/2023;10:44:40;Homicídio Doloso;VITORIA;MARIA ORTIZ;RUA CIRO VIEIRA DA CUNHA;45;1 - Masculino;PARDA;Arma de Fogo;Via Pública
52768871;02/11/2023;23:03:40;Homicídio Doloso;SERRA;BELVEDERE;RUA ECOPORANGA;42;1 - Masculino;PARDA;Arma Branca;Domicílio
52769217;03/11/2023;00:03:00;Homicídio Doloso;SAO MATEUS;FAZENDA PAULSITA;RUA ARGEMIRO ALVES DE SOUZA;21;1 - Masculino;NEGRA;Arma de Fogo;Terreno Baldio / Construção / Mata
52770052;03/11/2023;05:32:30;Homicídio Doloso;SAO MATEUS;LIBERDADE;ESTRADA DO NATIVO;19;1 - Masculino;PARDA;Arma de Fogo;Via Pública
52769965;03/11/2023;05:08:20;Homicídio Doloso;CARIACICA;NOVA CAMPO GRANDE;RUA PRINCESA ISABEL;44;1 - Masculino;BRANCA;Arma de Fogo;Via Pública
52771537;03/11/2023;10:43:18;Homicídio Doloso;CARIACICA;PADRE GABRIEL;RUA CIRCULAR;16;1 - Masculino;PARDA;Arma de Fogo;Via Pública
52803982;04/11/2023;19:50:27;Homicídio Doloso;CARIACICA;ALTO LAGE;RUA PEDRO ALVARES CABRAL;32;1 - Masculino;PARDA;Arma de Fogo;Via Pública
52776715;04/11/2023;00:00:59;Homicídio Doloso;LINHARES;AVISO;RUA VICENTE GRASSI MORELO;18;1 - Masculino;NEGRA;Arma de Fogo;Domicílio
52781118;04/11/2023;11:41:23;Homicídio Doloso;VILA VELHA;ILHA DA CONCEICAO;RUA PROFESSOR IRINEU FRAGA NEVES;19;1 - Masculino;PARDA;Arma de Fogo;Via Pública
52781118;04/11/2023;11:41:24;Homicídio Doloso;VILA VELHA;ILHA DA CONCEICAO;RUA PROFESSOR IRINEU FRAGA NEVES;21;1 - Masculino;PARDA;Arma de Fogo;Via Pública
52782155;04/11/2023;13:48:03;Homicídio Doloso;CACHOEIRO DE ITAPEMIRIM;VILLAGE DA LUZ;RUA MANOEL DA SILVA MOTA;39;1 - Masculino;PARDA;Arma Branca;Via Pública
52791725;05/11/2023;13:22:24;Homicídio Doloso;SANTA MARIA DE JETIBA;ALTO SAO SEBASTIAO;RUA NÃO CADASTRADA;40;1 - Masculino;BRANCA;Arma de Fogo;Domicílio
52793486;05/11/2023;19:46:28;Homicídio Doloso;LINHARES;BEBEDOURO;RUA ANTONIO GOMES MACEDO;20;1 - Masculino;PARDA;Arma de Fogo;Curso D'água
52791927;05/11/2023;16:17:34;Homicídio Doloso;SERRA;RESIDENCIAL JACARAÍPE;AV LUIZ DALLA BERNARDINA;18;1 - Masculino;NEGRA;Arma de Fogo;Via Pública
52791927;05/11/2023;16:17:34;Homicídio Doloso;SERRA;RESIDENCIAL JACARAÍPE;AV LUIZ DALLA BERNARDINA;19;1 - Masculino;BRANCA;Arma de Fogo;Via Pública
52803355;06/11/2023;21:01:28;Homicídio Doloso;LINHARES;CENTRO;RUA MONSENHOR PEDRINHA;18;1 - Masculino;PARDA;Arma de Fogo;Via Pública
52802766;06/11/2023;19:38:17;Homicídio Doloso;PEDRO CANARIO;EXPLANADA;RUA PEDRO CANARIO RIBEIRO;22;1 - Masculino;PARDA;Arma de Fogo;Estabelecimento Comercial
52803463;06/11/2023;21:13:56;Homicídio Doloso;LINHARES;NOVO HORIZONTE;RUA PAPA JOAO PAULO XXII;31;1 - Masculino;PARDA;Arma de Fogo;Via Pública
52796048;06/11/2023;06:33:26;Homicídio Doloso;VILA PAVAO;ZONA RURAL;RUA NÃO CADASTRADA;;;;Arma Branca;Terreno Baldio / Construção / Mata
52809449;07/11/2023;15:25:10;Homicídio Doloso;LINHARES;ZONA RURAL;RUA NÃO CADASTRADA;45;1 - Masculino;PARDA;Ignorado / Não Informado;Unidade Prisional
52813497;08/11/2023;03:15:51;Homicídio Doloso;VITORIA;SAO PEDRO;RUA CINCO DE JULHO;59;2 - Feminino;NEGRA;Arma Branca;Via Pública
52822014;09/11/2023;23:56:50;Homicídio Doloso;GUACUI;SAO PEDRO DE RATES;AV JULIO DIAS FERREIRA;58;1 - Masculino;BRANCA;Arma Branca;Via Pública
52841114;10/11/2023;18:57:10;Homicídio Doloso;VITORIA;CONQUISTA;RUA FELICIDADE;17;2 - Feminino;PARDA;Arma de Fogo;Terreno Baldio / Construção / Mata
52841167;11/11/2023;05:22:20;Homicídio Doloso;SAO MATEUS;BOM SUCESSO;RUA 14;21;1 - Masculino;PARDA;Arma Branca;Domicílio
52841695;11/11/2023;08:07:00;Homicídio Doloso;SERRA;CASTELÂNDIA;AV NOSSA SENHORA DOS NAVEGANTES;22;1 - Masculino;PARDA;Arma de Fogo;Via Pública
52849735;11/11/2023;23:28:36;Homicídio Doloso;BARRA DE SAO FRANCISCO;COLINA;ESCADARIA 07 DE SETEMBRO;29;1 - Masculino;NEGRA;Arma de Fogo;Via Pública
52846172;11/11/2023;17:17:29;Homicídio Doloso;MARATAIZES;PRAIA DO CACOES;RUA PROJETADA;47;1 - Masculino;NEGRA;Arma de Fogo;Via Pública
52853158;12/11/2023;10:25:00;Homicídio Doloso;COLATINA;AYRTON SENNA;AV DUCILDO BATISTA;20;1 - Masculino;PARDA;Arma de Fogo;Domicílio
52853729;12/11/2023;11:43:56;Homicídio Doloso;PEDRO CANARIO;CRISTAL DO NORTE;RUA DAS FLORES;33;1 - Masculino;PARDA;Arma de Fogo;Domicílio
52858972;12/11/2023;21:29:25;Homicídio Doloso;VITORIA;JARDIM DA PENHA;AV DANTE MICHELINI;33;1 - Masculino;PARDA;Arma Branca;Via Pública
52853628;12/11/2023;11:30:24;Homicídio Doloso;CARIACICA;NOVA ROSA DA PENHA;RUA SESSENTA E CINCO;22;1 - Masculino;BRANCA;Arma de Fogo;Via Pública
52857842;12/11/2023;19:04:12;Homicídio Doloso;SERRA;PARQUE RESIDENCIAL TUBARAO;RUA VARSOVIA;29;1 - Masculino;PARDA;Arma de Fogo;Via Pública
52860850;13/11/2023;07:01:39;Homicídio Doloso;COLATINA;HONÓRIO FRAGA;RUA RUBENS LEONIDAS LIRIO;20;2 - Feminino;PARDA;Asfixia;Terreno Baldio / Construção / Mata
52872635;14/11/2023;10:17:05;Homicídio Doloso;CARIACICA;APARECIDA;RUA PRESIDENTE COSTA E SILVA;24;1 - Masculino;PARDA;Arma de Fogo;Via Pública
52872783;14/11/2023;10:25:56;Homicídio Doloso;CARIACICA;BUBU;AV ANTONIO TEIXEIRA ALMEIDA;30;1 - Masculino;PARDA;Arma de Fogo;Terreno Baldio / Construção / Mata
52872783;14/11/2023;10:25:56;Homicídio Doloso;CARIACICA;BUBU;AV ANTONIO TEIXEIRA ALMEIDA;34;1 - Masculino;PARDA;Arma de Fogo;Terreno Baldio / Construção / Mata
52870706;14/11/2023;05:19:03;Homicídio Doloso;CARIACICA;NOVA ROSA DA PENHA;RUA CINCO;46;1 - Masculino;PARDA;Arma de Fogo;Via Pública
52870088;14/11/2023;00:28:08;Homicídio Doloso;ARACRUZ;SEGATO;RUA TEREZA ZANCHETTA;25;1 - Masculino;NEGRA;Arma de Fogo;Via Pública
52885988;15/11/2023;16:53:13;Homicídio Doloso;VITORIA;BAIRRO DA PENHA;RUA HERMINIO BECKMAN;18;1 - Masculino;PARDA;Arma de Fogo;Via Pública
52888577;15/11/2023;22:03:07;Homicídio Doloso;COLATINA;CACHOEIRA DO ONZE;RUA NÃO CADASTRADA;50;1 - Masculino;PARDA;Arma de Fogo;Via Pública
52881169;15/11/2023;03:55:43;Homicídio Doloso;AFONSO CLAUDIO;CENTRO;RUA OTAVIO SAITHER;26;1 - Masculino;PARDA;Arma Branca;Via Pública
52890859;16/11/2023;08:28:02;Homicídio Doloso;CACHOEIRO DE ITAPEMIRIM;BOA VISTA;RUA MERCEDES QUINTINO DA SILVA LOURENÇO;18;1 - Masculino;PARDA;Arma de Fogo;Praça / Parques / Área Pública
52890221;16/11/2023;06:15:39;Homicídio Doloso;CARIACICA;NOVA CAMPO GRANDE;RUA JERUSALEM;32;1 - Masculino;PARDA;Arma de Fogo;Domicílio
52889839;16/11/2023;02:50:30;Homicídio Doloso;VILA VELHA;NOVO MEXICO;RUA CRAVO VERMELHO;39;1 - Masculino;BRANCA;Arma Branca;Via Pública
52908755;17/11/2023;22:37:05;Homicídio Doloso;SAO MATEUS;GURIRI;RUA TRINTA;36;1 - Masculino;PARDA;Arma de Fogo;Via Pública
52899958;17/11/2023;04:57:06;Homicídio Doloso;ECOPORANGA;VILA NOVA;AV JOSE ASSIS BAETA;42;1 - Masculino;PARDA;Arma de Fogo;Domicílio
52918673;18/11/2023;22:20:32;Homicídio Doloso;CARIACICA;BANDEIRANTES;RUA MARECHAL FLORIANO;34;1 - Masculino;NEGRA;Arma de Fogo;Via Pública
52910182;18/11/2023;02:56:24;Homicídio Doloso;GUARAPARI;BELA VISTA;RUA MINAS GERAIS;37;1 - Masculino;PARDA;ESPANCAMENTO;Via Pública
52916937;18/11/2023;19:29:02;Homicídio Doloso;SOORETAMA;CENTRO;RUA ALIDE LIMA MONTEIRO;42;1 - Masculino;PARDA;Arma Branca;Praça / Parques / Área Pública
52909464;18/11/2023;00:15:27;Homicídio Doloso;LINHARES;NOVA ESPERANCA;RUA ANTONIO DOS REIS PAIVA;19;1 - Masculino;Indeterminada;Arma de Fogo;Via Pública
52928650;19/11/2023;23:41:52;Homicídio Doloso;VITORIA;GRANDE VITÓRIA;RUA NÃO CADASTRADA;18;1 - Masculino;NEGRA;Arma de Fogo;Via Pública
52818479;19/11/2023;00:09:53;Homicídio Doloso;SERRA;ZONA RURAL;RUA NÃO INFORMADA;29;1 - Masculino;PARDA;ESPANCAMENTO;Estabelecimento Comercial
52929112;20/11/2023;23:52:28;Homicídio Doloso;SAO MATEUS;CENTRO;RUA NÃO CADASTRADA;27;2 - Feminino;PARDA;Arma Branca;Via Pública
52935879;20/11/2023;17:34:06;Homicídio Doloso;SAO MATEUS;GURIRI;AV OCEANO ATLANTICO;28;1 - Masculino;Indeterminada;Arma de Fogo;Via Pública
52932094;20/11/2023;11:14:51;Homicídio Doloso;VITORIA;INHANGUETA;RUA ADELFO POLI MONJARDIM;43;1 - Masculino;PARDA;Arma de Fogo;Estabelecimento Comercial
52929220;20/11/2023;00:13:37;Homicídio Doloso;NOVA VENECIA;SAO CRISTOVAO;RUA W;32;1 - Masculino;PARDA;Arma de Fogo;Estabelecimento Comercial
52950691;22/11/2023;12:16:52;Homicídio Doloso;CONCEICAO DA BARRA;CENTRO;RUA CAPITAO ANTERO FARIA;42;1 - Masculino;PARDA;Arma de Fogo;Estabelecimento Comercial
52949032;22/11/2023;09:20:59;Homicídio Doloso;VILA VELHA;DIVINO ESPÍRITO SANTO;RUA BEZERRA DE MENEZES;27;1 - Masculino;PARDA;Arma de Fogo;Via Pública
52956887;23/11/2023;03:26:00;Homicídio Doloso;SOORETAMA;CONJUNTO DALVO LOUREIRO;RUA ELCIO MARQUES;15;1 - Masculino;PARDA;Arma de Fogo;Via Pública
52957468;23/11/2023;07:22:46;Homicídio Doloso;SERRA;PORTAL DE JACARAÍPE;RUA RECANTO VERDE;;;;Arma de Fogo;Ponte / Viaduto
52972787;24/11/2023;18:36:02;Homicídio Doloso;CARIACICA;NOVA ROSA DA PENHA II;RUA VINTE E UM;47;1 - Masculino;PARDA;Arma Branca;Via Pública
52980875;25/11/2023;17:12:50;Homicídio Doloso;CARIACICA;CRUZEIRO DO SUL;RUA DOM PEDRO II;23;1 - Masculino;NEGRA;Arma de Fogo;Via Pública
52975846;25/11/2023;03:08:13;Homicídio Doloso;ARACRUZ;GUARANA;ROD ES 124;43;1 - Masculino;PARDA;Arma de Fogo;Via Pública
52981254;25/11/2023;17:54:49;Homicídio Doloso;VILA VELHA;ZUMBI DOS PALMARES;RUA SILVIO AVIDOS;20;1 - Masculino;NEGRA;Arma de Fogo;Via Pública
52991470;26/11/2023;18:32:11;Homicídio Doloso;VILA VELHA;ATAÍDE;AV CENTRAL;;;;Linchamento;Via Pública
52986529;26/11/2023;07:13:57;Homicídio Doloso;CACHOEIRO DE ITAPEMIRIM;MONTE LÍBANO;ROD ES 488;19;1 - Masculino;PARDA;Arma de Fogo;Domicílio
52986500;26/11/2023;07:10:20;Homicídio Doloso;SOORETAMA;SAYONARA;RUA PEROBAS;57;1 - Masculino;BRANCA;Arma de Fogo;Estabelecimento Comercial
53003043;27/11/2023;21:52:07;Homicídio Doloso;LINHARES;AVISO;AV PARANÁ;41;1 - Masculino;NEGRA;Arma de Fogo;Domicílio
52994551;27/11/2023;04:05:00;Homicídio Doloso;BOM JESUS DO NORTE;LOTEAMENTO GRANDE VITÓRIA;RUA VEREADOR MARCIANO BOECHAT;20;1 - Masculino;NEGRA;Arma de Fogo;Domicílio
53000984;27/11/2023;17:40:25;Homicídio Doloso;SERRA;NOVA CAPARINA I;RUA GOVERNADOR VALADARES;19;1 - Masculino;PARDA;Arma de Fogo;Domicílio
53000758;27/11/2023;17:20:11;Homicídio Doloso;CACHOEIRO DE ITAPEMIRIM;VALAO;RUA ELPIDIO VOLPINI;66;2 - Feminino;BRANCA;Arma de Fogo;Via Pública
52994032;27/11/2023;01:59:52;Homicídio Doloso;SAO MATEUS;ZONA RURAL;RUA NÃO CADASTRADA;25;1 - Masculino;PARDA;Arma Branca;Domicílio
53013630;28/11/2023;23:15:51;Homicídio Doloso;VITORIA;CARATOÍRA;RUA BYRON VIDIGAL;26;1 - Masculino;PARDA;Arma de Fogo;Domicílio
53013354;28/11/2023;22:59:04;Homicídio Doloso;PEDRO CANARIO;CENTRO;AV ALBERTO DOS REIS CASTRO;;1 - Masculino;PARDA;Arma de Fogo;Via Pública
53005028;28/11/2023;07:25:17;Homicídio Doloso;JAGUARE;FATIMA;RUA NÃO CADASTRADA;28;1 - Masculino;BRANCA;Arma de Fogo;Estabelecimento Comercial
53013237;28/11/2023;22:09:19;Homicídio Doloso;BARRA DE SAO FRANCISCO;VILA VICENTE;AV CARLOS VALLI;18;1 - Masculino;PARDA;Arma de Fogo;Domicílio
53017424;29/11/2023;12:38:40;Homicídio Doloso;SAO MATEUS;ITAUNINHAS;RUA NÃO CADASTRADA;69;2 - Feminino;NEGRA;Arma Branca;Domicílio
53016489;29/11/2023;10:53:02;Homicídio Doloso;CARIACICA;VILA INDEPENDÊNCIA;RUA DAS FLORES;37;1 - Masculino;NEGRA;Arma de Fogo;Via Pública
53028699;30/11/2023;15:52:15;Homicídio Doloso;LINHARES;FAZENDA RIO DOCE;RUA NÃO CADASTRADA;26;1 - Masculino;PARDA;Arma de Fogo;Estabelecimento Comercial
53023358;30/11/2023;02:06:18;Homicídio Doloso;COLATINA;NOSSA SENHROA APARECIDA;RUA JOSE LIMA;47;2 - Feminino;BRANCA;Arma de Fogo;Via Pública
53027953;30/11/2023;14:39:31;Homicídio Doloso;VITORIA;SANTO ANDRE;RUA MINISTRO RUI BARBOSA;45;1 - Masculino;PARDA;Arma Branca;Via Pública
53039320;01/12/2023;16:35:00;Homicídio Doloso;SERRA;CIVIT II;RUA A;17;1 - Masculino;BRANCA;Arma Branca;Estabelecimento Comercial
53033467;01/12/2023;02:24:37;Homicídio Doloso;LINHARES;JOCAFE;RUA BASILIO DE MORAIS;18;1 - Masculino;PARDA;Arma de Fogo;Via Pública
53048495;02/12/2023;17:36:00;Homicídio Doloso;SOORETAMA;ALEGRE;RUA BOM JESUS;35;1 - Masculino;PARDA;Arma de Fogo;Via Pública
53042973;02/12/2023;02:33:45;Homicídio Doloso;SAO MATEUS;COHAB;RUA 36;36;1 - Masculino;PARDA;Arma de Fogo;Via Pública
53047322;02/12/2023;15:16:47;Homicídio Doloso;SAO MATEUS;GURIRI;AV OCEANO ATLANTICO;22;1 - Masculino;PARDA;Arma de Fogo;Via Pública
53050377;02/12/2023;21:17:08;Homicídio Doloso;SERRA;MATA DA SERRA;AV JACUNEM;39;1 - Masculino;NEGRA;Arma de Fogo;Via Pública
53051100;03/12/2023;22:45:13;Homicídio Doloso;BARRA DE SAO FRANCISCO;COLINA;RUA GOIANIA;18;1 - Masculino;PARDA;Arma de Fogo;Via Pública
53052907;03/12/2023;05:14:50;Homicídio Doloso;PEDRO CANARIO;CRISTAL DO NORTE;RUA DAS PALMEIRAS;17;1 - Masculino;PARDA;Arma de Fogo;Domicílio
53056846;03/12/2023;16:27:03;Homicídio Doloso;LINHARES;INTERLAGOS;AV MARTIN AFONSO DE SOUZA;31;1 - Masculino;PARDA;Arma de Fogo;Via Pública
53058800;03/12/2023;20:35:55;Homicídio Doloso;PRESIDENTE KENNEDY;JAQUEIRA;RUA NÃO CADASTRADA;42;1 - Masculino;PARDA;Arma Branca;Domicílio
53054178;03/12/2023;10:24:13;Homicídio Doloso;LINHARES;PONTAL DO OURO;RUA PROJETADA;;;;Arma de Fogo;Via Pública
53056087;03/12/2023;14:54:58;Homicídio Doloso;VITORIA;SANTO ANTÔNIO;ROD SERAFIM DERENZI;53;1 - Masculino;BRANCA;Linchamento;Via Pública
53013053;03/12/2023;09:56:30;Homicídio Doloso;VILA VELHA;VALE ENCANTADO;RUA C;24;1 - Masculino;PARDA;ESPANCAMENTO;Domicílio
53057879;03/12/2023;18:39:42;Homicídio Doloso;COLATINA;ZONA RURAL;RUA SANTA MARIA;59;1 - Masculino;BRANCA;Objeto Contundente;Domicílio
53060373;04/12/2023;00:36:56;Homicídio Doloso;VITORIA;TABUAZEIRO;ESC ANTONIA PEREIRA PAIVA;26;1 - Masculino;PARDA;Arma de Fogo;Terreno Baldio / Construção / Mata
53064930;04/12/2023;14:17:25;Homicídio Doloso;SERRA;VILA NOVA DE COLARES;RUA NASCIMENTO SILVA;24;1 - Masculino;PARDA;Arma de Fogo;Via Pública
53056950;05/12/2023;06:54:14;Homicídio Doloso;VITORIA;FRADINHOS;RUA NÃO CADSTRADA;;;;Ignorado / Não Informado;Domicílio
53083926;06/12/2023;13:44:54;Homicídio Doloso;SERRA;PARQUE DAS GAIVOTAS;RUA PONTO BELO;22;1 - Masculino;PARDA;Arma de Fogo;Via Pública
53087258;06/12/2023;19:34:25;Homicídio Doloso;SOORETAMA;SAYONARA;AV CRISTO REI;62;1 - Masculino;PARDA;Arma de Fogo;Estabelecimento Comercial
53101634;07/12/2023;15:05:23;Homicídio Doloso;VILA VELHA;ALECRIM;RUA JANUARIO;16;1 - Masculino;PARDA;Arma de Fogo;Via Pública
53097711;07/12/2023;21:12:49;Homicídio Doloso;VILA VELHA;JARDIM DO VALE;AV ACACIAS;37;1 - Masculino;PARDA;Arma de Fogo;Via Pública
53104218;08/12/2023;12:55:20;Homicídio Doloso;CARIACICA;NOVA ROSA DA PENHA II;RUA DOZE;37;1 - Masculino;PARDA;Arma de Fogo;Via Pública
53105987;08/12/2023;19:50:41;Homicídio Doloso;SERRA;RESIDENCIAL JACARAÍPE;RUA PROF GERALDO COSTA ALVES;44;1 - Masculino;PARDA;Arma Branca;Via Pública
53117053;09/12/2023;15:37:50;Homicídio Doloso;SERRA;JARDIM CARAPINA;RUA NANUQUE;73;2 - Feminino;PARDA;Arma Branca;Via Pública
53110281;09/12/2023;06:04:08;Homicídio Doloso;ITAPEMIRIM;JOACIMA;RUA MANOEL RAPOSO;26;1 - Masculino;BRANCA;Arma de Fogo;Domicílio
53109817;09/12/2023;03:32:49;Homicídio Doloso;SERRA;LAGOA DE JACARAÍPE;RUA ELDORADO;16;1 - Masculino;PARDA;Arma de Fogo;Domicílio
53111962;09/12/2023;10:33:01;Homicídio Doloso;JAGUARE;NOVO TEMPO;RUA NÃO CADASTRADA;38;1 - Masculino;PARDA;Arma de Fogo;Via Pública
53109819;09/12/2023;03:31:08;Homicídio Doloso;CARIACICA;VISTA MAR;RUA GUARUJA;17;1 - Masculino;PARDA;Arma de Fogo;Via Pública
53108579;09/12/2023;23:38:01;Homicídio Doloso;SAO GABRIEL DA PALHA;ZONA RURAL;RUA NÃO CADASTRADA;33;1 - Masculino;Indeterminada;Arma Branca;Via Pública
53126683;10/12/2023;23:17:21;Homicídio Doloso;SERRA;BALNEARIO DE CARAPEBUS;RUA DO MEIO;21;2 - Feminino;PARDA;Arma de Fogo;Via Pública
53128102;10/12/2023;23:17:21;Homicídio Doloso;SERRA;BALNEARIO DE CARAPEBUS;RUA DO MEIO;22;1 - Masculino;PARDA;Arma de Fogo;Via Pública
53125782;10/12/2023;21:11:04;Homicídio Doloso;SERRA;FEU ROSA;RUA NARCISOS;21;1 - Masculino;PARDA;Arma de Fogo;Domicílio
53126344;10/12/2023;22:26:47;Homicídio Doloso;AGUA DOCE DO NORTE;VILA NELITA;ROD ES 080;47;1 - Masculino;Indeterminada;Arma de Fogo;Domicílio
53133823;11/12/2023;17:37:35;Homicídio Doloso;CARIACICA;VILA PRUDÊNCIO;RUA VISCONDE DO RIO BRANCO;54;1 - Masculino;BRANCA;Arma de Fogo;Via Pública
53139981;12/12/2023;17:53:15;Homicídio Doloso;ECOPORANGA;HOMERO AMANTE;RUA MARTA PEREIRA CASTRO;25;1 - Masculino;BRANCA;Arma de Fogo;Via Pública
53143852;12/12/2023;19:52:33;Homicídio Doloso;VITORIA;INHANGUETA;RUA AUGUSTO AYRES RIBEIRO;27;1 - Masculino;PARDA;Arma de Fogo;Via Pública
53114020;12/12/2023;12:05:55;Homicídio Doloso;VILA VELHA;JARDIM MARILÂNDIA;RUA NÃO CADASTRADA;63;1 - Masculino;NEGRA;Arma de Fogo;Via Pública
53126296;12/12/2023;11:15:19;Homicídio Doloso;VITORIA;MARUÍPE;AV MARUIPE;48;1 - Masculino;PARDA;Arma de Fogo;Via Pública
53137515;12/12/2023;08:29:27;Homicídio Doloso;CARIACICA;VALE DOS REIS;RUA PRINCIPAL;18;1 - Masculino;PARDA;Arma de Fogo;Via Pública
53152107;13/12/2023;09:57:42;Homicídio Doloso;SAO JOSE DO CALCADO;JORGE OURIQUE;RUA CRISTIANO RAMOS DA SILVA;18;1 - Masculino;PARDA;Arma de Fogo;Via Pública
53152107;13/12/2023;09:57:42;Homicídio Doloso;SAO JOSE DO CALCADO;JORGE OURIQUE;RUA CRISTIANO RAMOS DA SILVA;28;2 - Feminino;PARDA;Arma de Fogo;Via Pública
53125950;14/12/2023;15:39:10;Homicídio Doloso;SERRA;PARQUE DAS GAIVOTAS;RUA IBITIRAMA;17;1 - Masculino;NEGRA;Arma de Fogo;Via Pública
53194417;14/12/2023;08:56:08;Homicídio Doloso;VENDA NOVA DO IMIGRANTE;SANTA CRUZ;RUA NÃO CADASTRADA;26;1 - Masculino;PARDA;Violência Física;Via Pública
53167911;15/12/2023;15:20:47;Homicídio Doloso;LINHARES;BEBEDOURO;RUA NÃO CADASTRADA;37;1 - Masculino;PARDA;Arma de Fogo;Via Pública
53167875;15/12/2023;13:48:14;Homicídio Doloso;SERRA;NOVA ALMEIDA;RUA NÃO CADASTRADA;21;1 - Masculino;PARDA;Arma de Fogo;Via Pública
53171039;15/12/2023;19:14:04;Homicídio Doloso;SERRA;NOVA CARAPINA II;RUA MUTUM;45;1 - Masculino;PARDA;ESPANCAMENTO;Via Pública
53171699;15/12/2023;20:23:18;Homicídio Doloso;VILA VELHA;VILA GUARANHUNS;RUA JOSE JOAQUIM SANTANA;22;1 - Masculino;PARDA;Arma de Fogo;Via Pública
53173760;16/12/2023;00:48:38;Homicídio Doloso;CARIACICA;BANDEIRANTES;RUA CASTELO;42;1 - Masculino;BRANCA;Linchamento;Via Pública
53179507;16/12/2023;17:26:44;Homicídio Doloso;FUNDAO;DIRECAO;RUA NÃO CADASTRADA;25;1 - Masculino;PARDA;Arma de Fogo;Domicílio
53183100;17/12/2023;00:05:40;Homicídio Doloso;SERRA;BALNEARIO DE CARAPEBUS;RUA ABACAXI;29;1 - Masculino;PARDA;Arma de Fogo;Terreno Baldio / Construção / Mata
53185846;17/12/2023;09:41:17;Homicídio Doloso;BREJETUBA;BARRA SAO DOMINGOS PEQUENO;RUA NÃO CADASTRADA;37;1 - Masculino;PARDA;Arma Branca;Domicílio
53188242;17/12/2023;15:20:52;Homicídio Doloso;SAO GABRIEL DA PALHA;JARDIM DE INFÂNCIA;RUA SENADOR ATILIO VIVACQUA;39;1 - Masculino;NEGRA;Arma de Fogo;Estabelecimento Comercial
53185091;17/12/2023;06:29:23;Homicídio Doloso;CARIACICA;SANTANA;RUA DARCIR SALVADOR;34;1 - Masculino;PARDA;Arma de Fogo;Estabelecimento Comercial
53197952;18/12/2023;14:57:50;Homicídio Doloso;VILA VELHA;ATAÍDE;RUA SÃO JOÃO;25;1 - Masculino;BRANCA;Arma de Fogo;Via Pública
53192955;18/12/2023;01:20:22;Homicídio Doloso;ARACRUZ;BAARA DO RIACHO;RUA SILVIO ALEXANDRE;24;1 - Masculino;PARDA;Arma de Fogo;Via Pública
53192754;18/12/2023;00:21:58;Homicídio Doloso;IUNA;ZONA RURAL;RUA NÃO CADASTRADA;33;1 - Masculino;PARDA;Arma de Fogo;Outros Locais
53205560;19/12/2023;10:38:33;Homicídio Doloso;SAO MATEUS;SANTA MARIA;RUA NÃO CADASTRADA;28;2 - Feminino;PARDA;Asfixia;Terreno Baldio / Construção / Mata
53212999;20/12/2023;02:55:16;Homicídio Doloso;VILA VELHA;COBILÂNDIA;RUA DECIMA AVENIDA;40;2 - Feminino;BRANCA;Arma Branca;Praça / Parques / Área Pública
53188704;20/12/2023;09:44:07;Homicídio Doloso;VITORIA;MARUÍPE;AV CEL JOSE DE FIGUEIREDO;49;1 - Masculino;BRANCA;Arma de Fogo;Via Pública
53221197;20/12/2023;21:14:16;Homicídio Doloso;SERRA;VISTA DA SERRA I;AV ARGENTINA;17;1 - Masculino;NEGRA;Arma de Fogo;Estabelecimento Comercial
53230068;21/12/2023;19:15:11;Homicídio Doloso;SERRA;CARAPINA GRANDE;RUA ALPHEU RIBEIRO;28;1 - Masculino;BRANCA;Arma de Fogo;Via Pública
53228132;21/12/2023;15:51:31;Homicídio Doloso;MONTANHA;CENTRO;RUA JOAO NEIVA;20;1 - Masculino;NEGRA;Arma de Fogo;Via Pública
53225595;21/12/2023;11:45:45;Homicídio Doloso;CARIACICA;NOVA ESPERANCA;RUA BRASIL;26;1 - Masculino;BRANCA;Arma de Fogo;Via Pública
53240961;22/12/2023;21:56:14;Homicídio Doloso;LINHARES;INTERLAGOS;RUA FELIPE CAMARAO;21;2 - Feminino;NEGRA;Arma de Fogo;Estabelecimento Comercial
53232662;22/12/2023;02:25:07;Homicídio Doloso;SERRA;VILA NOVA DE COLARES;RUA NÃO CADASTRADA;20;1 - Masculino;PARDA;Arma de Fogo;Via Pública
53246412;23/12/2023;14:24:42;Homicídio Doloso;ATILIO VIVACQUA;ALTO SAO JOSE;RUA NÃO CADASTRADA;26;2 - Feminino;BRANCA;Arma de Fogo;Domicílio
53246038;23/12/2023;13:44:17;Homicídio Doloso;SERRA;NOVA ALMEIDA;RUA NOVA ERA;26;1 - Masculino;BRANCA;Arma de Fogo;Via Pública
53270155;25/12/2023;22:42:54;Homicídio Doloso;SOORETAMA;ALEGRE;RUA C;51;2 - Feminino;PARDA;Arma de Fogo;Via Pública
53270155;25/12/2023;22:42:54;Homicídio Doloso;SOORETAMA;ALEGRE;RUA C;55;1 - Masculino;Não Informado;Arma de Fogo;Via Pública
53260572;25/12/2023;00:06:20;Homicídio Doloso;SAO MATEUS;CÓRREGO CEREJEIRA;RUA NÃO CADASTRADA;69;2 - Feminino;PARDA;Arma Branca;Lago / Lagoa / Represa
53269353;25/12/2023;20:59:50;Homicídio Doloso;SERRA;LAGOA DE JACARAÍPE;RUA ELDORADO;24;1 - Masculino;BRANCA;Arma de Fogo;Domicílio
53267612;25/12/2023;17:20:33;Homicídio Doloso;PRESIDENTE KENNEDY;MAROBA;RUA NÃO CADASTRADA;41;1 - Masculino;BRANCA;Arma de Fogo;Estabelecimento Industrial
53260344;25/12/2023;23:46:39;Homicídio Doloso;CACHOEIRO DE ITAPEMIRIM;MONTE BELO;RUA ARMANDO REIS ATHAIDE;18;1 - Masculino;BRANCA;Arma de Fogo;Via Pública
53260344;25/12/2023;23:46:39;Homicídio Doloso;CACHOEIRO DE ITAPEMIRIM;MOTNE BELO;RUA ARMANDO REIS ATHAIDE;18;1 - Masculino;PARDA;Arma de Fogo;Via Pública
53262618;25/12/2023;03:46:47;Homicídio Doloso;BOM JESUS DO NORTE;SAO JOAO;BECO SANTO ANTONIO;28;2 - Feminino;BRANCA;Arma Branca;Via Pública
53301075;27/12/2023;12:14:14;Homicídio Doloso;IUNA;UBERABA;ROD ES 185;28;1 - Masculino;Indeterminada;Arma de Fogo;Domicílio
53305989;29/12/2023;21:12:04;Homicídio Doloso;LINHARES;ARACA;AV PRES KENNEDY;26;1 - Masculino;PARDA;Arma Branca;Estabelecimento Comercial
53306247;29/12/2023;21:43:59;Homicídio Doloso;COLATINA;NOVO HORIZONTE;RUA BERNARDO AUGUSTO SPERANDIO;28;1 - Masculino;BRANCA;Arma de Fogo;Via Pública
53300282;29/12/2023;10:53:49;Homicídio Doloso;SERRA;SAO GERALDO;RUA RIO DE JANEIRO;24;1 - Masculino;PARDA;ESPANCAMENTO;Domicílio
53299678;29/12/2023;09:15:13;Homicídio Doloso;RIO BANANAL;ZONA RURAL;RUA NÃO CADSTRADA;31;1 - Masculino;NEGRA;ESPANCAMENTO;Via Pública
53309640;30/12/2023;12:00:35;Homicídio Doloso;ARACRUZ;BARRA DO RIACHO;RUA REINALDO HILCKMAN;22;1 - Masculino;NEGRA;Arma de Fogo;Via Pública
53306488;30/12/2023;22:09:05;Homicídio Doloso;VITORIA;NOVA PALESTINA;ROD SERAFIM DERENZI;18;1 - Masculino;BRANCA;Arma de Fogo;Via Pública
53308637;30/12/2023;04:59:14;Homicídio Doloso;JOAO NEIVA;SAO CARLOS II;RUA GRACILIANO MATIAS;36;1 - Masculino;PARDA;Arma de Fogo;Via Pública
53317304;31/12/2023;01:10:39;Homicídio Doloso;SERRA;BAIRRO DAS LARANJEIRAS;AV NOSSA SENHORA DOS NAVEGANTES;49;1 - Masculino;BRANCA;ESPANCAMENTO;Via Pública
53318216;31/12/2023;05:39:55;Homicídio Doloso;ARACRUZ;BARRA DO RIACHO;ES 010;18;1 - Masculino;PARDA;Arma de Fogo;Via Pública
53318274;31/12/2023;06:06:25;Homicídio Doloso;GUARAPARI;MUQUICABA;RUA JOSE CARNETI;21;1 - Masculino;NEGRA;Arma de Fogo;Domicílio
53323442;31/12/2023;20:51:35;Homicídio Doloso;SAO DOMINGOS DO NORTE;ZONA RURAL;ROD ES 137;18;1 - Masculino;PARDA;Arma de Fogo;Via Pública
53328048;01/01/2024;07:49:25;Homicídio Doloso;SERRA;FEU ROSA;RUA ROSAS;48;1 - Masculino;PARDA;Arma Branca;Via Pública
53327289;01/01/2024;04:36:38;Homicídio Doloso;ECOPORANGA;IMBURANA;RUA DA ETA;20;1 - Masculino;PARDA;Arma de Fogo;Via Pública
53328006;01/01/2024;07:37:34;Homicídio Doloso;VITORIA;MORRO DA GARRAFA;RUA NÃO CADASTRADA;30;1 - Masculino;BRANCA;Arma de Fogo;Domicílio
53327976;01/01/2024;07:22:20;Homicídio Doloso;ITAPEMIRIM;ZONA RURAL;X;33;1 - Masculino;NEGRA;ESPANCAMENTO;Terreno Baldio / Construção / Mata
53344931;03/01/2024;10:22:40;Homicídio Doloso;VITORIA;DA PENHA;ESCADARIA DOS TRABALHADORES;29;1 - Masculino;PARDA;Arma de Fogo;Via Pública
53351299;03/01/2024;22:45:46;Homicídio Doloso;VITORIA;ITARARE;RUA DOUTOR ARIOBALDO BANDEIRA;41;1 - Masculino;NEGRA;Arma de Fogo;Via Pública
53279610;03/01/2024;11:38:27;Homicídio Doloso;SAO MATEUS;VILLAGIO;RODOVIA BOA ESPERANCA;33;1 - Masculino;PARDA;ESPANCAMENTO;Terreno Baldio / Construção / Mata
53351981;04/01/2024;02:00:59;Homicídio Doloso;VITORIA;ITARARE;RUA MARINS ALVARINO;32;1 - Masculino;PARDA;Arma de Fogo;Via Pública
53374793;06/01/2024;13:57:07;Homicídio Doloso;GUARAPARI;CAMURUGI;RUA SILVANA ALVES;41;1 - Masculino;NEGRA;Arma de Fogo;Via Pública
53371361;06/01/2024;02:53:14;Homicídio Doloso;VILA VELHA;CIDADE DA BARRA;X;22;1 - Masculino;PARDA;Arma de Fogo;Via Pública
53375727;06/01/2024;15:55:11;Homicídio Doloso;LINHARES;INTERLAGOS;AV REPUBLICA;20;1 - Masculino;PARDA;Arma de Fogo;Domicílio
53372928;06/01/2024;09:55:03;Homicídio Doloso;VITORIA;ITARARE;RUA DANIEL ABREU MACHADO;19;1 - Masculino;PARDA;Arma de Fogo;Via Pública
53378295;06/01/2024;20:41:02;Homicídio Doloso;IUNA;NITEROI;AV PRES TANCREDO NEVES;25;1 - Masculino;Indeterminada;Arma de Fogo;Via Pública
53380374;07/01/2024;00:59:17;Homicídio Doloso;JAGUARE;CENTRO;AV 9 DE AGOSTO;30;1 - Masculino;PARDA;Arma Branca;Domicílio
53380262;07/01/2024;00:42:45;Homicídio Doloso;SAO MATEUS;GURIRI;AV EBERTALINA BARBOSA DAMIANI;39;1 - Masculino;PARDA;Arma de Fogo;Ignorado
53385550;07/01/2024;17:35:56;Homicídio Doloso;GUARAPARI;JABARAI;AV SANTA CRUZ;49;2 - Feminino;PARDA;Arma Branca;Estabelecimento Comercial
53395261;08/01/2024;17:28:00;Homicídio Doloso;GUARAPARI;SETIBA;X;31;1 - Masculino;BRANCA;ESPANCAMENTO;Via Pública
53388657;08/01/2024;00:28:40;Homicídio Doloso;VILA VALERIO;VILA NOVA;AVENIDA MIGUEL FRANCISCO CARNEIRO FROTA;26;1 - Masculino;PARDA;Arma de Fogo;Domicílio
53402622;09/01/2024;13:57:05;Homicídio Doloso;VILA VELHA;CIDADE DA BARRA;RUA ERICO VERISSIMO;46;2 - Feminino;PARDA;Arma de Fogo;Estabelecimento Comercial
53398903;09/01/2024;05:31:00;Homicídio Doloso;VITORIA;TABUAZEIRO;RUA NÃO CADASTRADA;16;1 - Masculino;NEGRA;Arma de Fogo;Praça / Parques / Área Pública
53415594;10/01/2024;20:56:15;Homicídio Doloso;LINHARES;SANTA CRUZ;RUA ANTENOR ELIAS;17;1 - Masculino;PARDA;Arma de Fogo;Via Pública
53418202;11/01/2024;08:32:55;Homicídio Doloso;SAO MATEUS;NOVO HORIZONTE;RUA ITALIA;20;1 - Masculino;PARDA;Arma Branca;Domicílio
53416963;11/01/2024;00:26:12;Homicídio Doloso;VITORIA;SANTOS DUMONT;BC EUCLIDES MOTTA;18;1 - Masculino;PARDA;Arma de Fogo;Domicílio
53421051;11/01/2024;13:47:53;Homicídio Doloso;ITAPEMIRIM;VILA DE ITAPEMIRIM;RUA NÃO CADASTRADA;56;1 - Masculino;Indeterminada;Arma Branca;Via Pública
53420226;11/01/2024;12:09:34;Homicídio Doloso;ALFREDO CHAVES;ZONA RURAL;ES-383;30;2 - Feminino;BRANCA;Arma de Fogo;Terreno Baldio / Construção / Mata
53432821;12/01/2024;18:04:01;Homicídio Doloso;MONTANHA;ANGELA DEPOLLO;RUA TANCREDO NEVES;22;1 - Masculino;NEGRA;Arma Branca;Domicílio
53435401;12/01/2024;23:10:05;Homicídio Doloso;VILA VELHA;BOA VISTA I;RUA JOSE DE ALENCAR;23;1 - Masculino;PARDA;Arma de Fogo;Via Pública
53426858;12/01/2024;04:55:20;Homicídio Doloso;VITORIA;GURIGICA;RUA NÃO CADASTRADA;30;1 - Masculino;PARDA;Arma de Fogo;Via Pública
53439466;13/01/2024;12:50:09;Homicídio Doloso;ITAGUACU;BARRO PRETO;RUA ARTHUR BRUNOW;28;1 - Masculino;BRANCA;Arma de Fogo;Estabelecimento Comercial
53444317;13/01/2024;22:08:10;Homicídio Doloso;VILA VELHA;JARDIM MARILANDIA;RUA ARARE;22;1 - Masculino;NEGRA;Arma de Fogo;Via Pública
53443148;13/01/2024;19:30:56;Homicídio Doloso;VITORIA;JESUS DE NAZARE;RUA NÃO CADASTRADA;40;1 - Masculino;NEGRA;ESPANCAMENTO;Mar
53440223;13/01/2024;14:31:50;Homicídio Doloso;SERRA;NOVO HORIZONTE;RUA YAPURU;18;1 - Masculino;BRANCA;Arma de Fogo;Via Pública
53450193;14/01/2024;15:29:44;Homicídio Doloso;VITORIA;ILHA DO FRADE;RUA NÃO CADASTRADA;15;1 - Masculino;BRANCA;Arma de Fogo;Mar
53444390;14/01/2024;17:36:52;Homicídio Doloso;VILA VELHA;ITAPUA;AV. PROFESSORA FRANCELINA SETUBAL;35;1 - Masculino;PARDA;Arma de Fogo;Via Pública
53454322;14/01/2024;23:22:11;Homicídio Doloso;CARIACICA;NOVA VALVERDE;RUA MATO GROSSO;23;1 - Masculino;NEGRA;Arma de Fogo;Via Pública
53449950;14/01/2024;15:02:02;Homicídio Doloso;LINHARES;PLANALTO;RUA ANTONIO DOS REIS PAIVA;54;2 - Feminino;PARDA;Arma Branca;Terreno Baldio / Construção / Mata
53444453;14/01/2024;00:48:15;Homicídio Doloso;LINHARES;SHELL;RUA PRESIDENTE ARTHUR BERNARDES;15;1 - Masculino;PARDA;Arma de Fogo;Via Pública
53444453;14/01/2024;00:48:15;Homicídio Doloso;LINHARES;SHELL;RUA PRESIDENTE ARTHUR BERNARDES;24;1 - Masculino;PARDA;Arma de Fogo;Via Pública
53455389;15/01/2024;02:41:56;Homicídio Doloso;VILA VELHA;ATAIDE;RUA LAURENTINO FERREIRA;26;1 - Masculino;PARDA;Arma de Fogo;Via Pública
53464256;15/01/2024;22:12:17;Homicídio Doloso;COLATINA;SAO PEDRO;RUA MARECHAL RONDON;22;2 - Feminino;PARDA;Arma de Fogo;Estabelecimento Comercial
53465928;16/01/2024;06:37:53;Homicídio Doloso;PIUMA;PIUMINAS;RUA NÃO CADASTRADA;22;1 - Masculino;BRANCA;Arma de Fogo;Via Pública
53478291;17/01/2024;12:55:57;Homicídio Doloso;ARACRUZ;BARRA DO RIACHO;RUA ORLANDO MATOS;23;1 - Masculino;PARDA;Arma de Fogo;Domicílio
53488657;18/01/2024;14:07:33;Homicídio Doloso;GUACUI;MANOEL MONTEIRO TORRES;ROD BR 482;56;1 - Masculino;BRANCA;Objeto Contundente;Domicílio
53501759;19/01/2024;19:14:54;Homicídio Doloso;ARACRUZ;ITAPUTERA;RUA CONTINENTE OCEANICO;32;1 - Masculino;PARDA;Arma de Fogo;Via Pública
53501759;19/01/2024;19:14:54;Homicídio Doloso;ARACRUZ;ITAPUTERA;RUA CONTINENTE OCEANICO;42;1 - Masculino;PARDA;Arma de Fogo;Via Pública
53495560;19/01/2024;09:00:18;Homicídio Doloso;IBIRACU;POMBAL;RUA NÃO CADASTRADA;41;1 - Masculino;PARDA;Arma de Fogo;Estabelecimento Comercial
53500321;19/01/2024;17:00:56;Homicídio Doloso;SERRA;RESIDENCIAL CENTRO DA SERRA;AV AUDIFAX BARCELOS;33;1 - Masculino;PARDA;Arma de Fogo;Via Pública
53504586;20/01/2024;00:58:00;Homicídio Doloso;VITORIA;SANTO ANTÔNIO;RUA MANOEL DOARES DE MELLO;16;1 - Masculino;NEGRA;Arma de Fogo;Via Pública
53507681;20/01/2024;11:38:24;Homicídio Doloso;CARIACICA;SAO FRANCISCO;RUA PADRE LEANDRO DEL HOMO;26;1 - Masculino;BRANCA;Arma de Fogo;Via Pública
53516682;21/01/2024;10:36:15;Homicídio Doloso;IBIRACU;PENDANGA;ROD BR 101;58;1 - Masculino;NEGRA;Arma de Fogo;Outros Locais
53517450;21/01/2024;12:18:32;Homicídio Doloso;PRESIDENTE KENNEDY;PRAIA DAS NEVES;ROD ES 060;21;1 - Masculino;PARDA;Arma de Fogo;Via Pública
53515629;21/01/2024;07:32:45;Homicídio Doloso;LINHARES;REGÊNCIA;RUA NÃO INFORMADA;17;1 - Masculino;PARDA;Arma de Fogo;Estabelecimento de Saúde
53519182;21/01/2024;16:31:20;Homicídio Doloso;SANTA TERESA;VILA NOVA;RUA PEDRO BROSEGHINI FILHO;53;1 - Masculino;BRANCA;Arma de Fogo;Via Pública
53530604;22/01/2024;19:12:46;Homicídio Doloso;SAO MATEUS;BARRA NOVA;RUA NÃO CADASTRADA;19;1 - Masculino;PARDA;Arma de Fogo;Via Pública
53522675;22/01/2024;00:24:10;Homicídio Doloso;CARIACICA;PIRANEMA;AV SANTA LUZIA;24;1 - Masculino;PARDA;Arma de Fogo;Via Pública
53532836;23/01/2024;05:32:29;Homicídio Doloso;GUACUI;EDITH CASTRO;AV SERGIO RICARDO JANUARIO COUZZI;56;1 - Masculino;PARDA;Arma de Fogo;Via Pública
53541046;24/01/2024;00:34:48;Homicídio Doloso;SERRA;LAGOA DE JACARAÍPE;RUA SANTOS;31;1 - Masculino;PARDA;Arma de Fogo;Terreno Baldio / Construção / Mata
53547711;24/01/2024;18:38:44;Homicídio Doloso;IUNA;QUILOMBO;RUA SEBASTIAO JOSE DIAS;41;1 - Masculino;BRANCA;Arma de Fogo;Domicílio
53573872;27/01/2024;17:33:42;Homicídio Doloso;VILA VELHA;CIDADE DA BARRA;RUA ALVARES DE AZEVEDO;18;1 - Masculino;PARDA;Arma de Fogo;Domicílio
53572950;27/01/2024;15:54:56;Homicídio Doloso;VIANA;PRIMAVERA;RUA NÃO CADASTRADA;28;1 - Masculino;PARDA;Arma de Fogo;Terreno Baldio / Construção / Mata
53575793;27/01/2024;21:28:12;Homicídio Doloso;VIANA;SOTECO;ROD BR 101;30;1 - Masculino;PARDA;Arma de Fogo;Via Pública
53575591;27/01/2024;21:03:47;Homicídio Doloso;DOMINGOS MARTINS;TIJUCO PRETO;RUA NÃO CADASTRADA;44;1 - Masculino;PARDA;Arma Branca;Via Pública
53577237;28/01/2024;00:28:40;Homicídio Doloso;LINHARES;BEBEDOURO;RUA ANTONIO GOMES DE MASCEDO;23;1 - Masculino;PARDA;Arma de Fogo;Via Pública
53584061;28/01/2024;20:42:42;Homicídio Doloso;SERRA;CASTELANDIA;RUA NÃO CADASTRADA;22;1 - Masculino;PARDA;Arma de Fogo;Via Pública
53581592;28/01/2024;15:35:30;Homicídio Doloso;SERRA;COLINA DA SERRA;RUA NÃO CADASTRADA;26;1 - Masculino;PARDA;Arma de Fogo;Via Pública
53584478;28/01/2024;21:44:17;Homicídio Doloso;SERRA;JARDIM DA SERRA;RUA DOUTOR ALMYR NEVES;46;1 - Masculino;PARDA;Arma de Fogo;Via Pública
53584822;28/01/2024;22:28:24;Homicídio Doloso;SAO MATEUS;NOVA LIMA;AV NOVA LIMA;29;1 - Masculino;NEGRA;Objeto Contundente;Domicílio
53581241;28/01/2024;14:52:10;Homicídio Doloso;ECOPORANGA;SANTA MÔNICA;RUA RUI CORTES;23;1 - Masculino;PARDA;Arma Branca;Domicílio
53593351;29/01/2024;20:30:30;Homicídio Doloso;VILA VELHA;DARLY SANTOS;RUA BUGAVILE;31;1 - Masculino;PARDA;Arma de Fogo;Domicílio
53592094;29/01/2024;17:36:00;Homicídio Doloso;SERRA;JOSE DE ANCHIETA III;RUA FORTALEZA;26;1 - Masculino;NEGRA;Arma de Fogo;Domicílio
53587798;29/01/2024;10:15:50;Homicídio Doloso;SERRA;VILA NOVA DE COLARES;RUA NÃO CADASTRADA;40;1 - Masculino;NEGRA;Objeto Contundente;Via Pública
53603521;30/01/2024;23:06:10;Homicídio Doloso;VILA VELHA;ATAÍDE;RUA CIRCULAR;32;1 - Masculino;BRANCA;Arma de Fogo;Via Pública
53603425;30/01/2024;22:45:19;Homicídio Doloso;CARIACICA;ITANGUA;RUA ROSILVA;33;1 - Masculino;BRANCA;Arma de Fogo;Curso D'água
53606280;30/01/2024;19:44:10;Homicídio Doloso;CACHOEIRO DE ITAPEMIRIM;SAO VICENTE;RUA JOÃO CALABREZ;50;1 - Masculino;PARDA;Arma Branca;Via Pública
53611338;31/01/2024;20:00:39;Homicídio Doloso;PIUMA;ITAPUTANGA;RUA JOAQUIM V GOMES;36;1 - Masculino;PARDA;Arma Branca;Via Pública
53604208;31/01/2024;02:20:45;Homicídio Doloso;VITORIA;ITARARE;RUA DANIEL ABREU MACHADO;19;1 - Masculino;PARDA;Arma de Fogo;Via Pública
53612564;31/01/2024;22:44:54;Homicídio Doloso;NOVA VENECIA;MARGARETH;RUA SERGIPE;62;1 - Masculino;PARDA;Objeto Contundente;Via Pública
53618153;01/02/2024;15:34:16;Homicídio Doloso;LINHARES;ZONA RURAL;ROD ROBERTO CALMON;37;1 - Masculino;PARDA;Ignorado / Não Informado;Via Pública
53630947;02/02/2024;23:04:52;Homicídio Doloso;SAO GABRIEL DA PALHA;ASA BRANCA;RUA PADRE ANTONIO TEDESCO;26;1 - Masculino;Indeterminada;Arma de Fogo;Via Pública
53626455;02/02/2024;23:15:16;Homicídio Doloso;VILA VELHA;ITAPUA;RUA JOÃO MARTINS;22;1 - Masculino;PARDA;Arma de Fogo;Via Pública
53626455;02/02/2024;14:20:36;Homicídio Doloso;VILA VELHA;ITAPUA;RUA JOÃO MARTINS;42;2 - Feminino;BRANCA;Arma de Fogo;Via Pública
53630854;02/02/2024;22:46:51;Homicídio Doloso;CACHOEIRO DE ITAPEMIRIM;MARBRASA;AV FRANCISCO MARDEGAN;34;1 - Masculino;PARDA;Arma de Fogo;Via Pública
53627361;02/02/2024;15:49:18;Homicídio Doloso;AGUA DOCE DO NORTE;ZONA RURAL;RUA NÃO CADASTRADA;19;1 - Masculino;PARDA;Arma de Fogo;Domicílio
53639642;03/02/2024;22:01:34;Homicídio Doloso;VITORIA;NOVA PALESTINA;RUA JORGE ROSA;25;1 - Masculino;NEGRA;Arma de Fogo;Via Pública
53639217;03/02/2024;21:15:30;Homicídio Doloso;SERRA;PRAIAMAR;RUA PIUMA;22;1 - Masculino;PARDA;Arma de Fogo;Via Pública
53642143;04/02/2024;05:10:10;Homicídio Doloso;VILA VELHA;BARRA DO JUCU;RUA NÃO CADASTRADA;29;1 - Masculino;BRANCA;Arma Branca;Via Pública
53644485;04/02/2024;13:16:51;Homicídio Doloso;CARIACICA;NOVA ROSA DA PENHA;RUA NÃO CADASTRADA;39;1 - Masculino;PARDA;Arma de Fogo;Via Pública
53640352;04/02/2024;23:32:49;Homicídio Doloso;CONCEICAO DA BARRA;SANTA RITA;RUA PROJETADA;24;1 - Masculino;PARDA;Arma de Fogo;Domicílio
53640352;04/02/2024;23:32:40;Homicídio Doloso;CONCEICAO DA BARRA;SANTA RITA;RUA PROJETADA;25;1 - Masculino;PARDA;Arma de Fogo;Domicílio
53645221;04/02/2024;15:19:54;Homicídio Doloso;JAGUARE;SAO JOAO BOSCO;RUA NÃO CADASTRADA;43;1 - Masculino;PARDA;Arma de Fogo;Via Pública
53655209;05/02/2024;17:24:49;Homicídio Doloso;RIO BANANAL;CÓRREGO SANTO ISIDORO;RUA NÃO CADASTRADA;42;1 - Masculino;PARDA;Arma Branca;Domicílio
53650149;05/02/2024;06:31:40;Homicídio Doloso;SERRA;ESTÂNCIA MONAZÍTICA;AV ABDO SAAD;;1 - Masculino;;Objeto Contundente;Via Pública
53650357;05/02/2024;07:20:50;Homicídio Doloso;CARIACICA;SANTA PAULA;RUA AIMORES;43;2 - Feminino;PARDA;Asfixia;Via Pública
53657373;05/02/2024;22:47:53;Homicídio Doloso;CONCEICAO DA BARRA;ZONA RURAL;RUA NÃO CADASTRADA;23;1 - Masculino;PARDA;Arma de Fogo;Via Pública
53658371;06/02/2024;05:58:25;Homicídio Doloso;FUNDAO;JUNDIAQUARA;RUA NÃO CADASTRADA;21;1 - Masculino;PARDA;Arma de Fogo;Via Pública
53661470;06/02/2024;12:49:24;Homicídio Doloso;CACHOEIRO DE ITAPEMIRIM;VILAGE DA LUZ;RUA NÃO CADASTRADA;24;1 - Masculino;PARDA;Arma de Fogo;Estabelecimento Comercial
53669654;07/02/2024;11:43:32;Homicídio Doloso;CARIACICA;SANTO ANDRE;RUA GABRIEL;;1 - Masculino;;Arma de Fogo;Via Pública
53676119;08/02/2024;00:13:59;Homicídio Doloso;LINHARES;BEBEDOURO;AV DALTIVO FOLI;26;1 - Masculino;PARDA;Arma de Fogo;Via Pública
53682163;08/02/2024;15:16:35;Homicídio Doloso;VILA VELHA;ILHA DOS AYRES;RUA ARISTIDES LOBA;24;2 - Feminino;PARDA;Arma de Fogo;Estabelecimento Comercial
53712929;11/02/2024;21:53:20;Homicídio Doloso;COLATINA;BELA VISTA;RUA FLOREAL MARTINS;26;1 - Masculino;NEGRA;Arma de Fogo;Domicílio
53707129;11/02/2024;10:03:36;Homicídio Doloso;VITORIA;CENTRO;RUA PROFESSOR BALTAZAR;20;1 - Masculino;PARDA;Arma de Fogo;Via Pública
53705411;11/02/2024;04:27:47;Homicídio Doloso;PEDRO CANARIO;CRISTAL DO NORTE;RUA CASTELO BRANCO;18;2 - Feminino;NEGRA;Arma de Fogo;Via Pública
53712909;11/02/2024;21:52:32;Homicídio Doloso;VILA VELHA;JOAO GOULART;RUA ERNESTO DINIZ;40;1 - Masculino;PARDA;Arma de Fogo;Domicílio
53705385;11/02/2024;04:26:16;Homicídio Doloso;VITORIA;NOVA PALESTINA;RUA DO MIRANTE;29;1 - Masculino;PARDA;Arma de Fogo;Via Pública
53711729;11/02/2024;19:39:55;Homicídio Doloso;CARIACICA;NOVA ROSA DA PENHA;RUA NOVENTA E CINCO;21;1 - Masculino;PARDA;Arma de Fogo;Via Pública
53709959;11/02/2024;16:26:14;Homicídio Doloso;CARIACICA;SANTO ANDRE;RUA JOSE CARLOS FAVALESSA;30;1 - Masculino;BRANCA;Arma de Fogo;Via Pública
53708429;11/02/2024;13:00:24;Homicídio Doloso;LARANJA DA TERRA;SOBREIRO;RUA ALVES MILAGRES;27;2 - Feminino;NEGRA;ESPANCAMENTO;Domicílio
53715914;12/02/2024;07:54:34;Homicídio Doloso;SAO MATEUS;AROEIRA;RUA PRINCIPAL;;1 - Masculino;;Arma de Fogo;Via Pública
53715054;12/02/2024;02:29:16;Homicídio Doloso;SERRA;PARQUE JACARAÍPE;RUA RIO BRANCO;28;1 - Masculino;PARDA;Arma de Fogo;Via Pública
53731075;13/02/2024;21:53:55;Homicídio Doloso;SERRA;PARQUE RESIDENCIAL MESTRE ALVA;RUA JEQUIE;34;1 - Masculino;NEGRA;Arma de Fogo;Via Pública
53732065;14/02/2024;00:07:47;Homicídio Doloso;SERRA;CENTRAL CARAPINA;RUA DISTRITO FEDERAL;19;1 - Masculino;PARDA;ESPANCAMENTO;Via Pública
53732581;14/02/2024;02:22:41;Homicídio Doloso;SAO MATEUS;LITORÂNEO;RUA VILLAGE CRICARE;14;1 - Masculino;PARDA;Arma de Fogo;Via Pública
53732581;14/02/2024;02:22:41;Homicídio Doloso;SAO MATEUS;LITORÂNEO;RUA VILLAGE CRICARE;51;1 - Masculino;PARDA;Arma de Fogo;Via Pública
53740016;14/02/2024;23:20:40;Homicídio Doloso;SERRA;SAO MARCOS II;RUA MACEIO;16;1 - Masculino;BRANCA;Arma de Fogo;Via Pública
53740005;14/02/2024;23:17:58;Homicídio Doloso;MONTANHA;SAO SEBASTIAO DO NORTE;AV PRINCIPAL;18;1 - Masculino;PARDA;Arma de Fogo;Domicílio
53738895;14/02/2024;20:16:15;Homicídio Doloso;CONCEICAO DA BARRA;ZONA RURAL;RUA NÃO CADASTRADA;25;1 - Masculino;NEGRA;Arma de Fogo;Via Pública
53743569;15/02/2024;11:31:10;Homicídio Doloso;VILA VELHA;SAO TORQUATO;RUA ADOLFO AMARO;21;1 - Masculino;PARDA;Arma de Fogo;Via Pública
53745491;15/02/2024;14:51:06;Homicídio Doloso;GUARAPARI;SETIBA;AV MINAS GERAIS;36;1 - Masculino;PARDA;Arma de Fogo;Domicílio
53757630;16/02/2024;21:51:06;Homicídio Doloso;VILA VALERIO;BOA VISTA;RUA NÃO CADASTRADA;;1 - Masculino;;Arma de Fogo;Via Pública
53763559;17/02/2024;16:35:40;Homicídio Doloso;VIANA;PRIMAVERA;RUA DELICE BARBOSA GOMES;40;1 - Masculino;BRANCA;Arma de Fogo;Via Pública
53765089;17/02/2024;19:40:00;Homicídio Doloso;FUNDAO;TIMBUI;ROD BR 101;39;1 - Masculino;PARDA;Arma de Fogo;Domicílio
53769909;18/02/2024;11:00:40;Homicídio Doloso;MIMOSO DO SUL;CENTRO;RUA ESPIRITO SANTO;33;1 - Masculino;PARDA;Arma Branca;Via Pública
53778002;19/02/2024;11:27:13;Homicídio Doloso;ANCHIETA;NOVA ESPERANCA;ROD GOV DIAS LOPES;28;1 - Masculino;PARDA;Arma de Fogo;Via Pública
53784718;20/02/2024;06:09:13;Homicídio Doloso;CONCEICAO DO CASTELO;CENTRO;RUA DA CERAMICA;40;1 - Masculino;BRANCA;Arma Branca;Estabelecimento Comercial
53791419;20/02/2024;20:12:55;Homicídio Doloso;MANTENOPOLIS;CENTRO;RUA BENEIR JOSE DANIEL;41;1 - Masculino;PARDA;Arma de Fogo;Via Pública
53786659;20/02/2024;11:04:03;Homicídio Doloso;FUNDAO;MIRANTE DA PRAIA;RUA AMOR PERFEITO;66;1 - Masculino;NEGRA;Veneno;Via Pública
53784997;20/02/2024;07:36:46;Homicídio Doloso;JERONIMO MONTEIRO;VILA CRUZEIRO;BR 482;53;2 - Feminino;BRANCA;Arma Branca;Domicílio
53799461;21/02/2024;22:34:23;Homicídio Doloso;SAO MATEUS;BOA VISTA;AV JOSE TOZZI;57;1 - Masculino;PARDA;Arma Branca;Estabelecimento Comercial
53808578;22/02/2024;21:58:02;Homicídio Doloso;SERRA;NOVA ALMEIDA;RUA NÃO CADASTRADA;25;1 - Masculino;PARDA;Arma de Fogo;Via Pública
53807358;22/02/2024;18:54:02;Homicídio Doloso;BARRA DE SAO FRANCISCO;NOVA BARRA;RUA SAO SEBASTIAO TEIXEIRA;17;1 - Masculino;PARDA;Arma de Fogo;Via Pública
53801768;22/02/2024;07:44:52;Homicídio Doloso;COLATINA;NOVO HORIZONTE;RUA DIONISIO DARLA BERNADINA;43;1 - Masculino;Indeterminada;Arma de Fogo;Estabelecimento Comercial
53814650;23/02/2024;16:27:19;Homicídio Doloso;VITORIA;ITARARE;RUA MANOEL MESSIAS DOS SANTOS;24;1 - Masculino;PARDA;Arma de Fogo;Via Pública
53812096;23/02/2024;11:31:30;Homicídio Doloso;SERRA;OURIMAR;RUA DOMINEU RODINEY SANTANA;39;1 - Masculino;NEGRA;Arma de Fogo;Domicílio
53820567;24/02/2024;08:56:31;Homicídio Doloso;CARIACICA;ANTONIO FERREIRA BORGES;RUA SANTA ISABEL;49;1 - Masculino;PARDA;Objeto Contundente;Domicílio
53821429;24/02/2024;10:46:07;Homicídio Doloso;AGUA DOCE DO NORTE;BOM JESUS;RUA NÃO CADASTRADA;47;1 - Masculino;PARDA;Arma de Fogo;Domicílio
53827050;24/02/2024;23:05:40;Homicídio Doloso;VITORIA;ILHA DE SANTA MARIA;ESC SAO DAMIAO;14;1 - Masculino;PARDA;Arma de Fogo;Via Pública
53818457;24/02/2024;00:40:54;Homicídio Doloso;CARIACICA;VILA PRUDÊNCIO;RUA GETULIO VARGAS;28;1 - Masculino;PARDA;Arma de Fogo;Estabelecimento Comercial
53824535;24/02/2024;17:53:29;Homicídio Doloso;SERRA;VISTA DA SERRA I;AV ARGENTINA;27;1 - Masculino;PARDA;Arma de Fogo;Via Pública
53833709;25/02/2024;19:37:30;Homicídio Doloso;SERRA;CENTRO;PRACA BARBOSA LEAO;42;2 - Feminino;PARDA;Arma Branca;Via Pública
53834935;25/02/2024;22:18:23;Homicídio Doloso;SERRA;CENTRO DA SERRA;ROD BR 101;40;1 - Masculino;PARDA;Arma de Fogo;Terreno Baldio / Construção / Mata
53831036;25/02/2024;13:15:21;Homicídio Doloso;VILA VELHA;COBILANDIA;AV PAPA JOÃO VINTE E TRÊS;19;1 - Masculino;NEGRA;Arma de Fogo;Estabelecimento Comercial
53829310;25/02/2024;08:35:12;Homicídio Doloso;BARRA DE SAO FRANCISCO;COLINA;RUA GOIANIA;20;1 - Masculino;Não Informado;Arma de Fogo;Via Pública
53837257;25/02/2024;16:20:05;Homicídio Doloso;SERRA;PORTO DOURADO;RUA BEIRUTE;50;1 - Masculino;PARDA;Arma de Fogo;Via Pública
53825702;25/02/2024;20:19:32;Homicídio Doloso;BARRA DE SAO FRANCISCO;ZONA RURAL;RUA NÃO CADASTRADA;39;1 - Masculino;PARDA;Arma de Fogo;Terreno Baldio / Construção / Mata
53829801;25/02/2024;09:51:03;Homicídio Doloso;SAO MATEUS;ZONA RURAL;X;23;1 - Masculino;PARDA;Outros;Terreno Baldio / Construção / Mata
53840478;26/02/2024;14:41:56;Homicídio Doloso;VILA VELHA;CIDADE DA BARRA;RUA OLEGARIO MARIANO;70;1 - Masculino;PARDA;Arma Branca;Domicílio
53865531;29/02/2024;12:25:06;Homicídio Doloso;VITORIA;ILHA DE SANTA MARIA;ESC SAO DAMIAO;31;1 - Masculino;NEGRA;Arma de Fogo;Via Pública
53862479;29/02/2024;02:13:05;Homicídio Doloso;GUARAPARI;PONTAL DE SANTA MÔNICA;RUA NÃO CADASTRADA;39;1 - Masculino;PARDA;Arma de Fogo;Domicílio
53871376;01/03/2024;05:28:07;Homicídio Doloso;SAO MATEUS;RIBEIRAO;RUA NÃO CADASTRADA;21;1 - Masculino;PARDA;Arma Branca;Domicílio
53887556;02/03/2024;17:40:19;Homicídio Doloso;VILA VELHA;ILHA DO AYRES;TV ARISTIDES LOBO;24;1 - Masculino;PARDA;Arma de Fogo;Via Pública
53880531;02/03/2024;01:00:18;Homicídio Doloso;SERRA;PARQUE DAS GAIVOTAS;NA AVENIDA BEIRA RIO;25;2 - Feminino;Indeterminada;Arma de Fogo;Via Pública
53887477;02/03/2024;20:50:03;Homicídio Doloso;VILA VELHA;VILA GARRIDO;RUA LEOCARDINO CRUZ;28;1 - Masculino;PARDA;Arma de Fogo;Via Pública
53895398;03/03/2024;19:12:33;Homicídio Doloso;CARIACICA;FLEXAL II;AV NOSSA SENHORA DA PENHA;46;1 - Masculino;Indeterminada;Arma de Fogo;Ignorado
53888978;03/03/2024;00:00:19;Homicídio Doloso;VITORIA;GOIABEIRAS;RUA LEOPOLDO GOMES DE SALLES;21;1 - Masculino;BRANCA;Arma de Fogo;Praça / Parques / Área Pública
53890749;03/03/2024;06:52:28;Homicídio Doloso;PRESIDENTE KENNEDY;MAROBA;RUA NÃO CADASTRADA;53;1 - Masculino;PARDA;Arma Branca;Via Pública
53894229;03/03/2024;16:50:35;Homicídio Doloso;CACHOEIRO DE ITAPEMIRIM;ZONA RURAL;RUA NÃO CADASTRADA;32;1 - Masculino;Indeterminada;Fogo;Estabelecimento Comercial
53901841;04/03/2024;13:22:22;Homicídio Doloso;ITAGUACU;ALTO LAJE;RUA NÃO CADASTRADA;38;1 - Masculino;PARDA;Arma de Fogo;Domicílio
53903838;04/03/2024;12:28:48;Homicídio Doloso;VILA VELHA;ATAIDE;RUA CIRCULAR;39;2 - Feminino;NEGRA;Arma de Fogo;Via Pública
53898909;04/03/2024;08:04:14;Homicídio Doloso;CARIACICA;NOVA CANAA;RUA NÃO CADASTRADA;25;1 - Masculino;PARDA;Arma de Fogo;Terreno Baldio / Construção / Mata
53890018;04/03/2024;17:02:15;Homicídio Doloso;JAGUARE;PALMITO;RUA SETE DE SETEMBRO;25;1 - Masculino;NEGRA;Arma de Fogo;Via Pública
53924656;06/03/2024;22:54:27;Homicídio Doloso;VILA VELHA;ATAIDE;RUA ENGENHEIRO HENRIQUE KALER;20;2 - Feminino;PARDA;Arma de Fogo;Via Pública
53919423;06/03/2024;12:16:07;Homicídio Doloso;SAO MATEUS;NESTOR GOMES;RUA CAMILO SANTANA;18;1 - Masculino;PARDA;Arma de Fogo;Via Pública
53927678;06/03/2024;21:03:44;Homicídio Doloso;SAO MATEUS;NOVA AIMORES;ES 381;27;2 - Feminino;PARDA;Arma de Fogo;Via Pública
53919310;06/03/2024;12:02:50;Homicídio Doloso;SERRA;PARQUE RESIDENCIAL LARANJEIRAS;RUA MIGUEL ANGELO;47;1 - Masculino;NEGRA;Arma de Fogo;Via Pública
53937136;08/03/2024;10:00:06;Homicídio Doloso;VILA VELHA;JOAO GOULART;RUA MINAS GERAIS;22;2 - Feminino;BRANCA;Asfixia;Via Pública
53938001;08/03/2024;11:27:37;Homicídio Doloso;CARIACICA;SAO FRANCISCO;RUA PADRE LEANDRO DEL HOMO;20;1 - Masculino;BRANCA;Arma de Fogo;Domicílio
53935144;08/03/2024;02:34:30;Homicídio Doloso;CACHOEIRO DE ITAPEMIRIM;VILAGE DA LUZ;RUA DO FAISAO;27;1 - Masculino;PARDA;Arma de Fogo;Via Pública
53946161;09/03/2024;06:33:15;Homicídio Doloso;SAO MATEUS;COHAB;RUA VINTE E UM;30;1 - Masculino;PARDA;Arma Branca;Via Pública
53945659;09/03/2024;03:45:43;Homicídio Doloso;CACHOEIRO DE ITAPEMIRIM;MONTE BELO;RUA ARARIGUABA;47;1 - Masculino;PARDA;Linchamento;Via Pública
53945234;09/03/2024;01:41:58;Homicídio Doloso;SERRA;NOVO HORIZONTE;RUA NÃO CADASTRADA;20;1 - Masculino;BRANCA;Arma de Fogo;Via Pública
53950555;09/03/2024;17:23:05;Homicídio Doloso;CARIACICA;PADRE GABRIEL;RUA CHICO MENDES;48;1 - Masculino;NEGRA;Objeto Doméstico;Via Pública
53948888;09/03/2024;13:46:18;Homicídio Doloso;ALTO RIO NOVO;ZONA RURAL;ROD LAURINDO BARBOSA;46;1 - Masculino;BRANCA;Arma de Fogo;Via Pública
53955451;10/03/2024;05:38:16;Homicídio Doloso;VIANA;MARCÍLIO DE NORONHA;AV PIRACICABA;25;1 - Masculino;PARDA;Arma de Fogo;Domicílio
53961830;10/03/2024;22:36:57;Homicídio Doloso;VILA VELHA;RIVIERA DA BARRA;EST AYRTON SENA;21;2 - Feminino;PARDA;Arma Branca;Via Pública
53971003;11/03/2024;01:59:05;Homicídio Doloso;SERRA;BAIRRO DAS LARANJEIRAS;RUA NELSON MONTEIRO;23;1 - Masculino;BRANCA;Arma de Fogo;Domicílio
53967714;11/03/2024;15:22:24;Homicídio Doloso;SERRA;SAO DIOGO II;RUA COELHO NETO;36;1 - Masculino;PARDA;Violência Física;Via Pública
53981430;12/03/2024;22:07:24;Homicídio Doloso;SERRA;ELDORADO;AV MARTIM PESCADOR;;;;Arma de Fogo;Via Pública
53981430;12/03/2024;22:07:24;Homicídio Doloso;SERRA;ELDORADO;AV MARTIM PESCADOR;19;1 - Masculino;PARDA;Arma de Fogo;Via Pública
53973387;12/03/2024;05:48:40;Homicídio Doloso;SERRA;NOVA CARAPINA I;AV MONTES CLAROS;44;1 - Masculino;NEGRA;Objeto Contundente;Via Pública
53989868;13/03/2024;23:06:28;Homicídio Doloso;SAO GABRIEL DA PALHA;ASA BRANCA;RUA 06;46;1 - Masculino;PARDA;Arma de Fogo;Terreno Baldio / Construção / Mata
53989842;13/03/2024;23:01:16;Homicídio Doloso;SAO GABRIEL DA PALHA;SANTA HELENA;AV BARTIMEO GOMES AGUIAR;35;1 - Masculino;PARDA;Arma de Fogo;Via Pública
53986676;13/03/2024;15:31:07;Homicídio Doloso;PINHEIROS;SANTO ANTÔNIO;RUA DARCY SOARES VIANA;21;1 - Masculino;NEGRA;Arma de Fogo;Via Pública
53997394;14/03/2024;19:57:40;Homicídio Doloso;VILA VELHA;ILHA DOS AYRES;RUA YPE;26;1 - Masculino;PARDA;Arma de Fogo;Via Pública
53997890;14/03/2024;20:51:35;Homicídio Doloso;ECOPORANGA;SANTA RITA;RUA NÃO CADASTRADA;34;2 - Feminino;BRANCA;Arma de Fogo;Via Pública
54005705;15/03/2024;17:36:11;Homicídio Doloso;VILA VELHA;PRAIA DA COSTA;RUA ROMERO BRITO;31;1 - Masculino;PARDA;Arma de Fogo;Via Pública
54018273;16/03/2024;22:35:27;Homicídio Doloso;VILA VELHA;BARRAMARES;AV AMARAL PEIXOTO;38;1 - Masculino;NEGRA;Arma de Fogo;Via Pública
54013653;16/03/2024;14:01:49;Homicídio Doloso;CONCEICAO DA BARRA;BRACO DO RIO;RUA NÃO CADASTRADA;64;1 - Masculino;PARDA;Objeto Contundente;Via Pública
54009347;16/03/2024;01:04:25;Homicídio Doloso;SAO MATEUS;GURIRI;RUA NÃOC ADASTRADA;29;1 - Masculino;PARDA;Arma de Fogo;Via Pública
54010685;16/03/2024;04:19:28;Homicídio Doloso;SAO MATEUS;GURIRI;RUA 31;23;1 - Masculino;NEGRA;Arma de Fogo;Via Pública
54009111;16/03/2024;00:22:57;Homicídio Doloso;COLATINA;VICENTE SOELA;AV JONAS BARCELOS;18;1 - Masculino;PARDA;Arma de Fogo;Via Pública
54030312;17/03/2024;00:38:10;Homicídio Doloso;ITAPEMIRIM;CAMPO ACIMA;RUA NÃO CADASTRADA;28;1 - Masculino;NEGRA;Arma de Fogo;Via Pública
54027589;17/03/2024;22:23:47;Homicídio Doloso;LINHARES;SHELL;AV DO CONTORNO;29;2 - Feminino;PARDA;Arma de Fogo;Via Pública
54026417;17/03/2024;19:49:45;Homicídio Doloso;BARRA DE SAO FRANCISCO;VILA LUCIENE;RUA JOSE CARLOS AMORIM;38;1 - Masculino;PARDA;Arma de Fogo;Via Pública
54033881;18/03/2024;15:29:43;Homicídio Doloso;CARIACICA;VILA PRUDÊNCIO;RUA JUIZ DE FORA;25;1 - Masculino;PARDA;Arma de Fogo;Via Pública
54039757;19/03/2024;09:58:37;Homicídio Doloso;CARIACICA;CAMPINA GRANDE;RUA BOM PASTOR;22;1 - Masculino;PARDA;Arma de Fogo;Via Pública
54046202;19/03/2024;21:39:20;Homicídio Doloso;CACHOEIRO DE ITAPEMIRIM;MONTE BELO;RUA MARIA CATARINA CORREA;26;1 - Masculino;NEGRA;Objeto Contundente;Via Pública
54056080;20/03/2024;22:42:07;Homicídio Doloso;VITORIA;ILHA DE SANTA MARIA;RUA JOSE CARVALHO;35;1 - Masculino;PARDA;Arma de Fogo;Via Pública
54047349;20/03/2024;02:28:24;Homicídio Doloso;SERRA;PARQUE DAS GAIVOTAS;AV SD DOLVACIR BISPO;40;1 - Masculino;PARDA;Arma de Fogo;Via Pública
54047185;20/03/2024;00:54:38;Homicídio Doloso;LINHARES;RESIDENCIAL RIO DOCE;RUA ODILSON SILVA;27;1 - Masculino;PARDA;Arma de Fogo;Domicílio
54060106;21/03/2024;12:09:18;Homicídio Doloso;SERRA;PARQUE DAS GAIVOTAS;RUA JAGUARE;18;1 - Masculino;PARDA;Arma de Fogo;Via Pública
54066884;22/03/2024;09:58:04;Homicídio Doloso;SERRA;CAMPINHO DA SERRA I;RUA OLIVEIRA;17;1 - Masculino;PARDA;Arma de Fogo;Domicílio
54068352;22/03/2024;09:51:52;Homicídio Doloso;CACHOEIRO DE ITAPEMIRIM;PARAISO;RUA NÃO CADASTRADA;23;1 - Masculino;PARDA;Arma de Fogo;Via Pública
54074966;22/03/2024;22:59:22;Homicídio Doloso;MARATAIZES;PRAIA DOS CACOES;RUA PROJETADA;32;1 - Masculino;PARDA;Arma de Fogo;Domicílio
54075459;23/03/2024;00:10:41;Homicídio Doloso;SAO MATEUS;AVIACAO;RUA CARLOS CHAGAS;25;1 - Masculino;PARDA;Arma de Fogo;Via Pública
54084596;23/03/2024;21:47:31;Homicídio Doloso;IUNA;CENTRO;AV DEPUTADO JOAO RIO;23;1 - Masculino;PARDA;Arma de Fogo;Via Pública
54084598;23/03/2024;21:48:26;Homicídio Doloso;SERRA;FEU ROSA;RUA SEMPRE VIVA;;1 - Masculino;;Arma de Fogo;Domicílio
54077609;23/03/2024;05:26:04;Homicídio Doloso;VILA VELHA;GLORIA;RUA MESTRE GOMES;30;1 - Masculino;NEGRA;Arma de Fogo;Via Pública
54085109;23/03/2024;22:57:54;Homicídio Doloso;SAO GABRIEL DA PALHA;POPULARES;RUA JOSE ALVES;18;1 - Masculino;BRANCA;Arma de Fogo;Via Pública
54084558;23/03/2024;21:36:47;Homicídio Doloso;SERRA;SAO DIOGO II;RUA PADRE FRANCA;29;1 - Masculino;PARDA;Arma de Fogo;Via Pública
54082277;24/03/2024;00:19:04;Homicídio Doloso;BOA ESPERANCA;ZONA RURAL;RUA NÃO CADASTRADA;32;1 - Masculino;PARDA;Arma de Fogo;Via Pública
54102841;25/03/2024;21:24:28;Homicídio Doloso;LINHARES;AVISO;RUA VICENTE GRACE MORELO;18;1 - Masculino;PARDA;Arma de Fogo;Via Pública
54099810;25/03/2024;15:07:40;Homicídio Doloso;SAO MATEUS;NESTOR GOMES;RUA PROJETADA;21;1 - Masculino;PARDA;Arma de Fogo;Via Pública
54098971;25/03/2024;13:47:52;Homicídio Doloso;PIUMA;PORTINHO;RUA NÃO CADASTRADA;20;1 - Masculino;PARDA;Objeto Contundente;Domicílio
54094655;25/03/2024;02:31:51;Homicídio Doloso;ITAPEMIRIM;ROSA MEIRELES;AV INTEGRAÇAO;21;1 - Masculino;PARDA;Arma de Fogo;Via Pública
54113330;27/03/2024;07:06:59;Homicídio Doloso;ALEGRE;CAFE;RUA NÃO CADASTRADA;68;1 - Masculino;BRANCA;Arma Branca;Via Pública
54119228;27/03/2024;18:18:23;Homicídio Doloso;PIUMA;CEU AZUL;RUA MARILHA;30;1 - Masculino;PARDA;Arma de Fogo;Domicílio
54116207;27/03/2024;12:35:28;Homicídio Doloso;COLATINA;SANTO ANTONIO;RUA JOAQUIM NABUCO;18;1 - Masculino;PARDA;Arma de Fogo;Via Pública
54130250;28/03/2024;20:50:11;Homicídio Doloso;IRUPI;SANTA CRUZ;RUA NÃO CADASTRADA;40;1 - Masculino;PARDA;Arma de Fogo;Terreno Baldio / Construção / Mata
54122368;28/03/2024;02:55:51;Homicídio Doloso;ECOPORANGA;VILA NOVA;AV JOSE ASSIS BAETA;26;1 - Masculino;PARDA;Arma de Fogo;Via Pública
54122368;28/03/2024;02:55:51;Homicídio Doloso;ECOPORANGA;VILA NOVA;AV JOSE ASSIS BAETA;26;1 - Masculino;PARDA;Arma de Fogo;Via Pública
54136321;29/03/2024;15:02:03;Homicídio Doloso;VILA VELHA;ARIBIRI;RUA VASCO ALVES;22;2 - Feminino;PARDA;Arma de Fogo;Via Pública
54139050;29/03/2024;20:46:03;Homicídio Doloso;LINHARES;BREJO GRANDE;RUA NÃO CADASTRADA;58;1 - Masculino;PARDA;Arma Branca;Outros Locais
54142626;29/03/2024;22:37:12;Homicídio Doloso;CARIACICA;SANTO ANTONIO;RUA SÃO PAULO;24;1 - Masculino;NEGRA;Arma de Fogo;Via Pública
54138563;29/03/2024;19:48:21;Homicídio Doloso;CARIACICA;SOTELANDIA;RUA JOSE DO PATROCINIO;29;1 - Masculino;BRANCA;Arma de Fogo;Terreno Baldio / Construção / Mata
54132159;29/03/2024;01:56:59;Homicídio Doloso;VENDA NOVA DO IMIGRANTE;ZONA RURAL;RUA PEDRO DAVOLI;29;1 - Masculino;PARDA;Arma de Fogo;Domicílio
54146305;30/03/2024;16:45:55;Homicídio Doloso;SERRA;PLANALTO DE CARAPINA;X;43;1 - Masculino;PARDA;Ignorado / Não Informado;Via Pública
54146735;30/03/2024;17:39:50;Homicídio Doloso;AGUA DOCE DO NORTE;VILA MARINHO;RUA NÃO CADASTRADA;41;1 - Masculino;PARDA;Arma de Fogo;Domicílio
54375271;31/03/2024;15:29:04;Homicídio Doloso;ARACRUZ;CACHOEIRINHA DO RIACHO;PROJETADA;44;2 - Feminino;PARDA;Arma de Fogo;Via Pública
54149624;31/03/2024;00:13:12;Homicídio Doloso;PIUMA;JARDIM MAILY;RUA JOAO FERNANDES LIMA;16;1 - Masculino;PARDA;Arma de Fogo;Via Pública
54156714;31/03/2024;21:52:52;Homicídio Doloso;COLATINA;VILA AMELIA;RUA ORLY DESSAUNE;39;1 - Masculino;PARDA;Arma de Fogo;Via Pública
54150245;31/03/2024;02:40:54;Homicídio Doloso;PONTO BELO;VISTA DOURADA;RUA OTILIO NERES;38;1 - Masculino;BRANCA;Arma de Fogo;Via Pública
54158101;01/04/2024;02:00:20;Homicídio Doloso;ECOPORANGA;CENTRO;RUA NÃO CADASTRADA;41;1 - Masculino;PARDA;Arma de Fogo;Domicílio
54163561;01/04/2024;16:10:33;Homicídio Doloso;VITORIA;CONQUISTA;RUA SAO LAZARO;28;1 - Masculino;BRANCA;Arma de Fogo;Via Pública
54174333;02/04/2024;18:58:33;Homicídio Doloso;CACHOEIRO DE ITAPEMIRIM;AMARAL;RUA PROFESSOR GILCEU MACHADO;22;1 - Masculino;PARDA;Arma de Fogo;Via Pública
54170639;02/04/2024;12:18:46;Homicídio Doloso;NOVA VENECIA;BONFIM;RUA NÃO CADASTRADA;32;1 - Masculino;BRANCA;Arma de Fogo;Via Pública
54172530;02/04/2024;15:53:42;Homicídio Doloso;CARIACICA;ITANGUA;RUA ROSILVA;40;1 - Masculino;PARDA;Arma de Fogo;Via Pública
54167985;02/04/2024;07:08:28;Homicídio Doloso;CASTELO;PATI;RUA NÃO CADASTRADA;54;1 - Masculino;BRANCA;Arma de Fogo;Via Pública
54175195;02/04/2024;20:53:52;Homicídio Doloso;IUNA;ZONA RURAL;RUA PRINCIPAL;29;1 - Masculino;PARDA;Arma de Fogo;Terreno Baldio / Construção / Mata
54176545;03/04/2024;01:55:29;Homicídio Doloso;MONTANHA;CENTRO;RUA NÃO CADASTRADA;20;1 - Masculino;PARDA;Arma de Fogo;Terreno Baldio / Construção / Mata
54177110;03/04/2024;06:30:29;Homicídio Doloso;AGUA DOCE DO NORTE;GOVERNADOR LACERDA;RUA ANTONIO ROSA DE SOUZA;35;1 - Masculino;PARDA;Arma de Fogo;Terreno Baldio / Construção / Mata
54178576;03/04/2024;10:00:02;Homicídio Doloso;CARIACICA;VILA PRUDENCIO;RUA FORÇA ELETRICA;23;1 - Masculino;BRANCA;Arma de Fogo;Via Pública
54182763;03/04/2024;18:00:55;Homicídio Doloso;VITORIA;VILA RUBIM;AV ELIAS MIGUEL;41;1 - Masculino;PARDA;Arma Branca;Via Pública
54190894;04/04/2024;16:08:41;Homicídio Doloso;SERRA;CENTRO;RUA NÃO CADASTRADA;16;1 - Masculino;PARDA;Fogo;Via Pública
54201722;05/04/2024;18:23:43;Homicídio Doloso;SANTA TERESA;DOIS PINHEIROS;RUA BERNARDINO MONTEIRO;20;1 - Masculino;NEGRA;Arma de Fogo;Domicílio
54207658;06/04/2024;12:21:07;Homicídio Doloso;DOMINGOS MARTINS;RIBEIRAO CAPIXABA;RUA NÃO CADASTRADA;44;1 - Masculino;Prejudicado;Arma de Fogo;Domicílio
54205084;06/04/2024;02:52:08;Homicídio Doloso;CARIACICA;SANTANA;RUA ANDRE DO ESPIRITO SANTO;20;1 - Masculino;PARDA;Arma de Fogo;Terreno Baldio / Construção / Mata
54207569;06/04/2024;12:14:34;Homicídio Doloso;GUARAPARI;VILAGE DO SOL;RUA DESEMBARGADOR MARIO NUNES;20;2 - Feminino;NEGRA;Arma de Fogo;Via Pública
54207119;06/04/2024;11:12:45;Homicídio Doloso;COLATINA;ZONA RURAL;ROD BR 259;28;1 - Masculino;PARDA;Ignorado / Não Informado;Via Pública
54220398;07/04/2024;20:55:01;Homicídio Doloso;SERRA;JARDIM CARAPINA;RUA SALVADOR;29;1 - Masculino;PARDA;Arma de Fogo;Outros Locais
54214806;07/04/2024;07:18:40;Homicídio Doloso;BARRA DE SAO FRANCISCO;MONTE SENIR;ROD ES 080;33;1 - Masculino;PARDA;Arma de Fogo;Via Pública
54215086;07/04/2024;23:17:34;Homicídio Doloso;SERRA;PLANALTO SERRANO;AV PLANALTO;17;1 - Masculino;PARDA;Arma de Fogo;Domicílio
54221612;07/04/2024;23:07:42;Homicídio Doloso;PINHEIROS;ZONA RURAL;RUA NÃO CADASTRADA;19;1 - Masculino;PARDA;Arma de Fogo;Via Pública
54222632;08/04/2024;03:48:12;Homicídio Doloso;PINHEIROS;COLINA;RUA JOAO EMANOEL GAGNO;21;2 - Feminino;PARDA;Arma de Fogo;Via Pública
54223684;08/04/2024;09:36:33;Homicídio Doloso;SAO MATEUS;LITORANEO;RUA NÃO CADASTRADA;20;1 - Masculino;NEGRA;Arma de Fogo;Via Pública
54229174;08/04/2024;22:16:24;Homicídio Doloso;SERRA;NOVA CARAPINA I;RUA ITAMBACURI;28;1 - Masculino;NEGRA;Arma de Fogo;Domicílio
54227950;08/04/2024;19:19:05;Homicídio Doloso;COLATINA;VICENTE SOELA;AV JONAS BARCELOS;24;1 - Masculino;PARDA;Arma de Fogo;Via Pública
54233912;09/04/2024;12:26:41;Homicídio Doloso;VITORIA;ITARARE;RUA DAS PALMEIRAS;25;1 - Masculino;PARDA;Arma de Fogo;Via Pública
54234408;09/04/2024;13:12:20;Homicídio Doloso;VITORIA;JOANA DARC;RUA OZIAS RODRIGUES;62;1 - Masculino;PARDA;Objeto Contundente;Via Pública
54260167;09/04/2024;09:42:05;Homicídio Doloso;MARILANDIA;ZONA RURAL;X;18;2 - Feminino;PARDA;ESPANCAMENTO;Estabelecimento Comercial
54242962;10/04/2024;11:56:08;Homicídio Doloso;VITORIA;ITARARE;ESC SANTA JULIA;19;1 - Masculino;BRANCA;Arma de Fogo;Via Pública
54240404;10/04/2024;05:50:54;Homicídio Doloso;COLATINA;NOSSA SENHORA APARECIDA;RUA JOSE LIMA;21;1 - Masculino;PARDA;Arma de Fogo;Via Pública
54247702;10/04/2024;20:30:47;Homicídio Doloso;PEDRO CANARIO;ZONA RURAL;RUA NÃO CADASTRADA;23;1 - Masculino;PARDA;Arma de Fogo;Outros Locais
54250118;11/04/2024;07:49:22;Homicídio Doloso;SERRA;PLANALTO SERRANO;RUA TIMBUI;51;1 - Masculino;NEGRA;Arma Branca;Estabelecimento Comercial
54250722;11/04/2024;05:25:24;Homicídio Doloso;VITORIA;RESISTENCIA;RUA NÃO CADASTRADA;20;1 - Masculino;NEGRA;Arma de Fogo;Via Pública
54252265;11/04/2024;11:34:40;Homicídio Doloso;CARIACICA;RIO BRANCO;RUA JOSE ROMANO;22;1 - Masculino;Prejudicado;Arma Branca;Via Pública
54266705;12/04/2024;19:02:02;Homicídio Doloso;ITAGUACU;CENTRO;RUA VICENTE PEIXOTO;28;1 - Masculino;PARDA;Arma Branca;Domicílio
54258591;12/04/2024;01:21:06;Homicídio Doloso;SOORETAMA;VALE DO SOL;RUA ELCIO MARQUES;41;1 - Masculino;PARDA;Arma de Fogo;Outros Locais
54267161;12/04/2024;22:57:45;Homicídio Doloso;NOVA VENECIA;ZONA RURAL;RUA NÃO CADASTRADA;60;1 - Masculino;BRANCA;Arma de Fogo;Estabelecimento Comercial
54274111;13/04/2024;19:43:10;Homicídio Doloso;AFONSO CLAUDIO;JOAO VALIM;RUA NÃO CADASTRADA;57;1 - Masculino;NEGRA;Arma de Fogo;Domicílio
54273725;13/04/2024;18:55:06;Homicídio Doloso;SERRA;PARQUE DAS GAIVOTAS;RUA PONTO BELO;38;1 - Masculino;PARDA;Arma de Fogo;Via Pública
54267161;13/04/2024;22:57:40;Homicídio Doloso;NOVA VENECIA;ZONA RURAL;RUA NÃO CADASTRADA;43;1 - Masculino;BRANCA;Arma de Fogo;Estabelecimento Comercial
54276774;14/04/2024;01:31:24;Homicídio Doloso;SERRA;BARRO BRANCO;RUA ARATU;41;1 - Masculino;PARDA;Arma de Fogo;Praça / Parques / Área Pública
54279645;14/04/2024;11:57:48;Homicídio Doloso;CONCEICAO DA BARRA;BRACO DO RIO;ROD BR 101;14;1 - Masculino;PARDA;Arma de Fogo;Terreno Baldio / Construção / Mata
54282514;14/04/2024;19:02:42;Homicídio Doloso;SERRA;NOVA ALMEIDA;RUA SANTA CRUZ;34;1 - Masculino;PARDA;Arma de Fogo;Estabelecimento Comercial
54276331;14/04/2024;00:22:03;Homicídio Doloso;SERRA;PRAIA DE CAPUBA;RUA ARISTOTELES PASSOS COSTA;34;1 - Masculino;PARDA;Arma de Fogo;Terreno Baldio / Construção / Mata
54277743;14/04/2024;05:24:21;Homicídio Doloso;SAO ROQUE DO CANAA;VILA VERDE;ROD ARMANDO MARTINELLI;;1 - Masculino;;Linchamento;Via Pública
54282046;14/04/2024;17:57:50;Homicídio Doloso;LINHARES;ZONA RURAL;RUA NÃO CADASTRADA;28;1 - Masculino;PARDA;Arma de Fogo;Domicílio
54302032;16/04/2024;23:05:11;Homicídio Doloso;CARIACICA;APARECIDA;RUA SANTO AGOSTINHO;25;1 - Masculino;PARDA;Arma de Fogo;Via Pública
54301891;16/04/2024;22:35:19;Homicídio Doloso;LINHARES;CENTRO;AV BATISTA CRUZ;27;1 - Masculino;PARDA;Arma de Fogo;Ignorado
54300343;16/04/2024;18:47:07;Homicídio Doloso;SAO ROQUE DO CANAA;SANTA JULIA;EST DE SANTA JULIA;38;1 - Masculino;PARDA;Arma Branca;Via Pública
54308588;17/04/2024;17:44:37;Homicídio Doloso;VILA VELHA;CRISTOVAO COLOMBO;RUA CASTORINA VIEIRA;41;1 - Masculino;NEGRA;Arma de Fogo;Via Pública
54310174;17/04/2024;21:34:17;Homicídio Doloso;VILA VELHA;DOM JOAO BATISTA;RUA VASCOALVES DE OLIVEIRA;23;1 - Masculino;PARDA;Arma de Fogo;Via Pública
54311281;18/04/2024;00:44:00;Homicídio Doloso;MANTENOPOLIS;IPIRANGA;AV INDEPENDENCIA;22;1 - Masculino;PARDA;Arma de Fogo;Via Pública
54319414;18/04/2024;23:14:20;Homicídio Doloso;CARIACICA;NOVO BRASIL;AV MOXUARA;30;1 - Masculino;NEGRA;Arma Branca;Domicílio
54317730;18/04/2024;18:41:43;Homicídio Doloso;VITORIA;SANTO ANTONIO;RUA MANOEL SOARES DE MELO;20;1 - Masculino;PARDA;Arma de Fogo;Via Pública
54327762;19/04/2024;22:27:45;Homicídio Doloso;MIMOSO DO SUL;CONCEICAO DO MUQUI;RUA NÃO CADASTRADA;42;1 - Masculino;PARDA;Objeto Contundente;Praça / Parques / Área Pública
54328643;20/04/2024;00:59:52;Homicídio Doloso;LINHARES;;RUA ALAGOAS;37;1 - Masculino;PARDA;Arma Branca;Praça / Parques / Área Pública
54338177;21/04/2024;06:37:52;Homicídio Doloso;GUARAPARI;COROADO;RUA ATILIO VIVACQUA;37;1 - Masculino;PARDA;Arma Branca;Via Pública
54340869;21/04/2024;15:31:34;Homicídio Doloso;MARATAIZES;JACARANDA;RUA PAULO ROCHA;47;1 - Masculino;PARDA;Arma Branca;Via Pública
54341159;21/04/2024;16:14:45;Homicídio Doloso;IRUPI;RIO PARDINHO;RUA NÃO CADASTRADA;47;1 - Masculino;BRANCA;Objeto Contundente;Domicílio
54340210;21/04/2024;13:48:13;Homicídio Doloso;CARIACICA;SANTO ANDRE;RUA LIBERDADE;22;1 - Masculino;NEGRA;Linchamento;Via Pública
54349223;22/04/2024;15:03:48;Homicídio Doloso;CARIACICA;BANDEIRANTES;RUA MARIANO FIRME;34;1 - Masculino;NEGRA;Arma de Fogo;Terreno Baldio / Construção / Mata
54348030;22/04/2024;12:38:59;Homicídio Doloso;VITORIA;NOVA PALESTINA;RUA SAO THIAGO;22;1 - Masculino;PARDA;Arma de Fogo;Via Pública
54349172;22/04/2024;15:01:54;Homicídio Doloso;VILA VELHA;SAO CONRADO;RUA HENRIQUE DE SOUZA;31;1 - Masculino;PARDA;ESPANCAMENTO;Via Pública
54345028;22/04/2024;06:01:48;Homicídio Doloso;VITORIA;TABUAZEIRO;RUA MANOEL MARQUES;43;1 - Masculino;PARDA;Objeto Contundente;Via Pública
54350801;22/04/2024;17:33:10;Homicídio Doloso;NOVA VENECIA;ZONA RURAL;RUA JOAO PIAO;59;1 - Masculino;PARDA;Arma de Fogo;Via Pública
54358580;23/04/2024;16:05:16;Homicídio Doloso;SERRA;BAIRRO DAS LARANJEIRAS;RUA NÃO CADASTRADA;56;1 - Masculino;PARDA;Fogo;Via Pública
54354921;23/04/2024;09:28:23;Homicídio Doloso;CARIACICA;JARDIM BOTANICO;ESTRADA DO TANQUE;20;1 - Masculino;NEGRA;Arma de Fogo;Estabelecimento Comercial
54361787;23/04/2024;23:15:03;Homicídio Doloso;SERRA;SAO MARCOS II;RUA VITORIA;22;1 - Masculino;PARDA;Arma de Fogo;Domicílio
54357175;23/04/2024;13:41:55;Homicídio Doloso;AGUA DOCE DO NORTE;VILA NELITA;X;70;2 - Feminino;NEGRA;Arma Branca;Via Pública
54369584;24/04/2024;20:43:00;Homicídio Doloso;VILA VELHA;JARDIM MARILANDIA;RUA GRANDE VITORIA;38;1 - Masculino;PARDA;Arma de Fogo;Curso D'água
54363468;24/04/2024;09:12:43;Homicídio Doloso;AGUA DOCE DO NORTE;VILA NELITA;ROD ES 080;17;1 - Masculino;NEGRA;Arma de Fogo;Domicílio
54375529;25/04/2024;15:52:00;Homicídio Doloso;VITORIA;;RUA ROSILDA FALCAO;24;1 - Masculino;PARDA;Arma de Fogo;
54371034;25/04/2024;06:47:54;Homicídio Doloso;VILA VELHA;ARIBIRI;RUA ERNESTO NAZARE;45;2 - Feminino;BRANCA;Arma Branca;Via Pública
54378730;25/04/2024;23:10:37;Homicídio Doloso;VILA VELHA;IBES;RUA MAGNOLIA E SILVA;23;1 - Masculino;PARDA;Arma de Fogo;Via Pública
54370464;25/04/2024;00:38:40;Homicídio Doloso;MARATAIZES;JACARANDA;ROD ES 060;37;1 - Masculino;PARDA;Arma de Fogo;Via Pública
54376975;25/04/2024;19:47:40;Homicídio Doloso;SANTA MARIA DE JETIBA;SAO LUIS;RUA ALFREDO J J KUSTER;61;1 - Masculino;BRANCA;Arma Branca;Terreno Baldio / Construção / Mata
54370758;25/04/2024;04:42:18;Homicídio Doloso;LINHARES;ZONA RURAL;RUA NÃO CADASTRADA;18;1 - Masculino;PARDA;Arma de Fogo;Domicílio
54389820;27/04/2024;07:06:46;Homicídio Doloso;VIANA;CABRAL;RUA NÃO CADASTRADA;25;1 - Masculino;PARDA;Arma Branca;Unidade Prisional
54389820;27/04/2024;07:06:46;Homicídio Doloso;VIANA;CABRAL;RUA NÃO CADASTRADA;34;1 - Masculino;PARDA;Arma Branca;Unidade Prisional
54389124;27/04/2024;03:13:44;Homicídio Doloso;VITORIA;GRANDE VITORIA;ROD SERAFIM DERENZI;28;1 - Masculino;PARDA;Objeto Contundente;Estabelecimento Comercial
54392052;27/04/2024;13:18:38;Homicídio Doloso;SERRA;JARDIM CARAPINA;RUA TEOFILO OTONI;24;1 - Masculino;PARDA;Arma de Fogo;Domicílio
54396690;27/04/2024;22:30:56;Homicídio Doloso;VIANA;MORADA DE VILA BETHANIA;RUA GUARAPARI;15;1 - Masculino;PARDA;Arma de Fogo;Estabelecimento Comercial
54397983;27/04/2024;23:26:41;Homicídio Doloso;CARIACICA;PADRE GABRIEL;RUA JOSE CARLOS LOPES;28;1 - Masculino;NEGRA;Arma de Fogo;Via Pública
54388414;27/04/2024;00:43:59;Homicídio Doloso;GUARAPARI;RECANTO DA SEREIA;RUA OURO BRANCO;38;1 - Masculino;PARDA;Arma de Fogo;Via Pública
54396601;28/04/2024;01:24:00;Homicídio Doloso;VILA VELHA;DOM JOAO BATISTA;TRAVESSA SAO JOSE;19;1 - Masculino;PARDA;Arma de Fogo;Via Pública
54400031;28/04/2024;12:03:05;Homicídio Doloso;VITORIA;MARIO CYPRESTE;AV DARIO LOURENÇO;50;1 - Masculino;NEGRA;Objeto Contundente;Via Pública
54403939;28/04/2024;21:18:41;Homicídio Doloso;LINHARES;NOVA ESPERANCA;RUA IANSA;18;1 - Masculino;PARDA;Arma de Fogo;Estabelecimento Comercial
54412179;29/04/2024;18:41:32;Homicídio Doloso;JAGUARE;NOVO TEMPO;AV NILO FALQUETO;21;1 - Masculino;PARDA;Arma Branca;Domicílio
54422678;30/04/2024;21:28:00;Homicídio Doloso;ITAPEMIRIM;ROSA MEIRELES;RUA PROJETADA;22;1 - Masculino;PARDA;Arma de Fogo;Via Pública
54424768;01/05/2024;04:08:08;Homicídio Doloso;CARIACICA;ALTO LAGE;ROD JOSE SETTE;44;1 - Masculino;PARDA;Objeto Contundente;Via Pública
54440994;03/05/2024;05:26:03;Homicídio Doloso;LINHARES;CENTRO;X;26;1 - Masculino;PARDA;Arma de Fogo;Estabelecimento Comercial
54444522;03/05/2024;13:50:10;Homicídio Doloso;PEDRO CANARIO;ZONA RURAL;X;56;1 - Masculino;PARDA;Arma Branca;Via Pública
54447360;03/05/2024;19:21:50;Homicídio Doloso;ECOPORANGA;ZONA RURAL;X;35;1 - Masculino;PARDA;Arma de Fogo;Via Pública
54453802;04/05/2024;15:07:35;Homicídio Doloso;SERRA;ANDRE CARLONI;RUA RIO TOCANTINS;62;2 - Feminino;NEGRA;Impacto;Via Pública
54453271;04/05/2024;13:53:13;Homicídio Doloso;SERRA;NOSSA SENHORA DA CONCEICAO;RUA ELESBAO ALEXANDRE MIRANDA;25;2 - Feminino;PARDA;Arma Branca;Via Pública
54448626;04/05/2024;00:00:03;Homicídio Doloso;MIMOSO DO SUL;ZONA RURAL;ES 297;26;1 - Masculino;PARDA;Arma de Fogo;Domicílio
54461677;05/05/2024;11:53:56;Homicídio Doloso;SAO MATEUS;LIBERDADE;RUA NÃO CADASTRADA;21;1 - Masculino;NEGRA;Arma de Fogo;Estabelecimento Comercial
54459643;05/05/2024;04:53:22;Homicídio Doloso;CONCEICAO DA BARRA;MARCILIO DIAS I;RUA SHALON;37;1 - Masculino;PARDA;Arma de Fogo;Via Pública
54460926;05/05/2024;09:48:10;Homicídio Doloso;CARIACICA;SANTANA;RUA NÃO CADASTRADA;15;1 - Masculino;PARDA;ESPANCAMENTO;Terreno Baldio / Construção / Mata
54460926;05/05/2024;09:48:10;Homicídio Doloso;CARIACICA;SANTANA;RUA NÃO CADASTRADA;16;1 - Masculino;PARDA;ESPANCAMENTO;Terreno Baldio / Construção / Mata
54467222;06/05/2024;01:34:38;Homicídio Doloso;CONCEICAO DA BARRA;CENTRO;RUA NÃO CADASTRADA;21;1 - Masculino;NEGRA;Arma de Fogo;Via Pública
54475412;06/05/2024;21:20:59;Homicídio Doloso;CARIACICA;PADRE GABRIEL;RUA NÃO CADASTRADA;;1 - Masculino;;Arma de Fogo;Via Pública
54487858;07/05/2024;19:03:46;Homicídio Doloso;LINHARES;BEBEDOURO;RUA NÃO CADASTRADA;29;1 - Masculino;PARDA;Arma de Fogo;Domicílio
54478808;07/05/2024;11:32:21;Homicídio Doloso;CARIACICA;MUCURI;ROD BR 101;20;1 - Masculino;PARDA;Arma de Fogo;Via Pública
54484728;07/05/2024;23:01:44;Homicídio Doloso;VILA VELHA;PONTA DA FRUTA;RUA ALCEBIADES GOMES FERREIRA;56;1 - Masculino;BRANCA;Arma de Fogo;Via Pública
54481717;07/05/2024;16:28:32;Homicídio Doloso;VITORIA;SANTO ANTONIO;AV SANTO ANTONIO;24;1 - Masculino;PARDA;Arma de Fogo;Via Pública
54493047;08/05/2024;21:00:05;Homicídio Doloso;DOMINGOS MARTINS;PEDRA AZUL;RUA NÃO CADASTRADA;36;1 - Masculino;BRANCA;Violência Física;Curso D'água
54493621;09/05/2024;22:45:33;Homicídio Doloso;VILA VELHA;VALE ENCANTADO;RUA SAO JUDAS TADEU;24;1 - Masculino;PARDA;Arma de Fogo;Via Pública
54494315;09/05/2024;02:13:12;Homicídio Doloso;VILA VELHA;VALE ENCANTADO;RUA VITORIA DA CONQUISTA;28;1 - Masculino;PARDA;Objeto Contundente;Terreno Baldio / Construção / Mata
54503718;10/05/2024;05:46:53;Homicídio Doloso;VILA VELHA;DIVINO ESPIRITO SANTO;RUA ANTONIO ATAIDE;38;1 - Masculino;NEGRA;Objeto Contundente;Via Pública
54520791;11/05/2024;21:22:44;Homicídio Doloso;PANCAS;CORREGO FERRUGEM;RUA NÃO CADASTRADA;52;1 - Masculino;BRANCA;Arma de Fogo;Lago / Lagoa / Represa
54517583;11/05/2024;14:52:42;Homicídio Doloso;VILA VELHA;GLORIA;RUA MARANGUAPE;41;1 - Masculino;BRANCA;Arma de Fogo;Via Pública
54512782;11/05/2024;00:44:04;Homicídio Doloso;LINHARES;NOVA ESPERANCA;AV LAGOA BONITA;25;1 - Masculino;PARDA;Arma de Fogo;Via Pública
54513311;11/05/2024;02:11:10;Homicídio Doloso;RIO NOVO DO SUL;SAO JOSE;RUA ANA DALMAZIO PEIXOTO;44;1 - Masculino;NEGRA;Arma de Fogo;Via Pública
54520140;11/05/2024;19:57:24;Homicídio Doloso;CARIACICA;TABAJARA;RUA MARIA DA PENHA TAMANINI;42;1 - Masculino;NEGRA;Linchamento;Via Pública
54515618;11/05/2024;10:28:41;Homicídio Doloso;JERONIMO MONTEIRO;VILA CRUZEIRO;RUA ARGENTINO PEREIRA LIMA;32;2 - Feminino;BRANCA;Arma Branca;Via Pública
54517734;11/05/2024;15:07:51;Homicídio Doloso;BOA ESPERANCA;ZONA RURAL;X;37;2 - Feminino;PARDA;ESPANCAMENTO;Via Pública
54525836;12/05/2024;12:42:53;Homicídio Doloso;FUNDAO;PRAIA GRANDE;X;;1 - Masculino;PARDA;Arma de Fogo;Via Pública
54539709;13/05/2024;20:51:36;Homicídio Doloso;CARIACICA;ALTO LAGE;RUA PEDRO ALVARES CABRAL;20;1 - Masculino;PARDA;Arma de Fogo;Via Pública
54539709;13/05/2024;20:51:36;Homicídio Doloso;CARIACICA;ALTO LAGE;RUA PEDRO ALVARES CABRAL;24;1 - Masculino;PARDA;Arma de Fogo;Via Pública
54539341;13/05/2024;19:58:00;Homicídio Doloso;PEDRO CANARIO;CENTRO;RUA JOSE JESUINO DA ROCHA;14;2 - Feminino;PARDA;Arma de Fogo;Estabelecimento Comercial
54539447;13/05/2024;20:11:27;Homicídio Doloso;LINHARES;LINHARES V;RUA MANOEL GOMES;17;1 - Masculino;PARDA;Arma de Fogo;Domicílio
54547348;14/05/2024;16:25:17;Homicídio Doloso;CARIACICA;ALTO LAGE;RUA SAO JOAO;27;2 - Feminino;PARDA;Arma Branca;Via Pública
54539712;14/05/2024;20:51:59;Homicídio Doloso;VILA VELHA;DOM JOAO BATISTA;RUA POVO HEROI;52;1 - Masculino;PARDA;Arma de Fogo;Via Pública
54550504;14/05/2024;22:53:30;Homicídio Doloso;SERRA;VISTA DA SERRA I;RUA ITARANA;21;1 - Masculino;PARDA;Arma de Fogo;Domicílio
54558003;15/05/2024;18:06:27;Homicídio Doloso;NOVA VENECIA;BELA VISTA;RUA LAURI BARBOSA;29;1 - Masculino;NEGRA;Arma de Fogo;Via Pública
54559690;15/05/2024;21:07:34;Homicídio Doloso;CONCEICAO DA BARRA;ZONA RURAL;ROD ES 209;29;1 - Masculino;PARDA;Arma de Fogo;Via Pública
54587647;18/05/2024;17:25:03;Homicídio Doloso;COLATINA;BELA VISTA;RUA ELIAS JOAO;16;1 - Masculino;PARDA;Arma de Fogo;Domicílio
54588408;18/05/2024;18:50:32;Homicídio Doloso;SERRA;RESIDENCIAL CENTRO DA SERRA;ROD AUDIFAX BARCELOS;23;1 - Masculino;PARDA;Arma de Fogo;Via Pública
54589955;18/05/2024;21:29:25;Homicídio Doloso;JAGUARE;SAO JOAO DO ESTIVADO;RUA NÃO CADASTRADA;23;1 - Masculino;PARDA;Arma de Fogo;Domicílio
54601582;19/05/2024;22:57:55;Homicídio Doloso;COLATINA;AYRTON SENNA;AV DULCINO BATISTA XIMENES;26;1 - Masculino;PARDA;Arma de Fogo;Praça / Parques / Área Pública
54594513;19/05/2024;08:23:14;Homicídio Doloso;VITORIA;JESUS DE NAZARETH;RUA NÃO CADASTRADA;23;1 - Masculino;PARDA;Ignorado / Não Informado;Domicílio
54597772;19/05/2024;15:39:19;Homicídio Doloso;VILA VELHA;JOAO GOULART;RUA DOM PEDRO PRIMEIRO;26;1 - Masculino;PARDA;Arma de Fogo;Via Pública
54591813;19/05/2024;00:25:05;Homicídio Doloso;PEDRO CANARIO;LIONORIO;RUA PINHEIRO;25;1 - Masculino;PARDA;Arma de Fogo;Estabelecimento Industrial
54592239;19/05/2024;01:24:50;Homicídio Doloso;VILA VELHA;NORMILIA DA CUNHA;RUA ELIAS DO ESPIRITO SANTOS;31;1 - Masculino;PARDA;Arma de Fogo;Domicílio
54594273;19/05/2024;07:32:28;Homicídio Doloso;NOVA VENECIA;SAO LUIZ GONZAGA;RUA NÃO CADASTRADA;36;1 - Masculino;NEGRA;Ignorado / Não Informado;Via Pública
54594142;19/05/2024;06:54:12;Homicídio Doloso;BARRA DE SAO FRANCISCO;VILA LUCIENE;ROD ES 080;21;1 - Masculino;NEGRA;Arma de Fogo;Via Pública
54608389;20/05/2024;16:42:45;Homicídio Doloso;LINHARES;NOVA ESPERANCA;RUA SAO BENTO;23;2 - Feminino;PARDA;Arma de Fogo;Via Pública
54611783;21/05/2024;02:05:17;Homicídio Doloso;COLATINA;BELA VISTA;RUA MOSUETO ZUCARATO;39;2 - Feminino;PARDA;Arma de Fogo;Via Pública
54619305;21/05/2024;19:17:25;Homicídio Doloso;CARIACICA;NOVA BRASILIA;RUA DO CANAL;16;1 - Masculino;PARDA;Arma de Fogo;Praça / Parques / Área Pública
54623845;22/05/2024;10:01:15;Homicídio Doloso;CARIACICA;FLEXAL I;RUA BOA ESPERANÇA;40;1 - Masculino;NEGRA;Arma de Fogo;Via Pública
54624309;22/05/2024;10:41:09;Homicídio Doloso;CASTELO;MONTE ALVERNE;RUA NÃO CADASTRADA;69;1 - Masculino;BRANCA;Arma de Fogo;Estabelecimento Comercial
54642193;24/05/2024;08:20:10;Homicídio Doloso;CARIACICA;BANDEIRANTES;AV MARIANO FIRME;18;1 - Masculino;PARDA;Arma de Fogo;Via Pública
54644250;24/05/2024;12:57:47;Homicídio Doloso;VILA VELHA;ILHA DAS FLORES;RUA NOSSA SENHORA DOS NAVEGANTES;19;1 - Masculino;PARDA;Arma de Fogo;Praça / Parques / Área Pública
54656395;25/05/2024;15:06:54;Homicídio Doloso;SOORETAMA;BARRO ROXO;RUA PRINCIPAL;21;1 - Masculino;PARDA;Arma de Fogo;Estabelecimento Comercial
54650623;25/05/2024;01:35:29;Homicídio Doloso;ECOPORANGA;BENEDITA MONTEIRO;RUA OLAVO COELHO;27;1 - Masculino;PARDA;Arma de Fogo;Via Pública
54654166;25/05/2024;12:00:32;Homicídio Doloso;CARIACICA;EXPEDITO;RUA GRACILIANO SALLES;42;1 - Masculino;PARDA;Arma de Fogo;Via Pública
54666848;26/05/2024;15:00:14;Homicídio Doloso;VILA VELHA;BARRAMARES;RUA PRESIDENTE KENEDY;31;1 - Masculino;BRANCA;Arma de Fogo;Via Pública
54668597;26/05/2024;17:59:55;Homicídio Doloso;CARIACICA;PIRANEMA;RUA WALTER CHAGAS;22;1 - Masculino;BRANCA;Arma de Fogo;Domicílio
54667679;26/05/2024;16:16:10;Homicídio Doloso;CARIACICA;SANTA CECILIA;RUA SAO SEBASTIAO;41;2 - Feminino;PARDA;Arma Branca;Via Pública
54663767;26/05/2024;08:03:53;Homicídio Doloso;FUNDAO;TIMBUI;AV GERONIMO ZUCOLOTO;49;2 - Feminino;PARDA;Arma Branca;Via Pública
54671868;27/05/2024;03:29:48;Homicídio Doloso;MUNIZ FREIRE;ALTO NORTE;RUA NÃO CADASTRADA;55;1 - Masculino;PARDA;Amarras;Domicílio
54671498;27/05/2024;00:40:19;Homicídio Doloso;VILA VELHA;JABURUNA;RUA EMILIANA JULIA DA SILVA;34;1 - Masculino;PARDA;Arma de Fogo;Via Pública
54675265;27/05/2024;11:41:42;Homicídio Doloso;PINHEIROS;ZONA RURAL;RUA NÃO CADASTRADA;;1 - Masculino;;Arma Branca;Via Pública
54681900;28/05/2024;05:36:33;Homicídio Doloso;MONTANHA;ZONA RURAL;RUA NÃO CADASTRADA;23;1 - Masculino;PARDA;Arma Branca;Curso D'água
54691583;29/05/2024;03:21:28;Homicídio Doloso;SERRA;JARDIM CARAPINA;RUA JOAO MONVALVERDE;21;1 - Masculino;PARDA;Arma de Fogo;Domicílio
54699041;29/05/2024;19:14:30;Homicídio Doloso;SOORETAMA;SAYONARA;AV VISTA ALEGRE;16;1 - Masculino;PARDA;Arma de Fogo;Via Pública
54708659;30/05/2024;22:08:15;Homicídio Doloso;CARIACICA;ITACIBA;RUA SANTANA;34;1 - Masculino;NEGRA;Arma de Fogo;Via Pública
54708092;30/05/2024;20:49:44;Homicídio Doloso;COLATINA;SAO MARCOS;RUA DIONISO ALVES DE SOUZA;40;2 - Feminino;NEGRA;Arma de Fogo;Via Pública
54709440;31/05/2024;00:22:00;Homicídio Doloso;CACHOEIRO DE ITAPEMIRIM;AEROPORTO;RUA SEBASTIAO DO AMARAL;36;1 - Masculino;BRANCA;Arma Branca;Via Pública
54708659;31/05/2024;09:37:41;Homicídio Doloso;CARIACICA;ITACIBA;RUA SANTANA;23;1 - Masculino;PARDA;Arma de Fogo;Via Pública
54715791;31/05/2024;22:01:24;Homicídio Doloso;SAO GABRIEL DA PALHA;JOAO COLOMBI;RUA MIGUEL BONIZIOLI;27;1 - Masculino;NEGRA;Arma de Fogo;Via Pública
54711941;31/05/2024;11:55:33;Homicídio Doloso;PANCAS;ZONA RURAL;X;17;2 - Feminino;PARDA;Arma de Fogo;Domicílio
54711038;31/05/2024;09:35:57;Homicídio Doloso;CACHOEIRO DE ITAPEMIRIM;ZUMBI;RUA NOVA VENECIA;11;1 - Masculino;PARDA;Arma de Fogo;Via Pública
54724080;01/06/2024;17:50:13;Homicídio Doloso;LINHARES;BNH;AV PRES WASHINGTON LUIS;31;1 - Masculino;PARDA;Arma de Fogo;Via Pública
54723557;01/06/2024;23:28:17;Homicídio Doloso;LINHARES;INTERLAGOS;AV MARTINS AFONSO DE SOUZA;23;1 - Masculino;PARDA;Arma de Fogo;Domicílio
54730865;02/06/2024;16:10:34;Homicídio Doloso;LINHARES;CHAPADAO DAS PALMINHAS;RUA NÃO CADASTRADA;28;1 - Masculino;PARDA;Arma de Fogo;Via Pública
54728495;02/06/2024;02:31:23;Homicídio Doloso;CACHOEIRO DE ITAPEMIRIM;CONDURU;ROD FEUD NEMMER;40;1 - Masculino;BRANCA;Arma Branca;Via Pública
54727190;02/06/2024;03:21:27;Homicídio Doloso;LINHARES;TRES BARRAS;RUA JOSE CANDIDO MOURAO;22;1 - Masculino;PARDA;Arma Branca;Via Pública
54732063;02/06/2024;18:34:28;Homicídio Doloso;ECOPORANGA;ZONA RURAL;X;48;2 - Feminino;BRANCA;Arma Branca;Via Pública
54737283;03/06/2024;10:19:08;Homicídio Doloso;VILA VELHA;ESTRADA DO DIQUE 13;EST DO DIQUE;25;1 - Masculino;PARDA;Arma de Fogo;Via Pública
54741478;03/06/2024;16:38:39;Homicídio Doloso;VILA VELHA;NORMILIA DA CUNHA;RUA MINAS GERAIS;46;2 - Feminino;NEGRA;Arma Branca;Via Pública
54742974;03/06/2024;19:36:59;Homicídio Doloso;CARIACICA;SANTO ANDRE;RUA SANTA PAULA;36;1 - Masculino;PARDA;Arma de Fogo;Domicílio
54753189;05/06/2024;23:22:52;Homicídio Doloso;ARACRUZ;BARRA DO RIACHO;RUA MAURO DE OLIVEIRA CUNHA;21;1 - Masculino;PARDA;Arma de Fogo;Lago / Lagoa / Represa
54754237;05/06/2024;06:55:37;Homicídio Doloso;CARIACICA;JARDIM DE ALAH;RUA MOACIR RIBEIRO;36;1 - Masculino;PARDA;Arma de Fogo;Via Pública
54754237;05/06/2024;06:55:37;Homicídio Doloso;CARIACICA;JARDIM DE ALAH;RUA MOACIR RIBEIRO;40;1 - Masculino;PARDA;Arma de Fogo;Via Pública
54767576;06/06/2024;15:04:49;Homicídio Doloso;CARIACICA;ITACIBA;RUA SANTANA;21;1 - Masculino;PARDA;Arma de Fogo;Via Pública
54783368;07/06/2024;19:48:22;Homicídio Doloso;LINHARES;SHELL;RUA PRES ARTHUR BERNARDES;18;1 - Masculino;PARDA;Arma de Fogo;Domicílio
54785201;08/06/2024;13:42:38;Homicídio Doloso;SERRA;NOSSA SENHORA DA CONCEICAO;RUA DR ALMIR NEVES;55;1 - Masculino;NEGRA;Arma de Fogo;Domicílio
54787653;08/06/2024;18:36:23;Homicídio Doloso;VITORIA;SANTOS DUMONT;ESCADARIA PLAUTINO AUGUSTO MANHAES;30;2 - Feminino;PARDA;Arma Branca;Via Pública
54791927;09/06/2024;04:37:38;Homicídio Doloso;SERRA;BARCELONA;RUA SANTO ANGELO;20;1 - Masculino;PARDA;Arma de Fogo;Via Pública
54793676;09/06/2024;22:59:22;Homicídio Doloso;PEDRO CANARIO;CAMATA;RUA TREZE DE MAIO;46;1 - Masculino;PARDA;Arma Branca;Via Pública
54795104;09/06/2024;14:43:51;Homicídio Doloso;ECOPORANGA;ZONA RURAL;RUA NÃO CADASTRADA;24;1 - Masculino;PARDA;Arma de Fogo;Terreno Baldio / Construção / Mata
54801366;10/06/2024;08:56:09;Homicídio Doloso;IUNA;PEQUIA;ROD BR 262;20;2 - Feminino;NEGRA;Arma de Fogo;Via Pública
54808817;10/06/2024;21:05:49;Homicídio Doloso;VILA VELHA;SAO TORQUATO;RUA LEOPOLDINA;22;1 - Masculino;PARDA;Arma de Fogo;Via Pública
54809331;10/06/2024;22:17:34;Homicídio Doloso;CASTELO;VOLTA REDONDA;AV OSCAR ALVES RANGEL;40;2 - Feminino;BRANCA;Arma de Fogo;Via Pública
54811246;11/06/2024;08:15:53;Homicídio Doloso;CARIACICA;FLEXAL II;RUA PARANA;50;1 - Masculino;PARDA;Ignorado / Não Informado;Via Pública
54817933;11/06/2024;20:41:58;Homicídio Doloso;VILA VELHA;VILA GARRIDO;RUA CAP VIEIRA DE MELO;30;1 - Masculino;BRANCA;Arma de Fogo;Via Pública
54829045;13/06/2024;06:54:30;Homicídio Doloso;CARIACICA;JARDIM AMERICA;RUA NÃO CADASTRADA;40;1 - Masculino;PARDA;Objeto Contundente;Via Pública
54849745;15/06/2024;08:36:22;Homicídio Doloso;VILA VELHA;BARRAMARES;RUA GENERAL DUTRA;35;1 - Masculino;PARDA;Objeto Contundente;Via Pública
54850511;15/06/2024;10:24:43;Homicídio Doloso;CACHOEIRO DE ITAPEMIRIM;ILHA DA LUZ;RUA NÃO CADASTRADA;53;1 - Masculino;PARDA;Arma Branca;Via Pública
54858054;16/06/2024;02:23:09;Homicídio Doloso;CARIACICA;NOVA VALVERDE;RUA MARIA MATILDE;42;1 - Masculino;PARDA;Arma de Fogo;Via Pública
54868382;17/06/2024;10:07:27;Homicídio Doloso;CARIACICA;ZONA RURAL;AV DOS FUNCIONARIOS;;;;Fogo;Terreno Baldio / Construção / Mata
54875877;18/06/2024;03:53:25;Homicídio Doloso;VILA VELHA;INDUSTRIAL;RUA CASIMIRO DE ABREU;19;1 - Masculino;PARDA;Arma de Fogo;Via Pública
54883283;18/06/2024;19:42:41;Homicídio Doloso;CARIACICA;NOVO BRASIL;RUA ALAGOAS;6;2 - Feminino;PARDA;ESPANCAMENTO;Via Pública
54914360;21/06/2024;23:13:26;Homicídio Doloso;SERRA;VILA NOVA DE COLARES;RUA IRACEMA;37;1 - Masculino;PARDA;Arma de Fogo;Via Pública
54925542;23/06/2024;02:18:07;Homicídio Doloso;VILA VELHA;ALECRIM;RUA MONTE CASTELO;25;1 - Masculino;NEGRA;Arma de Fogo;Via Pública
54944982;25/06/2024;08:19:20;Homicídio Doloso;ATILIO VIVACQUA;CENTRO;ROD RICARDO BARBIERI;70;1 - Masculino;PARDA;Arma de Fogo;Domicílio
54948897;25/06/2024;14:53:52;Homicídio Doloso;CARIACICA;JARDIM CAMPO GRANDE;AL MINAS GERAIS;37;2 - Feminino;PARDA;Arma de Fogo;Via Pública
54988527;29/06/2024;20:51:40;Homicídio Doloso;SERRA;JARDIM BELA VISTA;RUA VINTE E DOIS;41;1 - Masculino;PARDA;Arma Branca;Via Pública
54982210;29/06/2024;01:44:43;Homicídio Doloso;SERRA;NOVA CARAPINA II;RUA AGUA FORMOSA;36;1 - Masculino;NEGRA;Arma de Fogo;Praça / Parques / Área Pública
54985535;29/06/2024;13:00:43;Homicídio Doloso;CARIACICA;PORTO DE CARIACICA;ROD BR 101;24;1 - Masculino;PARDA;Arma de Fogo;Mar
54990998;30/06/2024;23:40:43;Homicídio Doloso;BARRA DE SAO FRANCISCO;COLINA;RUA JOAO PESSOA;19;1 - Masculino;PARDA;Arma de Fogo;Via Pública
54991086;30/06/2024;23:52:44;Homicídio Doloso;GOVERNADOR LINDENBERG;NOVA BRASILIA;RUA JOSE CORDEIRO DE FREITAS;33;1 - Masculino;BRANCA;Arma de Fogo;Domicílio
54993138;30/06/2024;07:15:53;Homicídio Doloso;PANCAS;ZONA RURAL;ROD JOAO JULIO CARDOSO;45;1 - Masculino;BRANCA;Arma de Fogo;Via Pública
55000525;01/07/2024;05:39:18;Homicídio Doloso;VILA VELHA;GLORIA;RUA MESTRE GOMES;33;1 - Masculino;NEGRA;Arma de Fogo;Domicílio
55016937;02/07/2024;22:50:17;Homicídio Doloso;SERRA;CENTRAL CARAPINA;AV BRASIL;43;1 - Masculino;PARDA;Arma de Fogo;Via Pública
55017008;02/07/2024;00:00:01;Homicídio Doloso;VILA VELHA;DIVINO ESPIRITO SANTO;RUA TEODORO CAMATA;33;1 - Masculino;PARDA;Linchamento;Via Pública
55014599;02/07/2024;17:01:01;Homicídio Doloso;VILA VELHA;VALE ENCANTADO;AV LESTE OESTE;21;1 - Masculino;PARDA;Arma de Fogo;Terreno Baldio / Construção / Mata
55017679;03/07/2024;02:48:28;Homicídio Doloso;VENDA NOVA DO IMIGRANTE;CAXIXE;RUA FLORENTINO FALLER;34;2 - Feminino;NEGRA;Arma Branca;Outros Locais
55027722;04/07/2024;08:44:12;Homicídio Doloso;VIANA;AREINHA;RUA LARANJEIRAS;23;1 - Masculino;PARDA;Arma de Fogo;Terreno Baldio / Construção / Mata
55033319;04/07/2024;16:39:47;Homicídio Doloso;CARIACICA;MUCURI;RUA NÃO CADASTRADA;47;1 - Masculino;BRANCA;Arma de Fogo;Domicílio
55031994;04/07/2024;16:26:50;Homicídio Doloso;ECOPORANGA;ZONA RURAL;EST CELIO PARAISO;37;1 - Masculino;PARDA;Arma de Fogo;Estabelecimento Comercial
55037285;05/07/2024;10:08:41;Homicídio Doloso;VILA VELHA;COBILANDIA;AV OTAVIO BORIN;55;1 - Masculino;BRANCA;Arma de Fogo;Via Pública
55036006;05/07/2024;07:31:48;Homicídio Doloso;SAO MATEUS;COHAB;AV ANTONIO COSTA LEAL;18;1 - Masculino;PARDA;Arma de Fogo;Domicílio
55045422;06/07/2024;03:47:10;Homicídio Doloso;SAO MATEUS;AVIACAO;RUA NÃO CADASTRADA;18;1 - Masculino;PARDA;Arma de Fogo;Curso D'água
55050629;06/07/2024;17:26:15;Homicídio Doloso;LINHARES;AVISO;RUA CELINA FRANCISCA DOS REIS COTES;39;1 - Masculino;PARDA;Arma de Fogo;Domicílio
55046076;06/07/2024;07:19:11;Homicídio Doloso;SERRA;BAIRRO DAS LARANJEIRAS;AV ABDO SAAD;51;1 - Masculino;BRANCA;Objeto Contundente;Via Pública
55051631;06/07/2024;19:14:11;Homicídio Doloso;CARIACICA;GRAUNA;RUA LAURINDA PEREIRA DO NASCIMENTO;18;1 - Masculino;NEGRA;Arma de Fogo;Domicílio
55045802;06/07/2024;06:06:00;Homicídio Doloso;ANCHIETA;MAEMBA;ROD ES 060;65;1 - Masculino;PARDA;Arma de Fogo;Via Pública
55049807;06/07/2024;16:00:00;Homicídio Doloso;SERRA;VILA NOVA DE COLARES;RUA DAS MARGARIDAS;26;1 - Masculino;NEGRA;Arma de Fogo;Via Pública
55054635;07/07/2024;01:36:49;Homicídio Doloso;ARACRUZ;GUANABARA;RUA AGUSTO FERREIRA LAMEGO;30;1 - Masculino;NEGRA;Arma de Fogo;Domicílio
55061832;07/07/2024;21:29:13;Homicídio Doloso;SERRA;VISTA DA SERRA II;RUA PEROBA;30;1 - Masculino;PARDA;Arma de Fogo;Via Pública
54996552;08/07/2024;16:34:44;Homicídio Doloso;JAGUARE;CENTRO;RUA NÃO CADASTRADA;;;;Violência Física;Domicílio
55065587;08/07/2024;10:46:32;Homicídio Doloso;VENDA NOVA DO IMIGRANTE;CENTRO;RUA VICTORIO BRIOSCHI;28;2 - Feminino;BRANCA;Arma Branca;Estabelecimento Comercial
55066038;08/07/2024;11:30:41;Homicídio Doloso;SERRA;PLANALTO SERRANO;AV SAO FRANCISCO;32;1 - Masculino;BRANCA;Arma Branca;Terreno Baldio / Construção / Mata
55066071;08/07/2024;11:42:00;Homicídio Doloso;SERRA;PLANALTO SERRANO;RUA COLATINA;24;1 - Masculino;PARDA;ESPANCAMENTO;Via Pública
55067005;08/07/2024;13:30:14;Homicídio Doloso;SERRA;PLANALTO SERRANO;AV BAIXO GUANDU;25;1 - Masculino;PARDA;Arma de Fogo;Via Pública
55066363;08/07/2024;12:18:18;Homicídio Doloso;CARIACICA;RIO BRANCO;RUA PORTO ALEGRE;29;1 - Masculino;PARDA;Arma de Fogo;Via Pública
55079295;09/07/2024;18:28:11;Homicídio Doloso;SERRA;CIVIT II;AV EUDES SCHERRER;68;1 - Masculino;PARDA;Arma Branca;Via Pública
55073959;09/07/2024;09:27:16;Homicídio Doloso;CARIACICA;PRESIDENTE MEDICE;RUA PRESIDENTE MEDICE;21;1 - Masculino;NEGRA;Arma de Fogo;Domicílio
55090872;11/07/2024;02:17:48;Homicídio Doloso;CARIACICA;CAMPO VERDE;RUA DAS PALMEIRAS;25;1 - Masculino;PARDA;Arma de Fogo;Via Pública
55096213;11/07/2024;16:23:34;Homicídio Doloso;LINHARES;INTERLAGOS;RUA LUIZ DE CAMOES;71;2 - Feminino;BRANCA;Arma Branca;Via Pública
55098448;11/07/2024;20:40:51;Homicídio Doloso;SAO MATEUS;SEAC;X;67;1 - Masculino;NEGRA;Outros;Terreno Baldio / Construção / Mata
55104607;12/07/2024;15:30:13;Homicídio Doloso;GUARAPARI;COROADO;RUA BAHIA;41;1 - Masculino;NEGRA;Asfixia;Via Pública
55100885;12/07/2024;08:54:22;Homicídio Doloso;CACHOEIRO DE ITAPEMIRIM;SAFRA;RUA NÃO CADASTRADA;30;1 - Masculino;PARDA;Arma de Fogo;Estabelecimento Comercial
55117214;13/07/2024;22:04:40;Homicídio Doloso;VITORIA;JARDIM CAMBURI;RUA NÃO CADASTRADA;38;1 - Masculino;PARDA;Arma de Fogo;Via Pública
55118008;13/07/2024;23:44:15;Homicídio Doloso;IBATIBA;PERDIDO;RUA NÃO CADASTRADA;39;1 - Masculino;NEGRA;Arma de Fogo;Domicílio
55109798;13/07/2024;02:44:57;Homicídio Doloso;VITORIA;ROMAO;RUA NÃO CADASTRADA;25;1 - Masculino;PARDA;Arma de Fogo;Via Pública
55116858;13/07/2024;21:22:23;Homicídio Doloso;VITORIA;SANTO ANTONIO;RUA ADOLPHO POLIO MONJARDIM;15;1 - Masculino;PARDA;Arma de Fogo;Via Pública
55120042;14/07/2024;09:12:51;Homicídio Doloso;PINHEIROS;JUNDIA;RUA PAU BRASIL;16;1 - Masculino;NEGRA;Arma de Fogo;Via Pública
55118317;14/07/2024;00:31:35;Homicídio Doloso;SERRA;NOVA CARAPINA II;AV MONTES CLAROS;26;1 - Masculino;PARDA;Arma de Fogo;Estabelecimento Comercial
55122893;14/07/2024;16:33:49;Homicídio Doloso;ARACRUZ;NOVA CONQUISTA;RUA ROGERIO BRAGA ROSA;21;1 - Masculino;PARDA;Arma de Fogo;Via Pública
55119274;14/07/2024;04:03:40;Homicídio Doloso;VILA VELHA;SANTA RITA;RUA DARCY VARGAS;18;1 - Masculino;PARDA;Arma de Fogo;Via Pública
55122726;14/07/2024;16:17:37;Homicídio Doloso;GUACUI;ZONA RURAL;RUA NÃO CADASTRADA;30;1 - Masculino;NEGRA;Arma Branca;Via Pública
55132302;15/07/2024;17:14:16;Homicídio Doloso;SERRA;NOVA CARAPINA;RUA DIVINOPOLIS;4;1 - Masculino;PARDA;Objeto Contundente;Via Pública
55132302;15/07/2024;17:14:16;Homicídio Doloso;SERRA;NOVA CARAPINA I;RUA DIVINOPOLIS;35;2 - Feminino;BRANCA;ESPANCAMENTO;Via Pública
55129089;15/07/2024;11:27:36;Homicídio Doloso;MONTANHA;ZONA RURAL;ROD ES 245;17;1 - Masculino;PARDA;Arma de Fogo;Via Pública
55138219;16/07/2024;12:39:40;Homicídio Doloso;VILA VELHA;GUARANHUNS;RUA DR AFONSO SCHWAB;56;1 - Masculino;PARDA;Arma de Fogo;Via Pública
55136698;16/07/2024;09:36:00;Homicídio Doloso;CARIACICA;NOVA ESPERANCA;AV UNIAO;16;1 - Masculino;PARDA;Arma de Fogo;Domicílio
55141883;16/07/2024;19:25:42;Homicídio Doloso;VITORIA;SANTO ANTONIO;RUA NÃO CADASTRADA;42;1 - Masculino;PARDA;Arma de Fogo;Domicílio
55143484;17/07/2024;00:17:09;Homicídio Doloso;MANTENOPOLIS;CENTRO;RUA SAO JOSE;33;1 - Masculino;PARDA;Arma de Fogo;Estabelecimento Comercial
55149234;17/07/2024;17:06:27;Homicídio Doloso;MANTENOPOLIS;CENTRO;RUA SÃO JOSÉ;30;2 - Feminino;BRANCA;Arma de Fogo;Via Pública
55144048;17/07/2024;06:29:14;Homicídio Doloso;ARACRUZ;COQUEIRAL;ROD ES 456;29;1 - Masculino;NEGRA;Arma de Fogo;Terreno Baldio / Construção / Mata
55155502;18/07/2024;12:41:28;Homicídio Doloso;SAO MATEUS;BOM SUCESSO;X;42;2 - Feminino;PARDA;ENFORCAMENTO;Via Pública
55158201;18/07/2024;17:59:54;Homicídio Doloso;MONTANHA;ZONA RURAL;ROD ES 209;49;1 - Masculino;PARDA;Ignorado / Não Informado;Domicílio
55166422;19/07/2024;17:17:27;Homicídio Doloso;ARACRUZ;BARRA DO RIACHO;ES 257, KM 25;23;2 - Feminino;PARDA;Arma de Fogo;Lago / Lagoa / Represa
55166422;19/07/2024;17:17:27;Homicídio Doloso;ARACRUZ;BARRA DO RIACHO;ROD ES 257;35;1 - Masculino;PARDA;Arma de Fogo;Lago / Lagoa / Represa
55166766;19/07/2024;18:03:11;Homicídio Doloso;VILA VELHA;VILA GARRIDO;RUA LEOCARDINO CRUZ;21;1 - Masculino;PARDA;Arma de Fogo;Terreno Baldio / Construção / Mata
55168971;19/07/2024;22:55:39;Homicídio Doloso;SOORETAMA;ZONA RURAL;RUA NÃO CADASTRADA;39;1 - Masculino;PARDA;Arma de Fogo;Domicílio
55174194;20/07/2024;16:08:02;Homicídio Doloso;CARIACICA;FLEXAL II;RUA FABIOLA NEVES;33;1 - Masculino;PARDA;Arma de Fogo;Via Pública
55173400;20/07/2024;14:02:12;Homicídio Doloso;ECOPORANGA;JABUTI;RUA NÃO CADASTRADA;21;1 - Masculino;PARDA;Arma Branca;Via Pública
55170792;20/07/2024;07:38:13;Homicídio Doloso;GUARAPARI;VILLAGE DO SOL;RUA JOAO SIQUEIRA;42;1 - Masculino;PARDA;Arma de Fogo;Estabelecimento Comercial
55168420;20/07/2024;00:45:57;Homicídio Doloso;MONTANHA;VINHATICO;RUA SAO JORGE;28;1 - Masculino;PARDA;Arma de Fogo;Via Pública
55171672;20/07/2024;10:04:37;Homicídio Doloso;ITARANA;ZONA RURAL;RUA NÃO CADASTRADA;61;1 - Masculino;BRANCA;Arma de Fogo;Curso D'água
55178820;21/07/2024;02:47:50;Homicídio Doloso;ARACRUZ;BELA VISTA;RUA NÃO CADASTRADA;27;1 - Masculino;PARDA;Arma de Fogo;Via Pública
55182866;21/07/2024;17:01:11;Homicídio Doloso;ARACRUZ;BELA VISTA;RUA ANDRE DE MATTOS PIMENTEL;35;2 - Feminino;PARDA;Arma de Fogo;Estabelecimento Comercial
55183832;21/07/2024;18:57:07;Homicídio Doloso;SAO GABRIEL DA PALHA;BOA VISTA;RUA BOA VISTA;16;1 - Masculino;PARDA;Arma de Fogo;Via Pública
55185034;21/07/2024;21:48:41;Homicídio Doloso;SAO GABRIEL DA PALHA;CACHOEIRA DA ONCA;AV ADILTON FONTES;29;1 - Masculino;BRANCA;Arma de Fogo;Via Pública
55182480;21/07/2024;15:59:48;Homicídio Doloso;VILA VELHA;DOM JOAO BATISTA;RUA VASCO ALVES;32;2 - Feminino;PARDA;Arma de Fogo;Via Pública
55179677;21/07/2024;07:41:20;Homicídio Doloso;SOORETAMA;JUERANA;RUA NÃO CADASTRADA;;;;Arma de Fogo;Domicílio
55186665;22/07/2024;07:33:30;Homicídio Doloso;BARRA DE SAO FRANCISCO;VILA VICENTE;RUA ANDERSON DUMMER;0;2 - Feminino;BRANCA;Violência Física;Domicílio
55195549;23/07/2024;08:20:00;Homicídio Doloso;VIANA;AREINHA;RUA RIO DE JANEIRO;29;1 - Masculino;PARDA;Arma de Fogo;Terreno Baldio / Construção / Mata
55195549;23/07/2024;08:20:00;Homicídio Doloso;VIANA;AREINHA;RUA RIO DE JANEIRO;35;1 - Masculino;PARDA;Arma de Fogo;Terreno Baldio / Construção / Mata
55202561;23/07/2024;22:14:36;Homicídio Doloso;VITORIA;ARIOVALDO FAVALESSA;RUA NÃO CADASTRADA;;;;Arma de Fogo;Domicílio
55201861;23/07/2024;20:24:13;Homicídio Doloso;VILA VELHA;COCAL;RUA UM;22;1 - Masculino;PARDA;Arma de Fogo;Via Pública
55210292;24/07/2024;20:24:01;Homicídio Doloso;VITORIA;BARRO VERMELHO;AV NOSSA SENHORA DA PENHA;30;1 - Masculino;PARDA;Arma Branca;Ignorado
55210698;24/07/2024;21:27:47;Homicídio Doloso;SAO MATEUS;FAZENDA PAULISTA;RUA NÃO CADASTRADA;25;1 - Masculino;PARDA;Arma de Fogo;Via Pública
55210698;24/07/2024;21:27:47;Homicídio Doloso;SAO MATEUS;FAZENDA PAULISTA;RUA NÃO CADASTRADA;31;1 - Masculino;PARDA;Arma de Fogo;Via Pública
54982315;24/07/2024;16:06:26;Homicídio Doloso;BREJETUBA;PAVAO;RUA NÃO CADSTRADA;28;1 - Masculino;PARDA;Arma Branca;Domicílio
55220195;25/07/2024;23:11:17;Homicídio Doloso;LINHARES;BEBEDOURO;RUA ANTONIO JOVITA FERREIRA;41;1 - Masculino;PARDA;Arma de Fogo;Terreno Baldio / Construção / Mata
55219444;25/07/2024;21:10:43;Homicídio Doloso;PEDRO CANARIO;BOA VISTA;RUA MENINO JESUS;22;1 - Masculino;PARDA;Arma de Fogo;Via Pública
55220655;26/07/2024;01:18:57;Homicídio Doloso;GUARAPARI;ADALBERTO SIMAO NADER;AV PRINCIPAL;15;1 - Masculino;PARDA;Arma de Fogo;Via Pública
55234564;27/07/2024;16:34:54;Homicídio Doloso;ITARANA;BARRA DO JATIBOCA;RUA NÃO CADASTRADA;;1 - Masculino;;Ignorado / Não Informado;Terreno Baldio / Construção / Mata
55234564;27/07/2024;16:34:54;Homicídio Doloso;ITARANA;BARRA DO JATIBOCA;RUA NÃO CADASTRADA;;2 - Feminino;Prejudicado;Ignorado / Não Informado;Terreno Baldio / Construção / Mata
55237084;27/07/2024;21:55:55;Homicídio Doloso;GUACUI;CENTRO;RUA NÃO CADASTRADA;35;1 - Masculino;;ESPANCAMENTO;Via Pública
55230552;27/07/2024;04:52:22;Homicídio Doloso;BARRA DE SAO FRANCISCO;IRMAOS FERNANDES;RUA ELIZETE TOMAS DE FREITAS;27;1 - Masculino;PARDA;Arma de Fogo;Domicílio
55235881;27/07/2024;19:12:46;Homicídio Doloso;SERRA;VISTA DA SERRA I;AV ARGENTINA;16;1 - Masculino;PARDA;Arma de Fogo;Via Pública
55244067;28/07/2024;19:01:50;Homicídio Doloso;CARIACICA;SANTO ANTONIO;RUA PIAUI;61;1 - Masculino;BRANCA;Arma de Fogo;Via Pública
55240928;28/07/2024;10:51:38;Homicídio Doloso;PONTO BELO;ZONA RURAL;RUA NÃO CADASTRADA;52;1 - Masculino;PARDA;Violência Física;Via Pública
55258844;30/07/2024;12:03:41;Homicídio Doloso;CARIACICA;;X;;1 - Masculino;Prejudicado;;Estabelecimento de Saúde
55262926;30/07/2024;19:26:27;Homicídio Doloso;PRESIDENTE KENNEDY;AREINHA;RUA PROJETADA;22;1 - Masculino;PARDA;Arma de Fogo;Via Pública
55255941;30/07/2024;05:54:01;Homicídio Doloso;SAO ROQUE DO CANAA;SAO DALMACIO;RUA NÃO CADASTRADA;33;2 - Feminino;PARDA;Arma de Fogo;Via Pública
55268467;31/07/2024;13:34:57;Homicídio Doloso;SAO MATEUS;BARRA NOVA;RUA NÃO CADASTRADA;20;1 - Masculino;PARDA;Arma de Fogo;Via Pública
55269915;31/07/2024;16:16:50;Homicídio Doloso;GUACUI;MANOEL TORRES;ROD BR 482;36;1 - Masculino;;Arma de Fogo;Terreno Baldio / Construção / Mata
55265294;31/07/2024;06:12:54;Homicídio Doloso;VILA VELHA;SAO TORQUATO;RUA NÃO CADASTRADA;53;1 - Masculino;BRANCA;Objeto Contundente;Via Pública
55288309;02/08/2024;18:36:19;Homicídio Doloso;GUARAPARI;JABARAI;RUA JOAQUIM MANOEL SANTANA;23;1 - Masculino;PARDA;Arma de Fogo;Via Pública
55284078;02/08/2024;10:13:43;Homicídio Doloso;COLATINA;VICENTE SOELA;RUA NÃO INFORMADA;49;1 - Masculino;PARDA;Arma Branca;Via Pública
55298629;03/08/2024;23:11:54;Homicídio Doloso;VILA VELHA;ALECRIM;RUA NÃO CADASTRADA;35;1 - Masculino;NEGRA;Arma de Fogo;Via Pública
55297368;03/08/2024;20:11:40;Homicídio Doloso;LINHARES;AVISO;RUA PAULINA DE SOUZA SALES;21;1 - Masculino;PARDA;Arma de Fogo;Estabelecimento Comercial
55293550;03/08/2024;11:33:24;Homicídio Doloso;SERRA;JOSE DE ANCHIETA;RUA JACARANDA;40;1 - Masculino;BRANCA;Arma de Fogo;Via Pública
55306166;04/08/2024;22:08:22;Homicídio Doloso;PEDRO CANARIO;CANARINHA;AV SALVADOR;32;1 - Masculino;PARDA;Arma de Fogo;Domicílio
55306465;04/08/2024;22:54:50;Homicídio Doloso;CARIACICA;CRUZEIRO DO SUL;RUA NÃO CADASTRADA;36;1 - Masculino;PARDA;Arma Branca;Terminal Rodoviário
55305643;04/08/2024;20:54:16;Homicídio Doloso;SAO GABRIEL DA PALHA;GUSTAVO BOONE;RUA BAHIA;33;1 - Masculino;PARDA;Arma de Fogo;Domicílio
55308366;05/08/2024;08:45:48;Homicídio Doloso;LINHARES;POVOACAO;RUA NÃO CADASTRADA;24;1 - Masculino;PARDA;Arma de Fogo;Estabelecimento Comercial
55324016;06/08/2024;21:30:30;Homicídio Doloso;VIANA;CANAA;ROD BR 262;20;1 - Masculino;PARDA;Arma de Fogo;Via Pública
55331091;07/08/2024;17:26:02;Homicídio Doloso;LINHARES;ARACA;RUA MONSENHOR PEDRINHA;24;1 - Masculino;PARDA;Arma Branca;Via Pública
55332223;07/08/2024;19:48:36;Homicídio Doloso;CONCEICAO DA BARRA;BRACO DO RIO;RUA NÃO CADASTRADA;18;1 - Masculino;PARDA;Arma de Fogo;Via Pública
55329867;07/08/2024;15:25:48;Homicídio Doloso;CACHOEIRO DE ITAPEMIRIM;VILLAGE DA LUZ;RUA MANOEL MANHAES;57;1 - Masculino;PARDA;Arma de Fogo;Via Pública
55339617;08/08/2024;16:21:44;Homicídio Doloso;LINHARES;SANTA CRUZ;AV ADEMAR LUIS PINA;14;1 - Masculino;NEGRA;Arma de Fogo;Terreno Baldio / Construção / Mata
55339617;08/08/2024;16:21:44;Homicídio Doloso;LINHARES;SANTA CRUZ;AV ADEMAR LUIS PINA;15;1 - Masculino;NEGRA;Arma de Fogo;Terreno Baldio / Construção / Mata
55357987;10/08/2024;14:39:37;Homicídio Doloso;SERRA;FEU ROSA;RUA EUCALIPTOS;54;2 - Feminino;PARDA;Arma Branca;Via Pública
55353144;10/08/2024;00:42:20;Homicídio Doloso;FUNDAO;PRAIA GRANDE;RUA PERNAMBUCO;15;1 - Masculino;PARDA;Arma de Fogo;Domicílio
55365316;11/08/2024;11:03:41;Homicídio Doloso;ARACRUZ;COQUEIRAL;RUA NÃO CADASTRADA;27;1 - Masculino;BRANCA;Arma de Fogo;Unidade Prisional
55369131;11/08/2024;19:04:59;Homicídio Doloso;VITORIA;ITARARE;RUA DANIEL ABREU MACHADO;33;1 - Masculino;PARDA;Arma de Fogo;Via Pública
55376105;12/08/2024;13:22:17;Homicídio Doloso;LINHARES;AVISO;RUA JAIR FRANCISCO SMASSARO;59;2 - Feminino;PARDA;Arma de Fogo;Via Pública
55375739;12/08/2024;12:42:40;Homicídio Doloso;CARIACICA;CASTELO BRANCO;RUA TIAGOVARA;26;1 - Masculino;PARDA;Arma de Fogo;Via Pública
55389945;13/08/2024;21:44:46;Homicídio Doloso;SERRA;CAMPINHO DA SERRA I;BECO APAGANTO;39;1 - Masculino;PARDA;Arma de Fogo;Via Pública
55383651;13/08/2024;09:49:23;Homicídio Doloso;CACHOEIRO DE ITAPEMIRIM;COUTINHO;RUA NÃO CADASTRADA;71;1 - Masculino;BRANCA;Arma de Fogo;Via Pública
55392514;14/08/2024;09:13:16;Homicídio Doloso;SERRA;SAO GERALDO;RUA PRESIDENTE GETULIO VARGAS;57;2 - Feminino;PARDA;Arma de Fogo;Via Pública
55407642;15/08/2024;21:14:19;Homicídio Doloso;ARACRUZ;VILA DO RIACHO;RUA ALVARO SOUZA;26;1 - Masculino;PARDA;Arma de Fogo;Via Pública
55400721;15/08/2024;07:31:36;Homicídio Doloso;VILA VELHA;VILA GARRIDO;RUA LEOCARDINO CRUZ;20;1 - Masculino;BRANCA;Arma de Fogo;Via Pública
55416704;16/08/2024;20:05:08;Homicídio Doloso;VILA VELHA;RIVIERA DA BARRA;RUA GUACUI;29;2 - Feminino;NEGRA;Arma de Fogo;Praça / Parques / Área Pública
55427944;17/08/2024;23:00:30;Homicídio Doloso;GUARAPARI;AEROPORTO;AV PADRE JOSE DE ANCHIETA;31;1 - Masculino;BRANCA;Arma de Fogo;Via Pública
55437746;18/08/2024;23:36:29;Homicídio Doloso;VITORIA;CENTRO;ESC RANULPHO GIANORDOLI;22;1 - Masculino;PARDA;Arma de Fogo;Via Pública
55429587;18/08/2024;03:09:35;Homicídio Doloso;SERRA;VILA NOVA DE COLARES;RUA LAGOA JUARA;26;1 - Masculino;BRANCA;Arma de Fogo;Via Pública
55429587;18/08/2024;03:09:35;Homicídio Doloso;SERRA;VILA NOVA DE COLARES;RUA LAGOA JUARA;31;1 - Masculino;PARDA;Arma de Fogo;Via Pública
55443864;19/08/2024;14:12:00;Homicídio Doloso;SERRA;SERRA DOURADA I;RUA NÃO CADASTRADA;19;1 - Masculino;PARDA;Arma de Fogo;Domicílio
55455090;20/08/2024;16:24:31;Homicídio Doloso;SERRA;MARINGA;RUA NÃO CADASTRADA;55;1 - Masculino;PARDA;Arma Branca;Domicílio
55466397;21/08/2024;19:20:07;Homicídio Doloso;CONCEICAO DA BARRA;PINHEIRO;RUA NÃO CADASTRADA;32;1 - Masculino;BRANCA;Arma de Fogo;Estabelecimento Comercial
55467806;21/08/2024;22:40:13;Homicídio Doloso;CARIACICA;SANTA BARBARA;RUA MATO GROSSO;43;1 - Masculino;PARDA;Arma de Fogo;Domicílio
55468551;22/08/2024;03:04:06;Homicídio Doloso;LINHARES;BNH;AV SAMUEL BATISTA CRUZ;31;1 - Masculino;NEGRA;Arma de Fogo;Via Pública
55484819;23/08/2024;16:56:21;Homicídio Doloso;VITORIA;CONQUISTA;RUA ALTO BELO;20;1 - Masculino;;Arma de Fogo;Terreno Baldio / Construção / Mata
55485182;23/08/2024;19:11:54;Homicídio Doloso;CARIACICA;JARDIM AMERICA;RUA ENGENHEIRO JOSE SERTA;47;1 - Masculino;PARDA;Arma Branca;Via Pública
55487688;23/08/2024;22:15:49;Homicídio Doloso;PANCAS;MONTES CLAROS;RUA NÃO CADASTRADA;41;1 - Masculino;PARDA;Arma de Fogo;Lago / Lagoa / Represa
55489358;24/08/2024;03:01:54;Homicídio Doloso;PEDRO CANARIO;CAMATA;AV JOSE DE ANCHIETA;40;1 - Masculino;NEGRA;Arma Branca;Terreno Baldio / Construção / Mata
55489221;24/08/2024;02:11:46;Homicídio Doloso;CONCEICAO DA BARRA;COBRAICE;RUA NÃO CADASTRADA;27;1 - Masculino;PARDA;Arma de Fogo;Via Pública
55490103;24/08/2024;07:19:58;Homicídio Doloso;SAO MATEUS;GURIRI;AV OCEANO ATLANTICO;49;1 - Masculino;NEGRA;Arma de Fogo;Terreno Baldio / Construção / Mata
55492913;24/08/2024;13:42:09;Homicídio Doloso;SOORETAMA;SAYONARA;RUA GIUNA;16;1 - Masculino;BRANCA;Arma de Fogo;Via Pública
55499206;25/08/2024;02:10:07;Homicídio Doloso;LINHARES;ARACA;RUA NÃO CADASTRADA;;;;Arma de Fogo;Via Pública
55505766;25/08/2024;19:02:22;Homicídio Doloso;CARIACICA;BUBU;AV ANTONIO TEIXEIRA;36;1 - Masculino;PARDA;Arma Branca;Outros Locais
55499597;25/08/2024;03:48:11;Homicídio Doloso;VITORIA;ITARARE;RUA NÃO CADASTRADA;19;1 - Masculino;PARDA;Arma de Fogo;Domicílio
55501680;25/08/2024;11:43:43;Homicídio Doloso;LINHARES;RIO QUARTEL;RUA NÃO CADASTRADA;36;1 - Masculino;NEGRA;Arma Branca;Terreno Baldio / Construção / Mata
55507268;26/08/2024;23:56:16;Homicídio Doloso;CARIACICA;ALTO LAGE;RUA NÃO CADASTRADA;35;1 - Masculino;PARDA;Arma de Fogo;Domicílio
55525218;27/08/2024;20:53:30;Homicídio Doloso;SANTA MARIA DE JETIBA;SAO BENTO;RUA PROJETADA;28;1 - Masculino;BRANCA;Arma de Fogo;Domicílio
55523155;27/08/2024;16:39:30;Homicídio Doloso;CARIACICA;SOTELANDIA;RUA SARGENTO BRANDAO;26;1 - Masculino;PARDA;Arma de Fogo;Via Pública
55526366;28/08/2024;02:13:20;Homicídio Doloso;NOVA VENECIA;AEROPORTO;RUA NÃO CADASTRADA;26;1 - Masculino;PARDA;Arma de Fogo;Domicílio
55532123;28/08/2024;15:30:00;Homicídio Doloso;COLATINA;BARBADOS;ROD BR 259;64;1 - Masculino;BRANCA;Arma de Fogo;Via Pública
55535383;29/08/2024;06:06:44;Homicídio Doloso;VILA VELHA;ITAPOA;RUA BELO HORIZONTE;24;1 - Masculino;PARDA;Arma de Fogo;Domicílio
55544793;29/08/2024;22:28:00;Homicídio Doloso;COLATINA;OLIVIO ZANOTELI;RUA ANGELO GUERRA;23;2 - Feminino;PARDA;Arma de Fogo;Domicílio
55544793;29/08/2024;22:28:00;Homicídio Doloso;COLATINA;OLIVIO ZANOTELI;RUA ANGELO GUERRA;35;1 - Masculino;PARDA;Arma de Fogo;Domicílio
55544793;29/08/2024;22:28:00;Homicídio Doloso;COLATINA;OLIVIO ZANOTELI;RUA ANGELO GUERRA;62;2 - Feminino;PARDA;Arma de Fogo;Domicílio
55553242;30/08/2024;20:20:40;Homicídio Doloso;GOVERNADOR LINDENBERG;FAZENDA BERNABE;RUA NÃO CADASTRADA;43;1 - Masculino;PARDA;Arma de Fogo;Via Pública
55545895;30/08/2024;05:48:45;Homicídio Doloso;CARIACICA;SANTA BARBARA;RUA DOUTOR BENEDITO DE SOUZA MACHADO;70;1 - Masculino;Prejudicado;Fogo;Via Pública
55564277;31/08/2024;23:31:55;Homicídio Doloso;PINHEIROS;PINHEIRINHO;RUA DAS CARMELIAS;50;1 - Masculino;PARDA;Arma Branca;Via Pública
55555286;31/08/2024;01:15:12;Homicídio Doloso;LINHARES;POVOACAO;RUA RICARDO FERREIRA VICENTE;28;1 - Masculino;PARDA;Arma de Fogo;Domicílio
55556554;31/08/2024;07:06:08;Homicídio Doloso;MARECHAL FLORIANO;SANTA RITA;RUA THEOBALDO RUPF;39;1 - Masculino;PARDA;Arma Branca;Via Pública
55555810;31/08/2024;03:08:30;Homicídio Doloso;AFONSO CLAUDIO;ZONA RURAL;RUA NÃO INFORMADA;34;1 - Masculino;PARDA;Arma de Fogo;Estabelecimento Comercial
55572035;01/09/2024;20:59:42;Homicídio Doloso;VILA VELHA;BARRAMARES;AV BOA VISTA;19;1 - Masculino;PARDA;Arma de Fogo;Via Pública
55572035;01/09/2024;20:59:42;Homicídio Doloso;VILA VELHA;BARRAMARES;AV BOA VISTA;30;1 - Masculino;NEGRA;Arma de Fogo;Via Pública
55565940;01/09/2024;06:33:59;Homicídio Doloso;SAO MATEUS;LITORANEO;RUA NÃO CADASTRADA;17;1 - Masculino;PARDA;Arma de Fogo;Via Pública
55572158;02/09/2024;05:59:32;Homicídio Doloso;VARGEM ALTA;CENTRO;RUA NÃO CADASTRADA;35;1 - Masculino;BRANCA;Arma de Fogo;Via Pública
55577534;02/09/2024;13:17:02;Homicídio Doloso;VILA VELHA;ULISSES GUIMARAES;RUA ELIS REGINA;18;1 - Masculino;PARDA;Arma de Fogo;Domicílio
55583449;03/09/2024;05:05:00;Homicídio Doloso;SERRA;FEU ROSA;RUA MIOSOTIS;37;1 - Masculino;NEGRA;Arma Branca;Domicílio
55596183;04/09/2024;12:16:29;Homicídio Doloso;BOM JESUS DO NORTE;SAO SEBASTIAO;RUA NÃO CADASTRADA;18;1 - Masculino;PARDA;Arma de Fogo;Via Pública
55611528;05/09/2024;22:24:09;Homicídio Doloso;SAO GABRIEL DA PALHA;SANTA HELENA;RUA AGENOR CAETANO;17;1 - Masculino;NEGRA;Arma de Fogo;Domicílio
55622158;06/09/2024;17:37:25;Homicídio Doloso;SERRA;BAIRRO DAS LARANJEIRAS;RUA SAO PAULO;31;1 - Masculino;PARDA;Arma de Fogo;Domicílio
55632518;07/09/2024;23:51:31;Homicídio Doloso;VITORIA;INHANGUETA;RUA JOSE RUFINO DE MORAES;14;1 - Masculino;NEGRA;Arma de Fogo;Via Pública
55629747;07/09/2024;18:39:30;Homicídio Doloso;CARIACICA;NOVA ROSA DA PENHA;RUA SESSENTA E QUATRO;17;1 - Masculino;PARDA;Arma de Fogo;Via Pública
55637791;08/09/2024;14:54:54;Homicídio Doloso;VITORIA;BARRO VERMELHO;AV RETA DA PENHA;35;1 - Masculino;PARDA;Arma de Fogo;Via Pública
55640697;08/09/2024;16:58:52;Homicídio Doloso;PRESIDENTE KENNEDY;CENTRO;RUA OLIMPIA FERREIRA VIANA;26;2 - Feminino;NEGRA;Arma de Fogo;Domicílio
55633608;08/09/2024;02:31:50;Homicídio Doloso;VITORIA;GRANDE VITORIA;RUA CANAL;37;1 - Masculino;PARDA;Arma de Fogo;Mar
55634301;08/09/2024;05:57:00;Homicídio Doloso;VITORIA;GRANDE VITORIA;RUA NÃO CADASTRADA;;1 - Masculino;PARDA;Arma de Fogo;Via Pública
55635363;08/09/2024;09:53:40;Homicídio Doloso;CACHOEIRO DE ITAPEMIRIM;RUBEM BRAGA;RUA MANOEL MANHAES;21;2 - Feminino;NEGRA;Arma de Fogo;Templos Religiosos
55637631;08/09/2024;14:42:11;Homicídio Doloso;FUNDAO;ZONA RURAL;ROD ES 261;61;1 - Masculino;PARDA;Arma de Fogo;Terreno Baldio / Construção / Mata
55642655;09/09/2024;02:20:13;Homicídio Doloso;CARIACICA;VILA CAPIXABA;RUA ALFREDO CHAVES;62;1 - Masculino;NEGRA;Arma Branca;Estabelecimento Industrial
55643937;09/09/2024;08:46:26;Homicídio Doloso;SAO MATEUS;VILA NOVA;X;;;;Outros;Domicílio
55649509;09/09/2024;17:26:05;Homicídio Doloso;PINHEIROS;ZONA RURAL;X;15;2 - Feminino;NEGRA;ESPANCAMENTO;Terreno Baldio / Construção / Mata
55672144;12/09/2024;00:53:44;Homicídio Doloso;SOORETAMA;CENTRO;RUA CRISTO REI;26;1 - Masculino;PARDA;Arma Branca;Via Pública
55686390;13/09/2024;12:44:46;Homicídio Doloso;ITAPEMIRIM;ITAOCA;AV ITAPEMIRIM;25;1 - Masculino;NEGRA;Arma de Fogo;Domicílio
55691184;13/09/2024;21:39:19;Homicídio Doloso;CACHOEIRO DE ITAPEMIRIM;RUBEM BRAGA;RUA ANACLETO RAMOS;56;2 - Feminino;PARDA;Arma de Fogo;Via Pública
55692619;14/09/2024;00:47:30;Homicídio Doloso;VILA VELHA;GUARANHUNS;AV SERGIO CARDOSO;25;1 - Masculino;PARDA;Arma de Fogo;Via Pública
55693619;14/09/2024;05:15:31;Homicídio Doloso;CARIACICA;ITACIBA;RUA GERCI PINTO DOS SANTOS;18;1 - Masculino;PARDA;Arma de Fogo;Via Pública
55706702;15/09/2024;08:58:43;Homicídio Doloso;MARECHAL FLORIANO;CENTRO;RUA VICTOR TRAVAGLIA;23;2 - Feminino;PARDA;Arma Branca;Ignorado
55708577;15/09/2024;18:24:23;Homicídio Doloso;SAO GABRIEL DA PALHA;SANTA HELENA;RUA AUGUSTO BUSSULAR;33;2 - Feminino;PARDA;Arma de Fogo;Domicílio
55708577;15/09/2024;18:24:23;Homicídio Doloso;SAO GABRIEL DA PALHA;SANTA HELENA;RUA AUGUSTO BUSSULAR;35;1 - Masculino;NEGRA;Arma de Fogo;Domicílio
55706551;15/09/2024;14:10:49;Homicídio Doloso;AGUA DOCE DO NORTE;VILA MARINHO;RUA AILTON NOIA DE OLIVEIRA;34;1 - Masculino;PARDA;Arma Branca;Via Pública
55726363;17/09/2024;14:15:31;Homicídio Doloso;CARIACICA;ALTO LAJE;ROD MARIO GURGEL;3;1 - Masculino;PARDA;ESPANCAMENTO;Domicílio
55735087;18/09/2024;13:31:14;Homicídio Doloso;CARIACICA;NOVA ROSA DA PENHA;ROD BR 101;16;1 - Masculino;PARDA;Arma de Fogo;Ponte / Viaduto
55740861;19/09/2024;05:39:03;Homicídio Doloso;NOVA VENECIA;MARGARETH;RUA ROSSANA;31;1 - Masculino;PARDA;Arma de Fogo;Via Pública
55745213;19/09/2024;14:52:58;Homicídio Doloso;SERRA;VISTA DA SERRA I;AV ARGENTINA;25;1 - Masculino;BRANCA;Arma de Fogo;Domicílio
55744866;19/09/2024;14:21:48;Homicídio Doloso;LINHARES;ZONA RURAL;ROD ES 445;17;1 - Masculino;Prejudicado;Arma de Fogo;Via Pública
55758004;20/09/2024;20:20:10;Homicídio Doloso;BARRA DE SAO FRANCISCO;ESTRELA;RUA WILSON BORJALLE;15;1 - Masculino;PARDA;Arma de Fogo;Domicílio
55750073;20/09/2024;01:13:50;Homicídio Doloso;CARIACICA;NOVA ESPERANCA;RUA BELO HORIZONTE;32;1 - Masculino;PARDA;Arma de Fogo;Via Pública
55767499;21/09/2024;19:56:23;Homicídio Doloso;MARATAIZES;BOA VISTA DO SUL;RUA NÃO CADASTRADA;19;1 - Masculino;BRANCA;Arma de Fogo;Via Pública
55767499;21/09/2024;19:56:23;Homicídio Doloso;MARATAIZES;BOA VISTA DO SUL;RUA NÃO CADASTRADA;24;1 - Masculino;PARDA;Arma de Fogo;Via Pública
55760218;21/09/2024;01:31:11;Homicídio Doloso;CARIACICA;CAMPO VERDE;RUA PRINCIPAL;23;1 - Masculino;PARDA;Arma de Fogo;Via Pública
55767425;21/09/2024;19:50:34;Homicídio Doloso;IBITIRAMA;CENTRO;X;40;1 - Masculino;BRANCA;Violência Física;Domicílio
55763295;21/09/2024;10:05:18;Homicídio Doloso;ANCHIETA;NOVA ESPERANCA;RUA GOVERNADOR DIAS LOPES;33;1 - Masculino;BRANCA;Arma de Fogo;Via Pública
55761122;21/09/2024;05:52:50;Homicídio Doloso;IBIRACU;SAO CRISTOVAO;ROD BR 101;33;2 - Feminino;PARDA;Arma de Fogo;Domicílio
55769458;22/09/2024;00:04:33;Homicídio Doloso;ARACRUZ;JACUPEMBA;RUA NÃO CADASTRADA;54;1 - Masculino;PARDA;Arma Branca;Outros Locais
55775169;22/09/2024;16:55:13;Homicídio Doloso;SERRA;RESIDENCIAL JACARAIPE;RUA PRESIDENTE CAFE FILHO;0;2 - Feminino;PARDA;ESPANCAMENTO;Via Pública
55788948;24/09/2024;01:42:02;Homicídio Doloso;CARIACICA;JARDIM CAMPO GRANDE;RUA NÃO CADASTRADA;19;1 - Masculino;PARDA;Arma de Fogo;Via Pública
55788745;24/09/2024;00:25:32;Homicídio Doloso;AFONSO CLAUDIO;SAO VICENTE;RUA HERNESTO ZANELATO;;1 - Masculino;;Arma de Fogo;Via Pública
55798693;25/09/2024;02:29:29;Homicídio Doloso;SAO DOMINGOS DO NORTE;CAIXA DAGUA;RUA PAULINA FRAGA;23;1 - Masculino;PARDA;Arma de Fogo;Domicílio
55798261;25/09/2024;00:04:57;Homicídio Doloso;SERRA;FEU ROSA;RUA EUCALIPTOS;26;2 - Feminino;PARDA;Arma Branca;Domicílio
55806081;25/09/2024;18:40:18;Homicídio Doloso;CARIACICA;VILA CAPIXABA;RUA ALFREDO CHAVES;46;1 - Masculino;PARDA;Arma de Fogo;Terreno Baldio / Construção / Mata
55808490;26/09/2024;00:44:17;Homicídio Doloso;ITAGUACU;BARRO PRETO;RUA ERIVAN RODRIGUES DA SILVA;31;1 - Masculino;PARDA;Arma de Fogo;Estabelecimento Comercial
55828854;28/09/2024;01:05:25;Homicídio Doloso;VILA VELHA;ILHA DAS FLORES;RUA NÃO CADASTRADA;24;1 - Masculino;PARDA;Arma de Fogo;Praça / Parques / Área Pública
55831848;28/09/2024;11:28:10;Homicídio Doloso;ANCHIETA;PRAIA DE PARATI;RUA SAO PEDRO;30;1 - Masculino;PARDA;Arma de Fogo;Domicílio
55829761;28/09/2024;05:39:20;Homicídio Doloso;SANTA TERESA;ZONA RURAL;RUA NÃO CADASTRADA;39;1 - Masculino;PARDA;Arma Branca;Domicílio
55838071;28/09/2024;23:26:48;Homicídio Doloso;VILA VALERIO;ZONA RURAL;RUA NÃO CADASTRADA;30;2 - Feminino;PARDA;Arma de Fogo;Domicílio
55845291;29/09/2024;19:04:47;Homicídio Doloso;ITAPEMIRIM;ITAOCA;AV EUVIRA ALVES SOARES;46;1 - Masculino;PARDA;Arma Branca;Outros Locais
55840087;29/09/2024;03:28:08;Homicídio Doloso;FUNDAO;TIMBUI;RUA JERONIMO ZUCOLOTO;38;1 - Masculino;PARDA;Arma de Fogo;Via Pública
55852298;30/09/2024;16:52:00;Homicídio Doloso;AFONSO CLAUDIO;FAZENDA GUANDU;RUA NÃO CADASTRADA;22;1 - Masculino;NEGRA;Arma de Fogo;Via Pública
55854570;30/09/2024;21:28:33;Homicídio Doloso;LINHARES;INTERLAGOS;RUA ANTONIO FERNANDES ALMEIDA;15;1 - Masculino;PARDA;Arma de Fogo;Via Pública
55861491;01/10/2024;16:50:53;Homicídio Doloso;SAO MATEUS;GURIRI;X;38;1 - Masculino;PARDA;Outros;Terreno Baldio / Construção / Mata
55862320;01/10/2024;18:21:35;Homicídio Doloso;CARIACICA;PLANETA;ROD JOSE SETE;20;1 - Masculino;PARDA;Arma de Fogo;Via Pública
55874146;03/10/2024;01:13:26;Homicídio Doloso;COLATINA;VISTA DA SERRA;RUA ARISTOTELES MIRANDA;31;1 - Masculino;BRANCA;Arma de Fogo;Domicílio
55884778;04/10/2024;07:20:22;Homicídio Doloso;SANTA TERESA;ALTO CALDEIRAO;ESTRADA DE ALTO CALDEIRÃO;35;1 - Masculino;NEGRA;Arma de Fogo;Estabelecimento Comercial
55884198;04/10/2024;03:13:19;Homicídio Doloso;CONCEICAO DO CASTELO;CENTRO;AV HARVEY VARGAS GRILO;25;1 - Masculino;PARDA;Arma de Fogo;Via Pública
55890225;04/10/2024;17:22:04;Homicídio Doloso;VILA VELHA;SOTECO;RUA BELA VISTA;42;1 - Masculino;NEGRA;Arma de Fogo;Via Pública
55910146;06/10/2024;20:06:26;Homicídio Doloso;VILA VALERIO;BOA VISTA;RUA NÃO CADASTRADA;52;1 - Masculino;PARDA;Arma de Fogo;Domicílio
55905271;06/10/2024;09:51:31;Homicídio Doloso;JAGUARE;NOVO TEMPO;RUA NILO FALCHETO;26;1 - Masculino;PARDA;Arma de Fogo;Via Pública
55906672;06/10/2024;12:46:42;Homicídio Doloso;SERRA;SAO DIOGO I;RUA TRES;21;1 - Masculino;PARDA;Arma de Fogo;Via Pública
55910459;06/10/2024;21:35:00;Homicídio Doloso;ARACRUZ;SEGATO;RUA WILSON SARMENTO;20;1 - Masculino;PARDA;Arma de Fogo;Via Pública
55916546;07/10/2024;14:15:29;Homicídio Doloso;CARIACICA;FLEXAL I;RUA ITABIRA;16;2 - Feminino;PARDA;Arma de Fogo;Via Pública
55916546;07/10/2024;14:15:29;Homicídio Doloso;CARIACICA;FLEXAL I;RUA ITABIRA;21;1 - Masculino;PARDA;Arma de Fogo;Via Pública
55916546;07/10/2024;14:15:29;Homicídio Doloso;CARIACICA;FLEXAL I;RUA ITABIRA;28;1 - Masculino;BRANCA;Arma de Fogo;Via Pública
55919960;07/10/2024;21:00:49;Homicídio Doloso;AFONSO CLAUDIO;ZONA RURAL;RUA NÃO CADASTRADA;29;2 - Feminino;BRANCA;Objeto Doméstico;Terreno Baldio / Construção / Mata
55940282;09/10/2024;23:54:22;Homicídio Doloso;VITORIA;JARDIM CAMBURI;AV DOUTOR HERWAN MODENESE WANDERLEY;37;1 - Masculino;PARDA;Arma de Fogo;Terreno Baldio / Construção / Mata
55946419;10/10/2024;21:01:23;Homicídio Doloso;SERRA;BICANGA;AV MERIDIONAL;19;1 - Masculino;NEGRA;Arma de Fogo;Via Pública
55948165;10/10/2024;20:39:45;Homicídio Doloso;SERRA;BICANGA;AV MERIDIONAL;16;1 - Masculino;NEGRA;Arma de Fogo;Via Pública
55945106;10/10/2024;14:49:44;Homicídio Doloso;SERRA;ZONA RURAL;AV AUDIFAX BARCELOS;35;1 - Masculino;PARDA;ESPANCAMENTO;Terreno Baldio / Construção / Mata
55955770;11/10/2024;17:26:56;Homicídio Doloso;SAO MATEUS;MORADA DO LAGO;RUA NÃO CADASTRADA;26;1 - Masculino;PARDA;Arma de Fogo;Terreno Baldio / Construção / Mata
55959801;12/10/2024;03:32:19;Homicídio Doloso;LINHARES;AVISO;AV FILOGONIO PEIXOTO;36;2 - Feminino;NEGRA;Arma de Fogo;Domicílio
55960770;12/10/2024;08:35:02;Homicídio Doloso;PANCAS;VARGEM ALEGRE DA LAGINHA;RUA NÃO CADASTRADA;17;1 - Masculino;BRANCA;Arma de Fogo;Domicílio
55968282;13/10/2024;00:13:42;Homicídio Doloso;APIACA;BOA VISTA;RUA NÃO CADASTRADA;30;1 - Masculino;PARDA;Arma de Fogo;Via Pública
55976183;13/10/2024;21:46:58;Homicídio Doloso;VILA VELHA;NOSSA SENHORA DA PENHA;RUA CRUZEIRO DO SUL;37;2 - Feminino;BRANCA;Arma de Fogo;Via Pública
55976183;14/10/2024;12:02:02;Homicídio Doloso;VILA VELHA;NOSSA SENHORA DA PENHA;RUA CRUZEIRO DO SUL;;;;Arma de Fogo;Via Pública
55978103;14/10/2024;07:16:02;Homicídio Doloso;LINHARES;ZONA RURAL;RUA NÃO CADASTRADA;41;1 - Masculino;PARDA;Arma de Fogo;Estabelecimento Comercial
55994945;15/10/2024;19:27:15;Homicídio Doloso;VILA VELHA;ALVORADA;RUA JUSSARA;64;1 - Masculino;BRANCA;Arma de Fogo;Domicílio
55986792;15/10/2024;01:24:44;Homicídio Doloso;LINHARES;AVISO;RUA ODILSON SILVA;11;1 - Masculino;PARDA;Arma de Fogo;Templos Religiosos
55991224;15/10/2024;14:49:24;Homicídio Doloso;LINHARES;AVISO;RUA LASTENIO CALMON;18;1 - Masculino;PARDA;Arma de Fogo;Domicílio
55987090;15/10/2024;07:17:44;Homicídio Doloso;LINHARES;BEBEDOURO;RUA NÃO CADASTRADA;;;;Arma de Fogo;Domicílio
56002188;16/10/2024;17:17:34;Homicídio Doloso;MANTENOPOLIS;CORREGO DAS FLORES;RUA NÃO CADASTRADA;58;1 - Masculino;PARDA;Arma Branca;Estabelecimento Comercial
56002834;16/10/2024;18:24:44;Homicídio Doloso;JAGUARE;PALMITO;RUA 13 DE JUNHO;22;2 - Feminino;PARDA;Arma Branca;Terreno Baldio / Construção / Mata
56012327;17/10/2024;17:10:07;Homicídio Doloso;SERRA;BALNEARIO CARAPEBUS;AV DO MEIO;56;1 - Masculino;PARDA;Arma Branca;Estabelecimento Comercial
56007087;17/10/2024;09:12:59;Homicídio Doloso;PEDRO CANARIO;CANARINHA;RUA PRESIDENTE TANCREDO NEVES;23;1 - Masculino;NEGRA;Arma de Fogo;Via Pública
56006579;17/10/2024;08:11:57;Homicídio Doloso;MIMOSO DO SUL;ZONA RURAL;ROD BR 101;47;1 - Masculino;BRANCA;Arma Branca;Domicílio
56021119;18/10/2024;14:53:17;Homicídio Doloso;CARIACICA;ALZIRA RAMOS;RUAS DAS COROLAS;;;;Arma de Fogo;Via Pública
56023770;18/10/2024;19:31:06;Homicídio Doloso;BAIXO GUANDU;MASCARENHAS;RUA PRESIDENTE TANCREDO NEVES;32;1 - Masculino;PARDA;Arma de Fogo;Domicílio
56027633;19/10/2024;06:49:55;Homicídio Doloso;SANTA TERESA;ALVORADA;RUA NÃO CADASTRADA;33;1 - Masculino;PARDA;Arma Branca;Via Pública
56028375;19/10/2024;08:01:41;Homicídio Doloso;MUNIZ FREIRE;GUANABARA;RUA NÃO CADASTRADA;27;1 - Masculino;BRANCA;Arma Branca;Estabelecimento Comercial
56040309;19/10/2024;16:47:00;Homicídio Doloso;SERRA;MARINGA;RUA PERIMETRAL;30;1 - Masculino;PARDA;Arma de Fogo;Domicílio
56031760;19/10/2024;14:10:09;Homicídio Doloso;SOORETAMA;VALE DO SOL;RUA NÃO CADASTRADA;20;1 - Masculino;PARDA;Ignorado / Não Informado;Domicílio
56046315;20/10/2024;23:51:54;Homicídio Doloso;SERRA;BARCELONA;AV REGIÃO SUDESTE;17;1 - Masculino;PARDA;Arma de Fogo;Via Pública
56046191;20/10/2024;21:03:17;Homicídio Doloso;VARGEM ALTA;CASTELINHO;ROD ES 164;26;1 - Masculino;BRANCA;Arma de Fogo;Via Pública
56037415;20/10/2024;00:44:15;Homicídio Doloso;LINHARES;INTERLAGOS;RUA CARLOS CHAGAS;36;1 - Masculino;NEGRA;Arma Branca;Estabelecimento Comercial
56040309;20/10/2024;10:15:22;Homicídio Doloso;SERRA;MARINGA;RUA PERIMETRAL;20;1 - Masculino;PARDA;Arma de Fogo;Domicílio
56042800;20/10/2024;15:40:02;Homicídio Doloso;CARIACICA;NOVA ROSA DA PENHA;ROD BR 101;23;1 - Masculino;PARDA;Arma de Fogo;Via Pública
56037822;20/10/2024;01:31:10;Homicídio Doloso;VARGEM ALTA;ZONA RURAL;RUA NÃO CADASTRADA;44;1 - Masculino;PARDA;Arma Branca;Domicílio
56051658;21/10/2024;14:29:24;Homicídio Doloso;SERRA;BAIRRO DAS LARANJEIRAS;RUA NELSON MONTEIRO;20;1 - Masculino;NEGRA;Arma de Fogo;Via Pública
56049239;21/10/2024;10:27:52;Homicídio Doloso;BARRA DE SAO FRANCISCO;IRMAOS FERNANDES;RUA JUIZ JOA BATISTA CELESTINO;30;1 - Masculino;PARDA;Arma de Fogo;Via Pública
56057630;22/10/2024;09:12:09;Homicídio Doloso;LINHARES;BEBEDOURO;AV JOSE TOBIAS DE ANDRADE;34;2 - Feminino;PARDA;Arma de Fogo;Via Pública
56056910;22/10/2024;04:45:00;Homicídio Doloso;SAO DOMINGOS DO NORTE;CAIXA DAGUA;RUA VALDEMAR OTT;47;1 - Masculino;PARDA;Arma de Fogo;Domicílio
56056910;22/10/2024;04:45:00;Homicídio Doloso;SAO DOMINGOS DO NORTE;CAIXA DAGUA;RUA VALDEMAR OTT;49;2 - Feminino;BRANCA;Arma de Fogo;Domicílio
56075724;23/10/2024;23:15:18;Homicídio Doloso;MANTENOPOLIS;ALTO SAO JOSE;RUA NÃO CADASTRADA;55;1 - Masculino;BRANCA;Arma de Fogo;Via Pública
56074927;23/10/2024;21:15:05;Homicídio Doloso;CARIACICA;NOVA ESPERANCA;RUA DA VITORIA;23;1 - Masculino;NEGRA;Arma Branca;Via Pública
56065311;23/10/2024;09:45:50;Homicídio Doloso;VITORIA;SAO PEDRO;ROD SERAFIM DERENZI;47;1 - Masculino;BRANCA;Arma de Fogo;Via Pública
56083281;24/10/2024;17:50:26;Homicídio Doloso;VILA VELHA;NOVA AMERICA;RUA IRACI CORTELETTI;25;1 - Masculino;PARDA;Violência Física;Estabelecimento Comercial
56086037;25/10/2024;00:04:50;Homicídio Doloso;SANTA MARIA DE JETIBA;ALTO SEBASTIAO;RUA NÃO CADASTRADA;28;1 - Masculino;PARDA;Arma de Fogo;Via Pública
56095660;25/10/2024;22:22:31;Homicídio Doloso;VILA VELHA;ARACAS;RUA CARACAS;29;1 - Masculino;BRANCA;Arma de Fogo;Praça / Parques / Área Pública
56087817;25/10/2024;08:53:02;Homicídio Doloso;LINHARES;SANTA CRUZ;AV ANTENOR ELIAS;33;1 - Masculino;NEGRA;Arma de Fogo;Terreno Baldio / Construção / Mata
56095165;25/10/2024;21:33:55;Homicídio Doloso;PONTO BELO;ZONA RURAL;RUA NÃO CADASTRADA;19;1 - Masculino;PARDA;Arma de Fogo;Terreno Baldio / Construção / Mata
56098274;26/10/2024;22:23:12;Homicídio Doloso;SERRA;BAIRRO DAS LARANJEIRAS;RUA CLERIO VIEIRA FALCAO;26;1 - Masculino;PARDA;Arma de Fogo;Via Pública
56105922;26/10/2024;23:44:59;Homicídio Doloso;ARACRUZ;MOROBA;AV MOROBA;42;1 - Masculino;PARDA;Arma de Fogo;Domicílio
56113424;27/10/2024;21:03:37;Homicídio Doloso;SAO GABRIEL DA PALHA;CACHOEIRA DA ONCA;RUA ADILTON FONTES;20;1 - Masculino;BRANCA;Arma de Fogo;Estabelecimento Comercial
56107772;27/10/2024;07:54:37;Homicídio Doloso;ANCHIETA;CENTRO;AV DOM HELVECIO;49;1 - Masculino;;Objeto Contundente;Via Pública
56102564;27/10/2024;23:52:17;Homicídio Doloso;CACHOEIRO DE ITAPEMIRIM;SOTURNO;RUA NÃO CADASTRADA;73;1 - Masculino;;Arma Branca;Terreno Baldio / Construção / Mata
56121497;28/10/2024;19:56:10;Homicídio Doloso;VARGEM ALTA;CASTELINHO;RUA EUGENIO FASSARELA;26;1 - Masculino;PARDA;Arma de Fogo;Via Pública
56119272;28/10/2024;15:29:53;Homicídio Doloso;SERRA;RESIDENCIAL JACARAIPE;RUA VICENT BURIAN;20;1 - Masculino;PARDA;Arma de Fogo;Via Pública
55911641;28/10/2024;20:57:00;Homicídio Doloso;VILA VELHA;RIVIERA DA BARRA;RUA GUAÇUI;38;1 - Masculino;PARDA;Arma de Fogo;Via Pública
56123926;29/10/2024;07:01:55;Homicídio Doloso;COLATINA;OLIVIO ZANOTELI;RUA LUIZ BARBIERI;44;2 - Feminino;PARDA;Arma de Fogo;Via Pública
56131754;29/10/2024;20:08:15;Homicídio Doloso;SERRA;SERRA DOURADA I;RUA SUCUPIRA;69;1 - Masculino;PARDA;Arma de Fogo;Estabelecimento Comercial
56132987;29/10/2024;23:52:00;Homicídio Doloso;ECOPORANGA;VILA NOVA;RUA NÃO CADASTRADA;47;1 - Masculino;PARDA;Arma de Fogo;Via Pública
56123490;29/10/2024;04:29:23;Homicídio Doloso;VILA VELHA;VISTA DA PENHA;RUA NÃO CADASTRADA;15;1 - Masculino;NEGRA;Arma de Fogo;Estabelecimento Comercial
56123490;29/10/2024;04:29:23;Homicídio Doloso;VILA VELHA;VISTA DA PENHA;RUA NÃO CADASTRADA;18;1 - Masculino;PARDA;Arma de Fogo;Estabelecimento Comercial
56137991;30/10/2024;21:35:19;Homicídio Doloso;CACHOEIRO DE ITAPEMIRIM;NOSSA SENHORA DE FATIMA;RUA PADRE VITOR COELHO DE ALMEIDA;17;1 - Masculino;PARDA;Arma de Fogo;Via Pública
56151211;31/10/2024;22:51:25;Homicídio Doloso;CARIACICA;NOVA ROSA DA PENHA;RUA NOVENTA E SEIS;25;1 - Masculino;NEGRA;Arma de Fogo;Domicílio
56151685;31/10/2024;21:11:41;Homicídio Doloso;VILA VELHA;PONTAL DAS GARCAS;RUA TUCANO;21;1 - Masculino;PARDA;Arma de Fogo;Via Pública
56152700;01/11/2024;08:13:10;Homicídio Doloso;COLATINA;BELA VISTA;RUA PAULO RESENDE;21;1 - Masculino;PARDA;Arma de Fogo;Domicílio
56153469;01/11/2024;09:32:34;Homicídio Doloso;SAO MATEUS;GURIRI;RUA TRINTA E CINCO;43;1 - Masculino;PARDA;ESPANCAMENTO;Via Pública
56159964;01/11/2024;21:32:40;Homicídio Doloso;GUACUI;SAO PEDRO DE RATES;RUA SEBASTIAO ROCHA;25;1 - Masculino;PARDA;Arma Branca;Domicílio
56159060;01/11/2024;19:32:10;Homicídio Doloso;SERRA;SERRA DOURADA III;RUA IBIS;14;1 - Masculino;PARDA;Arma de Fogo;Praça / Parques / Área Pública
56159060;01/11/2024;19:32:10;Homicídio Doloso;SERRA;SERRA DOURADA III;RUA IBIS;19;1 - Masculino;Indeterminada;Arma de Fogo;Praça / Parques / Área Pública
56161948;02/11/2024;06:30:52;Homicídio Doloso;SERRA;RESIDENCIAL CENTRO DA SERRA;RUA PAUDALIO;20;1 - Masculino;PARDA;Arma de Fogo;Via Pública
56170819;03/11/2024;00:06:30;Homicídio Doloso;SERRA;BARRO BRANCO;RUA NÃO CADASTRADA;22;1 - Masculino;PARDA;Arma de Fogo;Via Pública
56172220;03/11/2024;05:40:13;Homicídio Doloso;LINHARES;BEBEDOURO;ESTRADA DE JATAIPEBA;28;1 - Masculino;PARDA;Arma de Fogo;Domicílio
56178159;03/11/2024;19:49:44;Homicídio Doloso;SERRA;FEU ROSA;RUA EUCALIPTOS;52;1 - Masculino;PARDA;Objeto Contundente;Domicílio
56203668;06/11/2024;13:58:01;Homicídio Doloso;ITAPEMIRIM;GRAUNA;RUA PROJETADA;39;1 - Masculino;BRANCA;Fogo;Praça / Parques / Área Pública
56203335;06/11/2024;13:44:01;Homicídio Doloso;SERRA;NOVA CARAPINA II;RUA DOS MAGOS;26;1 - Masculino;PARDA;Arma de Fogo;Via Pública
56201950;06/11/2024;11:04:33;Homicídio Doloso;SERRA;ZONA RURAL;AV AUDIFAX BARCELOS;41;1 - Masculino;NEGRA;Arma de Fogo;Via Pública
56236467;09/11/2024;21:27:21;Homicídio Doloso;MONTANHA;ANGELA DEPOLLO;RUA MANOEL ALVES;29;2 - Feminino;PARDA;Arma Branca;Terreno Baldio / Construção / Mata
56229422;09/11/2024;04:24:42;Homicídio Doloso;CONCEICAO DA BARRA;BRACO DO RIO;RUA NÃO CADASTRADA;46;1 - Masculino;NEGRA;Arma de Fogo;Praça / Parques / Área Pública
56190064;09/11/2024;15:51:15;Homicídio Doloso;ITAPEMIRIM;GRAUNA;RUA PROJETADA;9;1 - Masculino;PARDA;Fogo;Domicílio
56230772;09/11/2024;09:30:51;Homicídio Doloso;CARIACICA;NOVA ROSA DA PENHA;RUA GASPAR;0;1 - Masculino;PARDA;Violência Física;Domicílio
56231525;09/11/2024;11:03:33;Homicídio Doloso;SANTA MARIA DE JETIBA;SAO BENTO DO GARRAFAO;X;59;2 - Feminino;BRANCA;Arma Branca;Domicílio
56237878;10/11/2024;00:56:02;Homicídio Doloso;LINHARES;NOVA ESPERANCA;AV LAGOA BONITA;21;1 - Masculino;PARDA;Arma de Fogo;Via Pública
56245703;11/11/2024;21:42:53;Homicídio Doloso;VILA VELHA;BOA VISTA II;RUA GONÇALVES DIAS;51;1 - Masculino;BRANCA;Arma de Fogo;Via Pública
56245795;11/11/2024;21:55:59;Homicídio Doloso;IBATIBA;IPE;RUA JOSE RICARDO MONTE MOR;32;1 - Masculino;BRANCA;Arma de Fogo;Via Pública
56255605;11/11/2024;20:24:11;Homicídio Doloso;VILA VELHA;NOVA PONTA DA FRUTA;ROD ES 060;41;1 - Masculino;NEGRA;Arma de Fogo;Via Pública
56261592;12/11/2024;14:02:34;Homicídio Doloso;VILA VELHA;ALECRIM;RUA IDALECIO CARONE;19;1 - Masculino;PARDA;Arma de Fogo;Estabelecimento Comercial
56275279;13/11/2024;21:26:15;Homicídio Doloso;GUARAPARI;ADALBERTO SIMAO NADER;AV ROSALINA ROSSI ASSUNÇÃO;23;1 - Masculino;NEGRA;Arma de Fogo;Terreno Baldio / Construção / Mata
56274460;13/11/2024;19:00:36;Homicídio Doloso;MANTENOPOLIS;SAO JOSE;ROD ES 320;22;1 - Masculino;PARDA;Arma de Fogo;Via Pública
56276691;14/11/2024;06:29:11;Homicídio Doloso;VITORIA;MARIO CYPRESTE;AV ANTONIO PINTO DE AGUIAR;37;1 - Masculino;NEGRA;Arma de Fogo;Praça / Parques / Área Pública
56286087;15/11/2024;02:31:04;Homicídio Doloso;SERRA;JARDIM CARAPINA;RUA PALMAS;20;1 - Masculino;PARDA;Arma de Fogo;Domicílio
56296300;16/11/2024;06:43:50;Homicídio Doloso;SERRA;BAIRRO DAS LARANJEIRAS;RUA CAIÇARA;;;;Objeto Contundente;Via Pública
56295821;16/11/2024;06:01:42;Homicídio Doloso;SAO MATEUS;FATIMA;RUA DR ARLINDO SODRE;24;1 - Masculino;PARDA;Arma de Fogo;Via Pública
56295097;16/11/2024;00:25:50;Homicídio Doloso;CARIACICA;ROSA DA PENHA;RUA COMUNIDADE;34;1 - Masculino;PARDA;Arma de Fogo;Domicílio
56295793;16/11/2024;03:16:46;Homicídio Doloso;SANTA MARIA DE JETIBA;SAO LUIS;RUA HENRIQUE JOAO JULIO KUSTER;39;1 - Masculino;PARDA;Arma de Fogo;Via Pública
56300272;16/11/2024;15:33:56;Homicídio Doloso;CACHOEIRO DE ITAPEMIRIM;VALAO;RUA RANID DE OLIVEIRA ALVES;45;1 - Masculino;PARDA;Arma de Fogo;Via Pública
56313265;17/11/2024;23:48:10;Homicídio Doloso;BREJETUBA;CORREGO DO CAFE;RUA NÃO CADASTRADA;46;1 - Masculino;NEGRA;Arma Branca;Via Pública
56312404;17/11/2024;21:27:21;Homicídio Doloso;MARECHAL FLORIANO;SANTA MARIA;ROD BR 262;36;1 - Masculino;PARDA;Arma Branca;Via Pública
56305708;17/11/2024;04:42:45;Homicídio Doloso;LINHARES;TRES BARRAS;AV GENEZIO DURAO;17;1 - Masculino;PARDA;Arma de Fogo;Curso D'água
56313372;18/11/2024;00:04:37;Homicídio Doloso;LINHARES;BAGUEIRA;RUA NÃO CADASTRADA;34;1 - Masculino;PARDA;Arma de Fogo;Estabelecimento de Saúde
56313984;18/11/2024;05:05:48;Homicídio Doloso;VIANA;CENTRO;ROD BR 262;30;1 - Masculino;PARDA;Arma de Fogo;Via Pública
56313984;18/11/2024;05:05:48;Homicídio Doloso;VIANA;CENTRO;ROD BR 262;47;1 - Masculino;PARDA;Arma de Fogo;Via Pública
56313853;18/11/2024;03:32:34;Homicídio Doloso;SAO GABRIEL DA PALHA;GUSTAVO BOONE;RUA MARCELINO CHAGAS;44;1 - Masculino;NEGRA;Arma de Fogo;Via Pública
56323420;18/11/2024;23:56:47;Homicídio Doloso;BARRA DE SAO FRANCISCO;MORRO DA COLINA;RUA TOMAS FURTADO DE ARAUJO;26;1 - Masculino;NEGRA;Arma de Fogo;Via Pública
56322339;18/11/2024;20:37:46;Homicídio Doloso;COLATINA;SANTA MARGARIDA;RUA DAS FLORES;47;1 - Masculino;PARDA;Arma de Fogo;Domicílio
56314188;18/11/2024;06:25:23;Homicídio Doloso;VILA VELHA;XURY;RUA NÃO CADASTRADA;25;1 - Masculino;PARDA;ESPANCAMENTO;Unidade Prisional
56286750;19/11/2024;08:16:20;Homicídio Doloso;SERRA;BAIRRO DE FATIMA;RUA RIO IPIRANGA;36;2 - Feminino;PARDA;Arma de Fogo;Via Pública
56333257;19/11/2024;23:53:40;Homicídio Doloso;VILA VELHA;COBI DE BAIXO;AV BRASIL;24;1 - Masculino;PARDA;Arma de Fogo;Via Pública
56331077;19/11/2024;18:32:40;Homicídio Doloso;VILA VELHA;JABURUNA;RUA MARIA JULIA;30;1 - Masculino;NEGRA;Arma de Fogo;Estabelecimento Comercial
56323754;19/11/2024;02:25:12;Homicídio Doloso;SERRA;JARDIM CARAPINA;RUA LIRIO DOS VALES;18;1 - Masculino;PARDA;Arma de Fogo;Via Pública
56313629;19/11/2024;08:14:14;Homicídio Doloso;SERRA;SAO GERALDO;ROD NORTE SUL;;1 - Masculino;PARDA;Arma de Fogo;Domicílio
56333269;19/11/2024;23:53:54;Homicídio Doloso;AGUA DOCE DO NORTE;ZONA RURAL;ROD ES 080;20;1 - Masculino;BRANCA;Arma de Fogo;Curso D'água
56337693;20/11/2024;15:01:51;Homicídio Doloso;COLATINA;ALTO SAO VICENTE;RUA RAUL LACERDA;36;1 - Masculino;BRANCA;Arma de Fogo;Via Pública
56340709;20/11/2024;21:01:19;Homicídio Doloso;VILA VELHA;COBI DE BAIXO;RUA DO SOSSEGO;36;1 - Masculino;PARDA;Arma de Fogo;Via Pública
56338591;20/11/2024;16:36:48;Homicídio Doloso;SERRA;JARDIM CARAPINA;RUA FLORESTA AZUL;41;1 - Masculino;PARDA;Arma de Fogo;Via Pública
56338362;20/11/2024;16:02:03;Homicídio Doloso;SAO ROQUE DO CANAA;VILA VERDE;ES 080;22;1 - Masculino;PARDA;Arma de Fogo;Via Pública
56335432;20/11/2024;09:55:54;Homicídio Doloso;AFONSO CLAUDIO;ZONA RURAL;RUA NÃO CADASTRADA;39;1 - Masculino;PARDA;ESPANCAMENTO;Terreno Baldio / Construção / Mata
56304936;21/11/2024;15:25:28;Homicídio Doloso;SERRA;JOSE DE ANCHIETA;AV JACARANDAS;31;1 - Masculino;PARDA;Arma de Fogo;Praça / Parques / Área Pública
56342110;21/11/2024;00:59:20;Homicídio Doloso;SERRA;SAO GERALDO;AV PRES GETULIO VARGAS;53;1 - Masculino;NEGRA;Arma de Fogo;Via Pública
56362354;22/11/2024;23:36:21;Homicídio Doloso;SERRA;FEU ROSA;RUA ROSAS;43;1 - Masculino;PARDA;Amarras;Terreno Baldio / Construção / Mata
56354190;22/11/2024;09:06:40;Homicídio Doloso;MARATAIZES;LAGOA DO SIRI;X;23;2 - Feminino;PARDA;Arma de Fogo;Domicílio
56367176;23/11/2024;15:33:59;Homicídio Doloso;VIANA;MARCILIO DE NORONHA;RUA RIO DOCE;57;1 - Masculino;PARDA;Linchamento;Estabelecimento Comercial
56363234;23/11/2024;02:52:12;Homicídio Doloso;SERRA;NOVA ALMEIDA;AV MILTON DAVID;22;1 - Masculino;PARDA;Arma de Fogo;Estabelecimento Comercial
56363234;23/11/2024;02:50:14;Homicídio Doloso;SERRA;NOVA ALMEIDA;AV MILTON DAVID;31;2 - Feminino;PARDA;Arma de Fogo;Estabelecimento Comercial
56363234;23/11/2024;02:50:14;Homicídio Doloso;SERRA;NOVA ALMEIDA;AV DR. MILTON DAVI;37;2 - Feminino;PARDA;Arma de Fogo;Estabelecimento Comercial
56387858;25/11/2024;18:31:24;Homicídio Doloso;CONCEICAO DA BARRA;CENTRO;RUA CAPITAO ANTERIO FARIA;42;1 - Masculino;PARDA;Arma de Fogo;Via Pública
56380219;25/11/2024;00:46:33;Homicídio Doloso;COLATINA;NOSSA SENHORA APARECIDA;RUA DOUTOR DIDO FONTES;25;1 - Masculino;BRANCA;Arma de Fogo;Via Pública
56390331;26/11/2024;05:29:55;Homicídio Doloso;VILA VELHA;BOA VISTA I;RUA JUSCELINO KUBSTCHEK;18;1 - Masculino;PARDA;Arma de Fogo;Via Pública
56399010;26/11/2024;21:44:05;Homicídio Doloso;IBATIBA;CENTRO;RUA JOAO RODRIGUES VIEIRA;32;1 - Masculino;PARDA;Arma Branca;Via Pública
56086037;27/11/2024;01:09:01;Homicídio Doloso;SANTA MARIA DE JETIBA;ALTO SEBASTIAO;RUA NÃO CADASTRADA;30;1 - Masculino;PARDA;Arma de Fogo;Via Pública
56417851;28/11/2024;18:38:03;Homicídio Doloso;COLATINA;CARLOS GERMANO NAUMANN;RUA SAO VICENTE;22;1 - Masculino;PARDA;Arma de Fogo;Via Pública
56418989;28/11/2024;20:45:56;Homicídio Doloso;VILA VELHA;PRIMEIRO DE MAIO;RUA PAULO NEVES;28;1 - Masculino;NEGRA;Arma de Fogo;Via Pública
56420156;28/11/2024;23:19:36;Homicídio Doloso;SAO MATEUS;VILLAGE;RUA NÃO CADASTRADA;18;1 - Masculino;PARDA;Arma de Fogo;Domicílio
56429081;29/11/2024;19:22:32;Homicídio Doloso;IBATIBA;BOA ESPERANÇA;RUA IDELFONCIO RODRIGUES AUCURI;47;2 - Feminino;PARDA;Arma de Fogo;Via Pública
56431080;29/11/2024;23:16:27;Homicídio Doloso;VARGEM ALTA;CENTRO;AV TUFFY DAVID;29;1 - Masculino;PARDA;Arma de Fogo;Domicílio
56421822;29/11/2024;06:49:23;Homicídio Doloso;PIUMA;LAGOA AZUL;RUA NÃO CADASTRADA;57;1 - Masculino;PARDA;Arma Branca;Lago / Lagoa / Represa
56438540;30/11/2024;17:41:11;Homicídio Doloso;ANCHIETA;IRIRI;RUA SAZINO FELISBERTO;24;1 - Masculino;;Arma de Fogo;Via Pública
56438540;30/11/2024;17:41:11;Homicídio Doloso;ANCHIETA;IRIRI;RUA SAZINO FELISBERTO;26;1 - Masculino;;Arma de Fogo;Via Pública
56440860;30/11/2024;23:11:23;Homicídio Doloso;VILA VELHA;PRAIA DOS RECIFES;RUA MAR AZUL;26;1 - Masculino;PARDA;Arma de Fogo;Via Pública
56445830;01/12/2024;14:28:27;Homicídio Doloso;CACHOEIRO DE ITAPEMIRIM;MONTE LIBANO;X;;1 - Masculino;Prejudicado;Violência Física;Via Pública
56444294;01/12/2024;10:36:06;Homicídio Doloso;SAO MATEUS;MORADA DO LAGO;RUA SAO SEBASTIAO;18;1 - Masculino;NEGRA;ENFORCAMENTO;Terreno Baldio / Construção / Mata
56454149;02/12/2024;11:02:28;Homicídio Doloso;VILA VELHA;ARIBIRI;RUA SAO LUIZ;54;1 - Masculino;BRANCA;Arma de Fogo;Via Pública
56455047;02/12/2024;12:29:31;Homicídio Doloso;VITORIA;FORTE SAO JOAO;RUA GENERAL CALMON;40;1 - Masculino;PARDA;Arma de Fogo;Terreno Baldio / Construção / Mata
56471149;03/12/2024;22:07:05;Homicídio Doloso;VIANA;CANAA;RUA SANTA CATARINA;37;1 - Masculino;PARDA;Arma de Fogo;Via Pública
56481226;06/12/2024;01:18:40;Homicídio Doloso;VILA VELHA;JABURUNA;RUA MARANGUAPE;32;1 - Masculino;PARDA;Arma de Fogo;Via Pública
56502882;06/12/2024;23:22:34;Homicídio Doloso;SAO MATEUS;NESTOR GOMES;RUA DO CAMPO;18;1 - Masculino;NEGRA;Arma de Fogo;Via Pública
56503785;07/12/2024;01:25:55;Homicídio Doloso;SERRA;NOVA ALMEIDA CENTRO;RUA ROMANA;21;1 - Masculino;PARDA;Arma de Fogo;Curso D'água
56511181;07/12/2024;18:03:12;Homicídio Doloso;SERRA;NOVA CARAPINA II;RUA PEQUI;21;1 - Masculino;PARDA;Arma de Fogo;Ignorado
56512293;07/12/2024;20:09:30;Homicídio Doloso;JAGUARE;SAO ROQUE;RUA NÃO CADASTRADA;37;1 - Masculino;NEGRA;Arma de Fogo;Domicílio
56519284;08/12/2024;14:36:38;Homicídio Doloso;MARATAIZES;BARRA DE ITAPEMIRIM;RUA NÃO CADASTRADA;31;1 - Masculino;PARDA;Arma Branca;Via Pública
56512105;08/12/2024;00:39:05;Homicídio Doloso;LINHARES;HUMAITA;RUA NÃO CADASTRADA;31;1 - Masculino;PARDA;Arma Branca;Via Pública
56517185;08/12/2024;10:16:50;Homicídio Doloso;ITAPEMIRIM;ITAIPAVA;AV ITAPEMIRIM;37;1 - Masculino;BRANCA;Objeto Contundente;Domicílio
56521707;08/12/2024;19:31:59;Homicídio Doloso;BAIXO GUANDU;MAUA;RUA OSVALDO CRUZ;45;2 - Feminino;BRANCA;Arma Branca;Via Pública
56521707;08/12/2024;19:31:59;Homicídio Doloso;BAIXO GUANDU;MAUA;RUA OSVALDO CRUZ;64;1 - Masculino;PARDA;Arma Branca;Via Pública
56514441;08/12/2024;00:57:05;Homicídio Doloso;LINHARES;NOVA ESPERANCA;RUA BROMELIAS;16;1 - Masculino;NEGRA;Arma de Fogo;Via Pública
56524981;09/12/2024;07:48:44;Homicídio Doloso;NOVA VENECIA;ZONA RURAL;RUA NÃO CADASTRADA;23;1 - Masculino;BRANCA;Objeto Contundente;Via Pública
56545096;10/12/2024;22:55:15;Homicídio Doloso;SOORETAMA;CENTRO;RUA CRISTO REI;26;1 - Masculino;PARDA;Arma de Fogo;Via Pública
56537389;10/12/2024;10:18:04;Homicídio Doloso;SAO MATEUS;MORADA DO LAGO;X;20;1 - Masculino;PARDA;Outros;Domicílio
56548108;11/12/2024;10:17:48;Homicídio Doloso;SAO GABRIEL DA PALHA;CENTRO;RUA CATARINA GLAZAR;56;1 - Masculino;PARDA;Objeto Contundente;Via Pública
56574295;13/12/2024;20:10:58;Homicídio Doloso;VILA VELHA;ATAIDE;RUA MANOEL NASCIMENTO;40;1 - Masculino;BRANCA;Arma de Fogo;Via Pública
56575085;13/12/2024;21:42:39;Homicídio Doloso;FUNDAO;ZOAN RURAL;RUA PROJETADA;52;1 - Masculino;PARDA;Arma Branca;Via Pública
56585078;14/12/2024;20:13:52;Homicídio Doloso;CACHOEIRO DE ITAPEMIRIM;CENTRO;AV BERNARDO ORCA;52;2 - Feminino;Indeterminada;Arma Branca;Domicílio
56577563;14/12/2024;03:54:20;Homicídio Doloso;COLATINA;LUIZ IGLESIAS;RUA AMARELA;17;1 - Masculino;BRANCA;Arma de Fogo;Via Pública
56577246;14/12/2024;02:52:24;Homicídio Doloso;AFONSO CLAUDIO;SAO JORGE;RUA NÃO CADASTRADA;47;1 - Masculino;PARDA;Arma de Fogo;Estabelecimento Comercial
56590288;15/12/2024;11:22:46;Homicídio Doloso;AGUIA BRANCA;CORREGO DA ONCA;X;28;1 - Masculino;PARDA;Ignorado / Não Informado;Via Pública
56591456;15/12/2024;14:06:35;Homicídio Doloso;VITORIA;ILHA DO PRINCIPE;AV HELIAS MIGUEL;37;1 - Masculino;PARDA;Ignorado / Não Informado;Estabelecimento Comercial
56589155;15/12/2024;08:53:04;Homicídio Doloso;VILA VELHA;JARDIM MARILANDIA;AV GRANDE VITORIA;30;1 - Masculino;PARDA;Arma de Fogo;Via Pública
56589109;15/12/2024;08:45:07;Homicídio Doloso;SERRA;MANOEL PLAZA;RUA KL;35;1 - Masculino;PARDA;Arma Branca;Via Pública
56587326;15/12/2024;00:51:40;Homicídio Doloso;CARIACICA;NOVA CANAA;RUA EX COMBATENTE;34;2 - Feminino;PARDA;Arma de Fogo;Domicílio
56594726;15/12/2024;20:54:14;Homicídio Doloso;SERRA;SERRA CENTRO;RUA DOMINGOS MARTINS;20;1 - Masculino;PARDA;Arma de Fogo;Via Pública
56593812;15/12/2024;18:54:44;Homicídio Doloso;COLATINA;ZONA RURAL;RUA GORDIANO GUIMARAES;36;1 - Masculino;PARDA;Arma de Fogo;Domicílio
56597303;16/12/2024;08:18:38;Homicídio Doloso;ITAPEMIRIM;ITAIPAVA;RUA PONTE NOVA;52;1 - Masculino;BRANCA;Arma de Fogo;Terreno Baldio / Construção / Mata
56612633;17/12/2024;16:08:26;Homicídio Doloso;CARIACICA;CARIACICA SEDE;AV JOSE SETTE;19;1 - Masculino;PARDA;ESPANCAMENTO;Estabelecimento Comercial
56625802;18/12/2024;22:18:19;Homicídio Doloso;JOAO NEIVA;BAIRRO DE FATIMA;RUA OSVALDO PINTO DE OLIVEIRA;19;1 - Masculino;PARDA;Arma de Fogo;Via Pública
56623250;19/12/2024;17:09:57;Homicídio Doloso;VITORIA;BAIRRO DA PENHA;AV ROBERT KENNEDY;35;1 - Masculino;NEGRA;Arma de Fogo;Via Pública
56638513;20/12/2024;07:01:39;Homicídio Doloso;VILA VELHA;ALVORADA;RUA FRANCISCO GUIMARAES;13;1 - Masculino;;Arma de Fogo;Via Pública
56637199;20/12/2024;00:31:37;Homicídio Doloso;PIUMA;ITAPUTANGA;AV BEIRA MAR;42;1 - Masculino;PARDA;Arma Branca;Via Pública
56637469;20/12/2024;01:14:42;Homicídio Doloso;PIUMA;ITAPUTANGA;AV BEIRA MAR;;1 - Masculino;PARDA;Arma Branca;Via Pública
56655416;21/12/2024;16:42:13;Homicídio Doloso;VILA VELHA;ULISSES GUIMARAES;RUA ADOLFO DE OLIVEIRA;30;1 - Masculino;PARDA;Arma de Fogo;Via Pública
56659783;21/12/2024;23:32:25;Homicídio Doloso;CACHOEIRO DE ITAPEMIRIM;ZUMBI;RUA MARIA DOLORES SANTANA;27;1 - Masculino;PARDA;Arma de Fogo;Via Pública
56660301;22/12/2024;00:51:13;Homicídio Doloso;SERRA;ALTEROSAS;RUA NATAL;22;1 - Masculino;NEGRA;Arma de Fogo;Domicílio
56660671;22/12/2024;01:58:39;Homicídio Doloso;CARIACICA;CASTELO BRANCO;RUA SAO SILVESTRE;15;1 - Masculino;PARDA;Arma de Fogo;Via Pública
56668888;22/12/2024;22:22:24;Homicídio Doloso;LINHARES;INTERLAGOS;RUA DOM PEDRO I;30;1 - Masculino;NEGRA;Arma de Fogo;Via Pública
56666816;22/12/2024;17:41:56;Homicídio Doloso;CARIACICA;SANTANA;RUA ANTONIO ROSETTI;30;1 - Masculino;PARDA;Arma de Fogo;Via Pública
56671836;23/12/2024;09:46:01;Homicídio Doloso;NOVA VENECIA;AEROPORTO;RUA F1;32;1 - Masculino;PARDA;ESPANCAMENTO;Domicílio
56638513;23/12/2024;05:17:00;Homicídio Doloso;VILA VELHA;ALVORADA;RUA MANAIRA;27;1 - Masculino;PARDA;Arma de Fogo;Via Pública
56687256;24/12/2024;19:25:47;Homicídio Doloso;AFONSO CLAUDIO;RIO DA COBRA;RUA NÃO CADASTRADA;34;1 - Masculino;PARDA;Arma de Fogo;Via Pública
56690132;25/12/2024;01:44:49;Homicídio Doloso;VILA VELHA;ILHA DOS AYRES;RUA CANDIDO DAS NEVES;50;1 - Masculino;PARDA;Arma Branca;Domicílio
56708185;26/12/2024;22:35:00;Homicídio Doloso;SERRA;NOVO HORIZONTE;RUA BRASIL;15;1 - Masculino;PARDA;Arma de Fogo;Domicílio
56637128;29/12/2024;15:19:01;Homicídio Doloso;VILA VELHA;ALVORADA;RUA MANAIRA;18;1 - Masculino;PARDA;Arma de Fogo;Outros Locais
56741714;29/12/2024;20:26:45;Homicídio Doloso;GUARAPARI;BELA VISTA;RUA MANTENOPOLIS;35;2 - Feminino;PARDA;Arma de Fogo;Domicílio
56739871;29/12/2024;16:38:45;Homicídio Doloso;SANTA MARIA DE JETIBA;CARAMURU II;RUA NÃO CADASTRADA;24;1 - Masculino;BRANCA;Arma de Fogo;Via Pública
56733384;29/12/2024;04:19:34;Homicídio Doloso;SERRA;CASTELANDIA;RUA LEÃO CASTELO;36;2 - Feminino;PARDA;Arma de Fogo;Ponte / Viaduto
56733155;29/12/2024;03:13:43;Homicídio Doloso;SERRA;CIDADE POMAR;RUA EMBAUBA;57;1 - Masculino;PARDA;ESPANCAMENTO;Terreno Baldio / Construção / Mata
56752710;30/12/2024;20:38:50;Homicídio Doloso;VILA VELHA;JARDIM MARILANDIA;RUA NÃO CADASTRADA;42;1 - Masculino;PARDA;Arma Branca;Via Pública
56744770;30/12/2024;07:39:34;Homicídio Doloso;GUARAPARI;VILLAGE DO SOL;RUA MANOEL LOYOLA;31;1 - Masculino;PARDA;Arma de Fogo;Via Pública
56767430;30/12/2024;09:10:48;Homicídio Doloso;BARRA DE SAO FRANCISCO;ZONA RURAL;RUA NÃO CADASTRADA;;1 - Masculino;;Arma de Fogo;Domicílio
56767430;30/12/2024;09:10:48;Homicídio Doloso;BARRA DE SAO FRANCISCO;ZONA RURAL;RUA NÃO CADASTRADA;;1 - Masculino;;Arma de Fogo;Domicílio
56719086;31/12/2024;17:25:00;Homicídio Doloso;VILA VELHA;JARDIM GUARANHUNS;RUA ONZE;32;1 - Masculino;PARDA;Arma de Fogo;Domicílio
56765845;01/01/2025;04:17:01;Homicídio Doloso;VILA VELHA;BARRAMARES;AV SAO JOSE;44;1 - Masculino;PARDA;Arma Branca;Via Pública
56767335;01/01/2025;09:10:35;Homicídio Doloso;VILA VELHA;JARDIM GUARANHUNS;RUA SETE;45;1 - Masculino;PARDA;Arma de Fogo;Via Pública
56764736;01/01/2025;01:10:44;Homicídio Doloso;DIVINO DE SAO LOURENCO;PATRIMONIO DA PENHA;RUA NÃO CADASTRADA;17;1 - Masculino;PARDA;Arma de Fogo;Praça / Parques / Área Pública
56766901;01/01/2025;07:38:00;Homicídio Doloso;LINHARES;PONTAL DO IPIRANGA;RUA DO SOL;39;1 - Masculino;PARDA;ENFORCAMENTO;Domicílio
56775700;02/01/2025;08:13:26;Homicídio Doloso;VIANA;SOTECO;RUA MARIA SOARES DE JESUS;21;1 - Masculino;PARDA;Arma de Fogo;Via Pública
56793875;03/01/2025;21:38:14;Homicídio Doloso;SERRA;CENTRAL CARAPINA;RUA NÃO CADASTRADA;40;2 - Feminino;NEGRA;Arma de Fogo;Terreno Baldio / Construção / Mata
56789536;03/01/2025;14:06:33;Homicídio Doloso;AGUA DOCE DO NORTE;GOVERNADOR LACERDA;SAIDA PARA O CORREGO DA PRATINHA;;1 - Masculino;PARDA;Fogo;Via Pública
56794431;03/01/2025;22:39:31;Homicídio Doloso;SERRA;VILA NOVA DE COLARES;RUA JAU;43;1 - Masculino;BRANCA;Arma de Fogo;Praça / Parques / Área Pública
56784813;03/01/2025;01:04:03;Homicídio Doloso;BOA ESPERANCA;ZONA RURAL;RUA NÃO CADASTRADA;44;1 - Masculino;PARDA;Arma Branca;Via Pública
56807241;05/01/2025;10:10:05;Homicídio Doloso;FUNDAO;CENTRO;RUA CANDIDO VIEIRA;49;1 - Masculino;BRANCA;ESPANCAMENTO;Estabelecimento Comercial
56812147;05/01/2025;20:44:17;Homicídio Doloso;SOORETAMA;CENTRO;AV VISTA ALEGRE;22;1 - Masculino;BRANCA;Arma de Fogo;Praça / Parques / Área Pública
56802341;05/01/2025;12:43:20;Homicídio Doloso;CARIACICA;JARDIM BOTANICO;RUA ANCHIETA;36;1 - Masculino;PARDA;Arma de Fogo;Via Pública
56813270;05/01/2025;23:25:55;Feminicídio;SERRA;JOSE DE ANCHIETA;AV CORSANTO;19;2 - Feminino;PARDA;Arma Branca;Via Pública
56806690;05/01/2025;08:10:54;Homicídio Doloso;SERRA;LARANJEIRAS VELHA;AV CEL MANOEL NUNES;51;2 - Feminino;PARDA;Arma de Fogo;Via Pública
56817365;06/01/2025;12:19:50;Homicídio Doloso;CARIACICA;PADRE GABRIEL;RUA DOS TRABALHADORES;17;2 - Feminino;BRANCA;Arma de Fogo;Via Pública
56814802;06/01/2025;08:09:29;Homicídio Doloso;CARIACICA;RETIRO SAUDOSO;RUA SANTA ROSA;26;1 - Masculino;PARDA;Arma de Fogo;Via Pública
56844279;09/01/2025;01:00:36;Homicídio Doloso;LINHARES;NOVA BETHANIA;AV MARIA DEOCLECIO BARBOSA;22;1 - Masculino;PARDA;Arma de Fogo;Via Pública
56854928;10/01/2025;06:43:56;Homicídio Doloso;MARATAIZES;ACAPULCO;AV ESPINHA DE PEIXE;30;1 - Masculino;PARDA;Asfixia;
56860264;10/01/2025;15:56:51;Homicídio Doloso;VILA VELHA;RIO MARINHO;RUA REGENCIA;22;1 - Masculino;PARDA;Arma de Fogo;Terreno Baldio / Construção / Mata
56873705;11/01/2025;22:23:23;Homicídio Doloso;VITORIA;ESTRELINHA;RUA OITO DE JULHO;35;1 - Masculino;PARDA;Arma de Fogo;Domicílio
56865617;11/01/2025;02:39:55;Homicídio Doloso;ALEGRE;RIVE;BR 482;18;1 - Masculino;PARDA;Arma Branca;Domicílio
56876860;12/01/2025;09:09:31;Homicídio Doloso;SERRA;BALNEARIO DE CARAPEBUS;RUA IPE;19;1 - Masculino;PARDA;ESPANCAMENTO;Via Pública
56879402;12/01/2025;14:54:40;Homicídio Doloso;VITORIA;CONQUISTA;RUA MANOEL MARTINS DE OLVIEIRA;51;1 - Masculino;PARDA;Asfixia;Terreno Baldio / Construção / Mata
56884341;13/01/2025;04:34:36;Homicídio Doloso;CARIACICA;PORTO BELO;RUA DAS ACACIAS;35;1 - Masculino;BRANCA;Arma Branca;Terreno Baldio / Construção / Mata
56884078;13/01/2025;02:09:00;Homicídio Doloso;COLATINA;QUINZE DE OUTUBRO;ES 080;22;1 - Masculino;PARDA;Arma de Fogo;Estabelecimento Comercial
56891956;13/01/2025;19:36:11;Homicídio Doloso;VITORIA;ROMAO;ESC CHRISTOVAO XIMENES;41;1 - Masculino;BRANCA;Arma de Fogo;Domicílio
56890197;13/01/2025;16:22:12;Homicídio Doloso;JAGUARE;SAO ROQUE;RUA NÃO CADASTRADA;37;1 - Masculino;BRANCA;Arma Branca;Estabelecimento Comercial
56901808;14/01/2025;21:02:08;Homicídio Doloso;VITORIA;JUCUTUQUARA;AV PAULINO MULLER;32;1 - Masculino;PARDA;Arma de Fogo;Terreno Baldio / Construção / Mata
56902652;14/01/2025;23:19:36;Homicídio Doloso;BAIXO GUANDU;MASCARENHAS;AVENIDA GETULIO VARGAS;37;1 - Masculino;PARDA;Arma de Fogo;Estabelecimento Comercial
56901604;14/01/2025;20:15:50;Homicídio Doloso;GOVERNADOR LINDENBERG;NOVA BRASILIA;RUA MANUEL PAULINO;27;1 - Masculino;PARDA;Arma de Fogo;Domicílio
56901604;14/01/2025;20:15:50;Homicídio Doloso;GOVERNADOR LINDENBERG;NOVA BRASILIA;RUA MANUEL PAULINO;30;1 - Masculino;PARDA;Arma de Fogo;Domicílio
56909666;15/01/2025;18:05:21;Homicídio Doloso;SAO MATEUS;GURIRI;RUA BOA ESPERANCA;48;1 - Masculino;PARDA;Arma de Fogo;Via Pública
56912861;16/01/2025;04:57:28;Homicídio Doloso;VITORIA;VILA RUBIM;RUA DR JOAO DOS SANTOS NEVES;42;1 - Masculino;PARDA;Arma Branca;Via Pública
56928490;17/01/2025;16:43:04;Homicídio Doloso;SERRA;CENTRAL CARAPINA;RUA NÃO CADASTRADA;22;1 - Masculino;BRANCA;Arma de Fogo;Via Pública
56929106;17/01/2025;17:42:38;Homicídio Doloso;VITORIA;GRANDE VITORIA;RUA PRESIDENTE;39;1 - Masculino;BRANCA;Objeto Contundente;Via Pública
56930808;18/01/2025;21:23:57;Homicídio Doloso;CACHOEIRO DE ITAPEMIRIM;AEROPORTO;RUA JOAO PANCIN;42;1 - Masculino;PARDA;Arma Branca;Via Pública
56939571;18/01/2025;19:42:17;Homicídio Doloso;SAO JOSE DO CALCADO;ALTO CALCADO;RUA ACENDINO NUNES DE CARVALHO;40;1 - Masculino;PARDA;Arma de Fogo;Via Pública
56940857;18/01/2025;22:10:26;Homicídio Doloso;VITORIA;COMDUSA;RUA CLERIO FALCAO;36;1 - Masculino;PARDA;ESPANCAMENTO;Via Pública
56939610;18/01/2025;19:47:39;Feminicídio;COLATINA;NOSSA SENHORA APARECIDA;RUA ADALBERTO RIBEIRO;40;2 - Feminino;PARDA;Arma Branca;Estabelecimento Comercial
56937529;18/01/2025;16:07:07;Homicídio Doloso;RIO BANANAL;SANTA HELENA;RUA NÃO CADASTRADA;25;1 - Masculino;NEGRA;Arma de Fogo;Ignorado
56939651;18/01/2025;21:55:40;Homicídio Doloso;VITORIA;SAO JOSE;RUA CENTRAL;28;1 - Masculino;PARDA;Arma de Fogo;Terreno Baldio / Construção / Mata
56947417;19/01/2025;16:33:32;Homicídio Doloso;CARIACICA;CAMPO VERDE;RUA ESMERALDAS;22;1 - Masculino;PARDA;Arma de Fogo;Via Pública
56947417;19/01/2025;16:33:32;Homicídio Doloso;CARIACICA;CAMPO VERDE;RUA ESMERALDAS;24;1 - Masculino;PARDA;Arma de Fogo;Via Pública
56942331;19/01/2025;01:48:40;Homicídio Doloso;FUNDAO;CENTRO;RUA ANTONIO PINTO LOUREIRO;18;1 - Masculino;PARDA;Arma de Fogo;Via Pública
56944574;19/01/2025;10:45:57;Homicídio Doloso;VIANA;MARCILIO DE NORONHA;AV SAO PAULO;41;1 - Masculino;BRANCA;Arma de Fogo;Domicílio
56945209;19/01/2025;12:11:37;Homicídio Doloso;VILA VELHA;RESIDENCIAL JABAETE;AV SILAS CRESPO;47;1 - Masculino;PARDA;Arma de Fogo;Domicílio
56947262;19/01/2025;16:13:22;Homicídio Doloso;LINHARES;RIO QUARTEL;RUA NÃO CADASTRADA;49;1 - Masculino;PARDA;Arma de Fogo;Domicílio
56950610;19/01/2025;22:39:18;Homicídio Doloso;ARACRUZ;SEGATO;RUA WILSON ROGERIO S LOUREIRO;25;1 - Masculino;PARDA;Arma de Fogo;Via Pública
56944595;19/01/2025;10:39:52;Feminicídio;MARECHAL FLORIANO;SOÍDO DE BAIXO;X;50;2 - Feminino;PARDA;ESPANCAMENTO;Via Pública
56951788;20/01/2025;04:51:50;Homicídio Doloso;ARACRUZ;CAIEIRA VELHA;RUA NÃO CADASTRADA;47;1 - Masculino;NEGRA;Arma de Fogo;Domicílio
56952123;20/01/2025;07:00:19;Homicídio Doloso;ARACRUZ;CUPIDO;RUA NÃO CADASTRADA;22;1 - Masculino;NEGRA;Arma de Fogo;Via Pública
56956123;20/01/2025;14:08:11;Homicídio Doloso;LINHARES;SANTA CRUZ;RUA NÃO CADASTRADA;37;1 - Masculino;PARDA;ESPANCAMENTO;Domicílio
56955955;20/01/2025;13:54:56;Homicídio Doloso;LARANJA DA TERRA;SANTA LUZIA;RUA NÃO CADASTRADA;49;1 - Masculino;PARDA;Arma Branca;Via Pública
56954429;20/01/2025;11:18:05;Homicídio Doloso;SAO MATEUS;SEAC;X;;2 - Feminino;;Arma de Fogo;Estabelecimento Comercial
56965044;21/01/2025;12:40:57;Homicídio Doloso;VILA VELHA;COBI DE BAIXO;RUA PRINCIPAL;45;1 - Masculino;BRANCA;Arma de Fogo;Via Pública
56970979;21/01/2025;23:15:52;Homicídio Doloso;BARRA DE SAO FRANCISCO;IRMAOS FERNANDES;AV JONES SANTOS NEVES;30;1 - Masculino;PARDA;Arma Branca;Via Pública
56969239;21/01/2025;19:27:10;Homicídio Doloso;SAO MATEUS;SAO BENEDITO;RUA SANTA EFIGENIA;16;1 - Masculino;NEGRA;Arma de Fogo;Terreno Baldio / Construção / Mata
56969867;21/01/2025;20:46:59;Homicídio Doloso;COLATINA;VILA AMELIA;RUA CRISTOVAO COLOMBO;21;1 - Masculino;NEGRA;Arma de Fogo;Via Pública
56981450;22/01/2025;21:56:22;Homicídio Doloso;MONTANHA;SAO SEBASTIAO DO NORTE;RUA SAO SEBASTIAO;26;1 - Masculino;PARDA;Arma de Fogo;Lago / Lagoa / Represa
56979199;22/01/2025;17:40:44;Homicídio Doloso;SAO MATEUS;ZONA RURAL;RUA NÃO CADASTRADA;37;1 - Masculino;BRANCA;Arma de Fogo;Via Pública
56983205;23/01/2025;03:10:12;Homicídio Doloso;VILA VELHA;GUARANHUNS;RUA ONZE;43;1 - Masculino;NEGRA;Arma de Fogo;Domicílio
56982002;23/01/2025;23:17:52;Homicídio Doloso;SAO MATEUS;GURIRI;ESTRADA DE BARRA NOVA;;1 - Masculino;BRANCA;Fogo;Terreno Baldio / Construção / Mata
57002351;24/01/2025;19:05:42;Feminicídio;SERRA;DAS LARANJEIRAS;RUA SAO LUCAS;44;2 - Feminino;PARDA;Fogo;Domicílio
56994184;24/01/2025;00:38:59;Homicídio Doloso;LINHARES;SANTA CRUZ;RUA FABRIZIO BARBOSA GONCALVES;27;1 - Masculino;PARDA;Arma de Fogo;Via Pública
57007405;25/01/2025;09:08:11;Feminicídio;ITAPEMIRIM;ROSA MEIRELES;X;49;2 - Feminino;PARDA;Objeto Doméstico;Via Pública
57011710;25/01/2025;17:42:01;Homicídio Doloso;SOORETAMA;SALVADOR;RUA IPE AMARELO;24;1 - Masculino;PARDA;Arma Branca;Via Pública
57008648;25/01/2025;11:39:03;Homicídio Doloso;SERRA;SAO MARCOS I;RUA CASSIANO CASTELO;45;1 - Masculino;PARDA;Fogo;Via Pública
57024510;26/01/2025;22:32:47;Homicídio Doloso;VILA VELHA;PONTA DA FRUTA;AV JUDITE GOMES COUTINHO;24;1 - Masculino;BRANCA;Arma de Fogo;Via Pública
57015723;26/01/2025;00:22:22;Homicídio Doloso;LINHARES;SANTA CRUZ;RUA ESTEVAO FRINHAN;17;1 - Masculino;PARDA;Arma de Fogo;Via Pública
57015723;26/01/2025;00:20:22;Homicídio Doloso;LINHARES;SANTA CRUZ;RUA ESTEVAO FRINHAN;26;2 - Feminino;BRANCA;Arma de Fogo;Via Pública
57018585;26/01/2025;10:35:43;Homicídio Doloso;LINHARES;SANTA CRUZ;RUA GUILHERME BARONE NETTO;25;2 - Feminino;PARDA;Arma de Fogo;Praça / Parques / Área Pública
57024737;26/01/2025;23:07:42;Homicídio Doloso;SAO MATEUS;SAO BENEDITO;AV. INDUSTRIAL STERWESSON BIGOSSI DE OLI;42;1 - Masculino;PARDA;Arma de Fogo;Via Pública
57018123;26/01/2025;10:39:02;Homicídio Doloso;SAO MATEUS;VITORIA;AV SOL;30;1 - Masculino;BRANCA;Arma de Fogo;Via Pública
57025666;27/01/2025;03:19:04;Homicídio Doloso;SERRA;ALTEROSAS;RUA NATAL;35;1 - Masculino;NEGRA;Arma de Fogo;Via Pública
57025412;27/01/2025;01:27:11;Homicídio Doloso;CARIACICA;JARDIM BOTANICO;RUA VOLTA REDONDA;22;1 - Masculino;BRANCA;Arma de Fogo;Estabelecimento Comercial
57026069;27/01/2025;06:31:08;Homicídio Doloso;NOVA VENECIA;MUNICIPAL;RUA MIGUEL SALVADOR;53;1 - Masculino;PARDA;Arma Branca;Terreno Baldio / Construção / Mata
57039770;28/01/2025;12:55:42;Feminicídio;GUARAPARI;ADALBERTO SIMAO NADER;RUA S;29;2 - Feminino;PARDA;Arma de Fogo;Via Pública
57041131;28/01/2025;15:05:23;Homicídio Doloso;SERRA;JACARAIPE;RUA NÃO CADASTRADA;;1 - Masculino;NEGRA;Arma de Fogo;Mar
57041496;28/01/2025;15:47:44;Homicídio Doloso;LINHARES;NOVA ESPERANCA;RUA TIPUANA;16;2 - Feminino;PARDA;Arma de Fogo;Domicílio
57043973;28/01/2025;19:42:07;Homicídio Doloso;AGUA DOCE DO NORTE;VILA ESPERANCA;RUA DE PAULA BRETAS;42;1 - Masculino;PARDA;Arma de Fogo;Via Pública
57046156;29/01/2025;02:00:08;Homicídio Doloso;BARRA DE SAO FRANCISCO;COLINA;RUA JOAO PESSOA;27;1 - Masculino;PARDA;Arma de Fogo;Via Pública
57050960;29/01/2025;01:02:35;Homicídio Doloso;SOORETAMA;SALVADOR;RUA IPE AMARELO;31;1 - Masculino;PARDA;Arma de Fogo;Via Pública
57065038;30/01/2025;20:20:13;Homicídio Doloso;VILA VELHA;RESIDENCIAL JABAETE;AV FRANCO;6;1 - Masculino;PARDA;Veneno;Via Pública
57086889;01/02/2025;20:41:25;Homicídio Doloso;SAO GABRIEL DA PALHA;GUSTAVO BOONE;RUA MAXIMILIANO DA SILVA COSTA;23;1 - Masculino;NEGRA;Arma de Fogo;Curso D'água
57088559;02/02/2025;00:03:34;Homicídio Doloso;CARIACICA;SANTO ANTONIO;AV PRINCIPAL;23;1 - Masculino;PARDA;Arma de Fogo;Via Pública
57088559;02/02/2025;00:03:34;Homicídio Doloso;CARIACICA;SANTO ANTONIO;AV PRINCIPAL;26;1 - Masculino;PARDA;Arma de Fogo;Via Pública
57089315;02/02/2025;02:11:42;Homicídio Doloso;SERRA;SAO GERALDO;RUA NÃO CADASTRADA;17;2 - Feminino;PARDA;Arma de Fogo;Via Pública
57107842;03/02/2025;21:59:17;Homicídio Doloso;VITORIA;SANTO ANTONIO;AV DARIO LOURENCO DE SOUZA;29;2 - Feminino;NEGRA;Arma de Fogo;Via Pública
57107842;03/02/2025;21:59:17;Homicídio Doloso;VITORIA;SANTO ANTONIO;AV DARIO LOURENCO DE SOUZA;33;1 - Masculino;PARDA;Arma de Fogo;Via Pública
57116097;04/02/2025;18:06:11;Homicídio Doloso;COLATINA;AYRTON SENNA;RUA JOAO BATISTA DO VALE;43;1 - Masculino;BRANCA;Arma de Fogo;Domicílio
57115594;04/02/2025;17:13:15;Homicídio Doloso;VIANA;MARCILIO DE NORONHA;RUA CAMPOS DOO JORDAO;34;1 - Masculino;PARDA;Arma de Fogo;Via Pública
57109756;04/02/2025;07:16:10;Homicídio Doloso;VARGEM ALTA;SUMIDOURO;RUA NÃO CADASTRADA;;1 - Masculino;BRANCA;Arma Branca;Via Pública
57119145;05/02/2025;02:06:30;Homicídio Doloso;SAO MATEUS;CENTRO;AV JOSE TOZZI;;1 - Masculino;PARDA;Arma Branca;Outros Locais
57126828;05/02/2025;19:19:30;Homicídio Doloso;VILA VELHA;COBI DE CIMA;TRAVESSA PINARE;31;1 - Masculino;PARDA;Arma de Fogo;Via Pública
57127793;05/02/2025;21:14:59;Homicídio Doloso;CARIACICA;ORIENTE;RIA JOSE VIEIRA DE MORAIS;3;1 - Masculino;PARDA;ESPANCAMENTO;Terreno Baldio / Construção / Mata
57076858;05/02/2025;10:24:32;Homicídio Doloso;SERRA;VISTA DA SERRA II;RUA FIGUEIRAS;35;1 - Masculino;BRANCA;Arma de Fogo;Domicílio
57129195;06/02/2025;03:16:03;Homicídio Doloso;PIUMA;CENTRO;RUA NÃO CADASTRADA;33;1 - Masculino;AMARELA;ESPANCAMENTO;Via Pública
57129554;06/02/2025;06:16:27;Homicídio Doloso;IBIRACU;ELIAS BRAGATO;RUA SEBASTIAO ANTONIO ARAUJO;21;1 - Masculino;BRANCA;Arma de Fogo;Terreno Baldio / Construção / Mata
57129931;06/02/2025;07:49:15;Homicídio Doloso;SAO MATEUS;GURIRI;RUA SETE;;2 - Feminino;PARDA;Arma Branca;Terreno Baldio / Construção / Mata
57129256;06/02/2025;03:44:25;Homicídio Doloso;CARIACICA;NOVO BRASIL;RUA RIO GRANDE DO NORTE;48;1 - Masculino;PARDA;ESPANCAMENTO;Domicílio
57157726;08/02/2025;20:56:33;Homicídio Doloso;NOVA VENECIA;ZONA RURAL;RUA NÃO CADASTRADA;32;1 - Masculino;NEGRA;Arma de Fogo;Terreno Baldio / Construção / Mata
57166940;09/02/2025;21:53:13;Homicídio Doloso;VILA VELHA;ILHA DOS AYRES;RUA ARISTIDES LOBO;20;1 - Masculino;PARDA;Arma de Fogo;Via Pública
57166476;09/02/2025;20:55:48;Homicídio Doloso;CARIACICA;NOVA ROSA DA PENHA II;RUA SETENTA E SETE;31;1 - Masculino;PARDA;Arma de Fogo;Domicílio
57160877;09/02/2025;07:22:03;Homicídio Doloso;CACHOEIRO DE ITAPEMIRIM;SANTO ANTONIO;RUA MARECHAL MASCARENHAS DE MORAES;43;1 - Masculino;BRANCA;Violência Física;Via Pública
57169891;10/02/2025;06:31:04;Homicídio Doloso;SERRA;CIDADE POMAR;RUA NÃO CADASTRADA;49;1 - Masculino;PARDA;Violência Física;Via Pública
57167194;10/02/2025;01:45:00;Homicídio Doloso;GOVERNADOR LINDENBERG;NOVO BRASIL;X;36;2 - Feminino;PARDA;Arma Branca;Via Pública
57169018;10/02/2025;07:50:14;Homicídio Doloso;SERRA;RESIDENCIAL CENTRO DA SERRA;RUA PAU DALHO;29;1 - Masculino;PARDA;ESPANCAMENTO;Via Pública
57179904;11/02/2025;10:23:14;Homicídio Doloso;SERRA;PRAIA DE CARAPEBUS;RUA FRANCISCO ANTONIO ALMEIDA;25;1 - Masculino;PARDA;Arma de Fogo;Outros Locais
57187759;12/02/2025;17:40:07;Homicídio Doloso;CARIACICA;CAMPINA GRANDE;RUA DOM PEDRO II;38;1 - Masculino;NEGRA;ESPANCAMENTO;Praça / Parques / Área Pública
57196275;12/02/2025;21:36:53;Homicídio Doloso;ANCHIETA;JERUSALEM;RUA PROJETADA;25;1 - Masculino;PARDA;Arma de Fogo;Via Pública
57218425;15/02/2025;04:04:04;Homicídio Doloso;PEDRO CANARIO;CRISTAL DO NORTE;X;33;2 - Feminino;PARDA;Arma de Fogo;Domicílio
57221248;15/02/2025;12:19:54;Homicídio Doloso;JAGUARE;NOVO TEMPO;RUA HENRIQUETA CALIMAN SOCIT;55;1 - Masculino;PARDA;Arma de Fogo;Via Pública
57226589;15/02/2025;22:42:04;Homicídio Doloso;LINHARES;SANTA CRUZ;RUA ANTONIO SOARES;17;1 - Masculino;PARDA;Arma de Fogo;Domicílio
57228196;16/02/2025;03:18:05;Homicídio Doloso;LINHARES;PONTAL DO IPIRANGA;RUA MOROBA;29;1 - Masculino;PARDA;Arma de Fogo;Via Pública
57228019;16/02/2025;02:20:20;Homicídio Doloso;VITORIA;SANTO ANDRE;RUA 23 DE ABRIL;22;1 - Masculino;PARDA;Arma de Fogo;Via Pública
57231505;16/02/2025;16:48:23;Homicídio Doloso;VITORIA;SANTO ANDRE;RUA NÃO CADASTRADA;43;1 - Masculino;PARDA;Arma de Fogo;Via Pública
57235690;16/02/2025;22:38:58;Homicídio Doloso;BAIXO GUANDU;SAO PEDRO;RUA GERMANDO FICK;19;1 - Masculino;PARDA;Arma de Fogo;Via Pública
57227464;16/02/2025;00:35:11;Homicídio Doloso;BOA ESPERANCA;VILA FERNANDES;RUA GERACINA DA SILVA LA;30;1 - Masculino;PARDA;Arma de Fogo;Via Pública
57232632;16/02/2025;16:17:57;Homicídio Doloso;GUARAPARI;VILLAGE DO SOL;RUA NÃO CADASTRADA;37;1 - Masculino;PARDA;Arma de Fogo;Via Pública
57231753;16/02/2025;16:39:00;Homicídio Doloso;MIMOSO DO SUL;ZONA RURAL;RUA NÃO CADASTRADA;82;1 - Masculino;PARDA;Arma de Fogo;Domicílio
57235580;16/02/2025;22:11:09;Homicídio Doloso;JAGUARE;ZONA RURAL;RUA NÃO CADASTRADA;19;1 - Masculino;PARDA;Arma Branca;Domicílio
57237791;17/02/2025;08:45:52;Homicídio Doloso;VILA VELHA;COBI DE BAIXO;AV BRASIL;36;1 - Masculino;PARDA;Arma de Fogo;Terreno Baldio / Construção / Mata
57236387;17/02/2025;01:13:37;Homicídio Doloso;GUARAPARI;MEAIPE;RUA JUIZ DE FORA;27;1 - Masculino;BRANCA;Arma de Fogo;Domicílio
57194520;18/02/2025;11:37:50;Homicídio Doloso;VILA VELHA;CRISTOVAO COLOMBO;RUA SAO BENTO;57;1 - Masculino;PARDA;Arma de Fogo;Via Pública
57246313;18/02/2025;04:42:54;Homicídio Doloso;CONCEICAO DO CASTELO;NICOLAU DE VARGAS E SILVA;RUA AMERICO MOREIRA;29;1 - Masculino;PARDA;Linchamento;Domicílio
57263872;19/02/2025;22:08:22;Feminicídio;PIUMA;CEU AZUL;MARILIA UM;34;2 - Feminino;NEGRA;Arma de Fogo;Domicílio
57257241;19/02/2025;09:49:13;Homicídio Doloso;VILA VELHA;ITAPOA;RUA SANTA TEREZINHA;52;1 - Masculino;NEGRA;Arma de Fogo;Domicílio
57260457;19/02/2025;15:26:40;Homicídio Doloso;CARIACICA;PORTO DE SANTANA;RUA NÃO CADASTRADA;17;1 - Masculino;BRANCA;AFOGAMENTO;Via Pública
57257370;19/02/2025;09:15:50;Homicídio Doloso;VILA VELHA;SAO TORQUATO;RUA BEDIAS FERREIRA DA SILVA;34;1 - Masculino;BRANCA;Arma de Fogo;Via Pública
57269266;20/02/2025;14:19:48;Homicídio Doloso;ALEGRE;CENTRO;RUA TREZE DE MAIO;54;1 - Masculino;PARDA;ESPANCAMENTO;Via Pública
57264918;20/02/2025;03:54:20;Homicídio Doloso;COLATINA;NOVO HORIZONTE;RUA AMBIENTAL;23;1 - Masculino;PARDA;Arma de Fogo;Praça / Parques / Área Pública
57235448;21/02/2025;20:46:16;Homicídio Doloso;ARACRUZ;POLIVALENTE;RUA JANETE PASSOS;25;1 - Masculino;BRANCA;Arma de Fogo;Via Pública
57289026;22/02/2025;18:34:55;Feminicídio;GUARAPARI;BARRO BRANCO;RUA SANTO FRAGA;25;2 - Feminino;PARDA;Arma de Fogo;Via Pública
57283494;22/02/2025;09:11:00;Homicídio Doloso;IBATIBA;CENTRO;AV MARIO ANDREAZZA;43;1 - Masculino;BRANCA;Arma Branca;Praça / Parques / Área Pública
57287612;22/02/2025;03:00:00;Homicídio Doloso;GUACUI;CENTRO;RUA NÃO CADASTRADA;20;1 - Masculino;PARDA;Arma de Fogo;Praça / Parques / Área Pública
57292098;22/02/2025;17:00:00;Homicídio Doloso;ECOPORANGA;DIVINO ESPIRITO SANTO;RUA AMELIA POUBEL;34;1 - Masculino;PARDA;Arma Branca;Terreno Baldio / Construção / Mata
57300465;23/02/2025;22:42:51;Homicídio Doloso;VILA VELHA;BRISAMAR;RUA JASMIN;25;1 - Masculino;PARDA;Arma de Fogo;Domicílio
57293930;23/02/2025;07:42:37;Homicídio Doloso;MONTANHA;CENTRO;RUA NÃO CADASTRADA;52;1 - Masculino;BRANCA;Objeto Contundente;Via Pública
57298268;23/02/2025;17:52:35;Homicídio Doloso;CARIACICA;FLEXAL II;RUA BOA VISTA;21;1 - Masculino;PARDA;Arma de Fogo;Praça / Parques / Área Pública
57295724;23/02/2025;12:33:54;Feminicídio;CARIACICA;ORIENTE;RUA FRANCISCO ESPERIDIAO PINTO;20;2 - Feminino;PARDA;Arma Branca;Domicílio
57298332;23/02/2025;18:05:03;Homicídio Doloso;SERRA;VISTA DA SERRA I;RUA ITAGUAÇU;39;1 - Masculino;NEGRA;Arma de Fogo;Domicílio
57297997;23/02/2025;17:20:28;Homicídio Doloso;BREJETUBA;ZONA RURAL;RUA NÃO CADASTRADA;28;1 - Masculino;PARDA;Arma Branca;Via Pública
56866138;24/02/2025;06:46:33;Homicídio Doloso;SAO GABRIEL DA PALHA;JOAO COLOMBI;RUA ADELIO AGOSTINI;32;1 - Masculino;PARDA;Arma Branca;Via Pública
57338020;27/02/2025;20:34:21;Homicídio Doloso;MUCURICI;AGUA BOA;RUA NÃO CADASTRADA;17;1 - Masculino;PARDA;Arma de Fogo;Via Pública
57338020;27/02/2025;20:34:21;Homicídio Doloso;MUCURICI;AGUA BOA;RUA NÃO CADASTRADA;19;1 - Masculino;PARDA;Arma de Fogo;Via Pública
57337865;27/02/2025;20:25:31;Homicídio Doloso;VILA VELHA;JOAO GOULART;RUA NÃO CADASTRADA;21;1 - Masculino;PARDA;Arma de Fogo;Via Pública
57332748;27/02/2025;11:49:27;Homicídio Doloso;SERRA;NOVA ALMEIDA;RUA NÃO CADASTRADA;39;1 - Masculino;PARDA;Arma de Fogo;Terreno Baldio / Construção / Mata
57340494;28/02/2025;07:34:00;Homicídio Doloso;VILA VELHA;ARACAS;RUA NÃO CADASTRADA;48;1 - Masculino;BRANCA;Arma de Fogo;Via Pública
57340106;28/02/2025;05:32:08;Homicídio Doloso;COLATINA;BENJAMIM CARLOS DOS SANTOS;AV DAS NAÇÕES;31;1 - Masculino;PARDA;Arma de Fogo;Via Pública
57340765;28/02/2025;08:25:05;Homicídio Doloso;VILA VELHA;NORMILIA DA CUNHA;RUA RIO DE JANEIRO;27;1 - Masculino;PARDA;Arma de Fogo;Via Pública
57340424;28/02/2025;07:10:03;Homicídio Doloso;VILA VELHA;ULISSES GUIMARAES;RUA RAUL SEIXAS;15;1 - Masculino;NEGRA;Arma de Fogo;Estabelecimento Comercial
57340663;28/02/2025;07:54:07;Homicídio Doloso;BARRA DE SAO FRANCISCO;ZONA RURAL;ROD ES 320;37;2 - Feminino;PARDA;Arma de Fogo;Domicílio
57350847;01/03/2025;06:33:07;Homicídio Doloso;VILA VELHA;COBI DE BAIXO;RUA NÃO CADASTRADA;18;1 - Masculino;NEGRA;Arma de Fogo;Via Pública
57355367;01/03/2025;16:42:20;Homicídio Doloso;VILA VELHA;ITAPOA;AV ANTONIO GIL VELOSO;77;2 - Feminino;BRANCA;Asfixia;Ignorado
57358044;02/03/2025;10:56:43;Homicídio Doloso;CARIACICA;NOVA ROSA DA PENHA;RUA VINTE E TRES;18;1 - Masculino;PARDA;Arma de Fogo;Domicílio
57367649;02/03/2025;20:47:04;Homicídio Doloso;SOORETAMA;SALVADOR;RUA ESMERALDINA SIMPLICIO;;1 - Masculino;PARDA;ESPANCAMENTO;Estabelecimento Comercial
57361373;02/03/2025;07:55:12;Homicídio Doloso;AFONSO CLAUDIO;SAO FRANCISCO;RUA NÃO CADASTRADA;19;1 - Masculino;BRANCA;Arma Branca;Via Pública
57371665;03/03/2025;09:54:51;Homicídio Doloso;SAO MATEUS;GURIRI;ESTRADA DE BARRA NOVA;16;1 - Masculino;PARDA;Arma de Fogo;Domicílio
57378554;04/03/2025;00:10:36;Homicídio Doloso;VITORIA;MARIO CYPRESTE;AV DARIO LOURENÇO DE SOUZA;19;1 - Masculino;PARDA;Arma de Fogo;Domicílio
57379869;04/03/2025;07:12:27;Homicídio Doloso;VILA VELHA;SAO TORQUATO;RUA LEPOLDINA;22;1 - Masculino;PARDA;Arma de Fogo;Terreno Baldio / Construção / Mata
57416461;07/03/2025;22:25:06;Homicídio Doloso;SERRA;COSTA DOURADA;RUA NÃO CADASTRADA;22;1 - Masculino;PARDA;Arma de Fogo;Outros Locais
57424010;08/03/2025;20:59:54;Homicídio Doloso;VITORIA;;RUA NÃO CADASTRADA;48;1 - Masculino;NEGRA;ESPANCAMENTO;
57417390;08/03/2025;00:19:46;Homicídio Doloso;FUNDAO;CAMPESTRE;RUA FLORESTA;19;1 - Masculino;NEGRA;Arma Branca;Terreno Baldio / Construção / Mata
57426124;08/03/2025;22:32:38;Homicídio Doloso;ITAPEMIRIM;CAMPO ACIMA;RUA NÃO CADASTRADA;40;1 - Masculino;PARDA;Arma de Fogo;Via Pública
57420021;08/03/2025;12:50:10;Homicídio Doloso;SANTA MARIA DE JETIBA;ZONA RURAL;RUA NÃO CADASTRADA;29;1 - Masculino;PARDA;Arma de Fogo;Via Pública
57434898;09/03/2025;22:07:35;Homicídio Doloso;VITORIA;GRANDE VITORIA;RUA DA PRAINHA;14;1 - Masculino;PARDA;Arma de Fogo;Via Pública
57434394;09/03/2025;22:00:00;Homicídio Doloso;ITAGUACU;SANTA FE;AV HENRIQUE FRIZERA;23;1 - Masculino;NEGRA;Arma de Fogo;Via Pública
57436669;10/03/2025;07:28:20;Homicídio Doloso;ITAPEMIRIM;GOMES;RUA NÃO CADASTRADA;49;1 - Masculino;PARDA;Arma de Fogo;Domicílio
57445408;11/03/2025;00:41:33;Homicídio Doloso;COLATINA;BELA VISTA;RUA JORCELINO FERREIRA;47;1 - Masculino;PARDA;Arma de Fogo;Via Pública
57441952;11/03/2025;09:22:02;Feminicídio;VILA VELHA;GLORIA;RUA SANTA ROSA;25;2 - Feminino;PARDA;Arma Branca;Via Pública
57327808;11/03/2025;22:15:00;Homicídio Doloso;LINHARES;INTERLAGOS;AV CLAUDIO MANOEL DA COSTA;20;1 - Masculino;PARDA;Arma de Fogo;Praça / Parques / Área Pública
57455320;12/03/2025;06:28:01;Homicídio Doloso;ITAPEMIRIM;GARRAFAO;RUA NÃO CADASTRADA;37;1 - Masculino;PARDA;Objeto Contundente;Via Pública
57456032;12/03/2025;15:09:09;Homicídio Doloso;SERRA;VISTA DA SERRA I;RUA MIMOSO DO SUL;23;1 - Masculino;PARDA;Arma Branca;Via Pública
57473620;13/03/2025;00:46:32;Homicídio Doloso;COLATINA;AYRTON SENNA;RUA EMILIO PAULO DE OLIVEIRA;1;2 - Feminino;BRANCA;ESPANCAMENTO;Via Pública
57482590;14/03/2025;22:48:47;Homicídio Doloso;GUARAPARI;OLARIA;RUA DO BERTELI;29;1 - Masculino;NEGRA;Arma de Fogo;Domicílio
57488259;15/03/2025;16:05:02;Homicídio Doloso;LINHARES;ARACA;ALAMEDA OSVALDO SILVA PRATTI;27;1 - Masculino;NEGRA;Arma de Fogo;Via Pública
57483741;15/03/2025;08:35:49;Homicídio Doloso;CACHOEIRO DE ITAPEMIRIM;DOUTOR GILSON CARONE;RUA DJALMA MANOEL DA SILVA;18;1 - Masculino;NEGRA;Arma de Fogo;Via Pública
57490838;15/03/2025;20:42:02;Homicídio Doloso;CACHOEIRO DE ITAPEMIRIM;DOUTOR GILSON CARONE;RUA ELZA DE SOUZA MACHADO;26;1 - Masculino;PARDA;Arma de Fogo;Via Pública
57484112;15/03/2025;04:37:18;Homicídio Doloso;VITORIA;JARDIM DA PENHA;RUA ARTHUR CZARTORYSKI;25;1 - Masculino;NEGRA;Arma Branca;Via Pública
57490969;15/03/2025;21:00:03;Homicídio Doloso;LINHARES;NOVA ESPERANCA;AV LAGOA DO ENCANTO;30;1 - Masculino;PARDA;Arma de Fogo;Lago / Lagoa / Represa
57483786;15/03/2025;02:37:42;Homicídio Doloso;VILA VALERIO;SANTA RITA;RUA NÃO CADASTRADA;37;1 - Masculino;NEGRA;Arma de Fogo;Via Pública
57499401;16/03/2025;23:51:25;Homicídio Doloso;CACHOEIRO DE ITAPEMIRIM;AEROPORTO;RUA APOSTOLO TOME;31;1 - Masculino;BRANCA;Arma de Fogo;Via Pública
57500045;16/03/2025;21:07:50;Homicídio Doloso;VILA VELHA;COBI DE BAIXO;AV BRASIL;44;1 - Masculino;PARDA;Arma de Fogo;Via Pública
57429428;16/03/2025;16:07:55;Homicídio Doloso;LINHARES;RIO QUARTEL;ROD LAGOA DE AGUIAR;16;1 - Masculino;PARDA;Arma de Fogo;Estabelecimento Comercial
57493055;17/03/2025;01:06:00;Homicídio Doloso;PONTO BELO;CENTRO;RUA IBICARAI;22;1 - Masculino;PARDA;Arma de Fogo;Via Pública
57502544;17/03/2025;08:13:47;Homicídio Doloso;VITORIA;GURIGICA;RUA JOSE BARROSO;34;1 - Masculino;PARDA;Arma de Fogo;Domicílio
57501531;17/03/2025;01:19:56;Homicídio Doloso;CARIACICA;VASCO DA GAMA;AV LEOPOLDINA;;1 - Masculino;PARDA;Arma de Fogo;Terreno Baldio / Construção / Mata
57547232;21/03/2025;21:57:38;Homicídio Doloso;CARIACICA;JARDIM BOTANICO;RUA VITORIA;18;1 - Masculino;PARDA;Arma de Fogo;Estabelecimento Comercial
57547232;21/03/2025;21:57:38;Homicídio Doloso;CARIACICA;JARDIM BOTANICO;RUA VITORIA;20;1 - Masculino;PARDA;Arma de Fogo;Estabelecimento Comercial
57554048;22/03/2025;16:54:35;Homicídio Doloso;PEDRO CANARIO;CAMATA;RUA NÃO CADASTRADA;26;1 - Masculino;PARDA;Ignorado / Não Informado;Via Pública
57557854;22/03/2025;23:36:02;Homicídio Doloso;CARIACICA;FLEXAL II;AV NOSSA SENHORA DA PENHA;20;1 - Masculino;NEGRA;Arma de Fogo;Via Pública
57553013;22/03/2025;14:44:13;Homicídio Doloso;SERRA;MORADA DE LARANJEIRAS;RUA MINAS GERAIS;7;1 - Masculino;PARDA;Arma Branca;Via Pública
57387763;23/03/2025;10:38:59;Homicídio Doloso;JAGUARE;JIRAU;RUA NÃO CADASTRADA;29;1 - Masculino;NEGRA;Arma de Fogo;Domicílio
57559697;23/03/2025;06:13:50;Homicídio Doloso;VILA VELHA;SANTA RITA;RUA DO VALAO;26;1 - Masculino;PARDA;Arma de Fogo;Via Pública
57578705;25/03/2025;06:02:01;Homicídio Doloso;VILA VELHA;SOTECO;RUA ALVARO AZAVEDO;21;1 - Masculino;PARDA;Arma de Fogo;Via Pública
57596077;26/03/2025;21:43:38;Homicídio Doloso;CARIACICA;JARDIM DE ALAH;RUA AUGUSTA CAMPOS;21;1 - Masculino;PARDA;Arma de Fogo;Praça / Parques / Área Pública
57590158;26/03/2025;11:09:10;Homicídio Doloso;SAO MATEUS;MORADA DO LAGO;RUA SAO JOAO;39;1 - Masculino;PARDA;Arma Branca;Via Pública
57591548;26/03/2025;13:28:38;Feminicídio;BAIXO GUANDU;ROSARIO I;RUA DUQUE DE CAXIAS;27;2 - Feminino;PARDA;Arma Branca;Domicílio
57578515;26/03/2025;03:52:53;Homicídio Doloso;VILA VELHA;TERRA VERMELHA;RUA NÃO CADASTRADA;35;1 - Masculino;NEGRA;Linchamento;Domicílio
57597594;27/03/2025;06:30:44;Homicídio Doloso;VILA VELHA;ATAIDE;EST JERONIMO MONTEIRO;42;1 - Masculino;PARDA;Arma de Fogo;Via Pública
57596898;27/03/2025;00:10:52;Homicídio Doloso;LINHARES;AVISO;AV MARIA FRANCISCA GABRIEL VICENTINI;30;2 - Feminino;;Arma de Fogo;Via Pública
57617729;29/03/2025;07:23:30;Homicídio Doloso;VARGEM ALTA;CASTELINHO;RUA EUGENIO PASSARELA;21;1 - Masculino;BRANCA;Arma de Fogo;Via Pública
57617070;29/03/2025;03:22:03;Homicídio Doloso;BARRA DE SAO FRANCISCO;COLINA;ESC 7 DE SETEMBRO;37;1 - Masculino;PARDA;Arma de Fogo;Via Pública
57622685;29/03/2025;17:58:58;Homicídio Doloso;ARACRUZ;MAR AZUL;RUA NÃO CADASTRADA;19;1 - Masculino;PARDA;Arma de Fogo;Estabelecimento Comercial
57623298;29/03/2025;19:02:52;Homicídio Doloso;BAIXO GUANDU;VILA KENNEDY;RUA TIRADENTES;49;1 - Masculino;PARDA;Arma de Fogo;Via Pública
57629380;30/03/2025;12:32:50;Homicídio Doloso;CARIACICA;CAMPO GRANDE;AV EXPEDITO GARCIA;27;1 - Masculino;NEGRA;Arma Branca;Domicílio
57630140;30/03/2025;14:31:36;Homicídio Doloso;LINHARES;INTERLAGOS;AV QUINTINO BOCAIUVA;23;1 - Masculino;BRANCA;Objeto Contundente;Via Pública
57631589;30/03/2025;17:31:42;Homicídio Doloso;LINHARES;NOVA ESPERANCA;RUA NÃO CADASTRADA;23;1 - Masculino;NEGRA;Arma de Fogo;Via Pública
57628427;30/03/2025;10:22:20;Homicídio Doloso;IBIRACU;PENDAGA;ROD BR 101;;1 - Masculino;Prejudicado;Arma de Fogo;Estabelecimento Comercial
57627121;30/03/2025;05:41:43;Homicídio Doloso;PINHEIROS;SANTO ANTONIO;RUA VEREADOR ELPIDIO ROSA;15;1 - Masculino;PARDA;Arma de Fogo;Domicílio
57629589;30/03/2025;13:08:07;Homicídio Doloso;GUACUI;ZONA RURAL;RUA NÃO CADASTRADA;24;1 - Masculino;PARDA;Arma de Fogo;Via Pública
57634393;31/03/2025;23:17:26;Homicídio Doloso;LINHARES;RESIDENCIAL RIO DOCE;RUA MARIA DE OLIVEIRA DE SOUSA;34;1 - Masculino;NEGRA;Arma Branca;Domicílio
57643483;31/03/2025;20:09:53;Homicídio Doloso;LINHARES;SANTA CRUZ;RUA ANTONIO SILVA ARAUJO;25;1 - Masculino;PARDA;Arma de Fogo;Via Pública
57664332;02/04/2025;22:26:45;Homicídio Doloso;AGUA DOCE DO NORTE;CORREGO DO CEDRO;RUA IRACY MARQUES;19;1 - Masculino;PARDA;Arma de Fogo;Via Pública
57666465;03/04/2025;09:12:47;Homicídio Doloso;VILA VELHA;COBI DE CIMA;AV CARLOS LINDENBERG;19;1 - Masculino;PARDA;Arma de Fogo;Via Pública
57690190;05/04/2025;14:02:31;Homicídio Doloso;SERRA;BAIRRO DAS LARANJEIRAS;RUA PRIMAVERA;33;1 - Masculino;PARDA;Arma de Fogo;Via Pública
57687369;05/04/2025;08:42:36;Feminicídio;CARIACICA;BOA SORTE;RUA ROLINHA;38;2 - Feminino;BRANCA;ESPANCAMENTO;Via Pública
57695190;05/04/2025;22:41:39;Homicídio Doloso;AFONSO CLAUDIO;CENTRO;RUA JOSE MARTINS DA SILVA;46;1 - Masculino;NEGRA;Arma de Fogo;Terreno Baldio / Construção / Mata
57688971;05/04/2025;16:30:00;Homicídio Doloso;VILA VELHA;XURY;ROD BR 101;;1 - Masculino;Prejudicado;Arma Branca;Unidade Prisional
57699210;06/04/2025;12:30:28;Homicídio Doloso;VILA VELHA;JABURUNA;ESC MARIA VALADARES;27;1 - Masculino;PARDA;Arma de Fogo;Via Pública
57701303;06/04/2025;18:26:30;Homicídio Doloso;LINHARES;NOVA ESPERANCA;RUA NÃO CADASTRADA;50;1 - Masculino;PARDA;Arma Branca;Domicílio
57701325;06/04/2025;18:31:07;Homicídio Doloso;ECOPORANGA;VILA NOVA;RUA NÃO CADASTRADA;26;1 - Masculino;PARDA;Arma de Fogo;Domicílio
57710889;07/04/2025;20:39:20;Homicídio Doloso;LINHARES;AVISO;RUA LASTENIO CALMON;65;1 - Masculino;PARDA;Arma de Fogo;Via Pública
57714108;08/04/2025;10:18:26;Homicídio Doloso;VILA VELHA;CENTRO;RUA DR ANTONIO ATAIDE;;1 - Masculino;Prejudicado;Ignorado / Não Informado;Estabelecimento Comercial
57713653;08/04/2025;09:34:12;Homicídio Doloso;CARIACICA;VILA INDEPENDENCIA;RUA HORTENCIAS;46;1 - Masculino;PARDA;ESPANCAMENTO;Via Pública
57721572;09/04/2025;02:14:48;Homicídio Doloso;VIANA;BOM PASTOR;RUA SUMARE;24;1 - Masculino;BRANCA;Arma de Fogo;Domicílio
57721572;09/04/2025;02:14:48;Homicídio Doloso;VIANA;BOM PASTOR;RUA SUMARE;33;1 - Masculino;PARDA;Arma de Fogo;Domicílio
57730890;10/04/2025;00:36:50;Homicídio Doloso;ECOPORANGA;CENTRO;RUA SANTA RITA;26;1 - Masculino;PARDA;Arma de Fogo;Estabelecimento Comercial
57743709;11/04/2025;11:57:05;Homicídio Doloso;MARATAIZES;BARRA DE ITAPEMIRIM;RUA NAO CADASTRADA;36;1 - Masculino;PARDA;Objeto Contundente;Via Pública
57749214;11/04/2025;22:35:29;Feminicídio;CARIACICA;ITAQUARI;RUA FERNANDO DE SÁ;8;2 - Feminino;PARDA;ESPANCAMENTO;Via Pública
57747213;11/04/2025;18:40:48;Homicídio Doloso;JAGUARE;NOSSA SENHORA DE FATIMA;RUA NÃO CADASTRADA;54;1 - Masculino;PARDA;Arma de Fogo;Domicílio
57749428;11/04/2025;23:08:48;Homicídio Doloso;LINHARES;SAO RAFAEL;RUA NÃO CADASTRADA;36;1 - Masculino;NEGRA;Arma Branca;Domicílio
57758403;12/04/2025;21:58:51;Homicídio Doloso;PINHEIROS;PINHEIRINHO;RUA NÃO CADASTRADA;62;1 - Masculino;BRANCA;Impacto;Estabelecimento Comercial
57756704;12/04/2025;22:49:54;Homicídio Doloso;SAO MATEUS;VITORIA;RUA PLUTAO;40;1 - Masculino;PARDA;Arma de Fogo;Via Pública
57760492;13/04/2025;05:01:41;Homicídio Doloso;SERRA;RESIDENCIAL JACARAIPE;RUA PRESIDENTE COSTA E SILVA;45;1 - Masculino;PARDA;Arma de Fogo;Via Pública
57760744;13/04/2025;06:38:26;Homicídio Doloso;SERRA;RESIDENCIAL VISTA DO MESTRE;AV SALVADOR;25;1 - Masculino;PARDA;Arma de Fogo;Terreno Baldio / Construção / Mata
57782734;15/04/2025;15:34:31;Homicídio Doloso;SERRA;CHACARA PARREIRAL;RUA LEONCIO MONJARDIM;55;1 - Masculino;Não Informado;Arma de Fogo;Domicílio
57781239;15/04/2025;13:09:23;Homicídio Doloso;VILA VELHA;GLORIA;RUA DOMINGOS MARTINS;40;1 - Masculino;PARDA;Arma de Fogo;Via Pública
57779162;15/04/2025;09:37:47;Homicídio Doloso;SAO MATEUS;GURIRI;RUA 08;46;1 - Masculino;PARDA;Objeto Contundente;Terreno Baldio / Construção / Mata
57804985;17/04/2025;21:09:40;Homicídio Doloso;BARRA DE SAO FRANCISCO;VILA LANDINHA;RUA GOIANIA;25;1 - Masculino;BRANCA;Arma de Fogo;Domicílio
57814524;18/04/2025;21:47:32;Homicídio Doloso;MUCURICI;AGUA BOA;RUA MARTA BARBOSA;25;1 - Masculino;PARDA;Arma de Fogo;Domicílio
57808108;18/04/2025;08:10:15;Homicídio Doloso;VILA VELHA;COBI DE BAIXO;RUA ANA MERETO STEFANON;;1 - Masculino;PARDA;Arma de Fogo;Via Pública
57807137;18/04/2025;03:04:17;Homicídio Doloso;VILA VELHA;JARDIM MARILANDIA;RUA ALVIM PEREIRA RAMIS;24;1 - Masculino;BRANCA;Arma de Fogo;Estabelecimento Comercial
57814217;18/04/2025;21:07:13;Homicídio Doloso;CARIACICA;PADRE GABRIEL;RUA JOSE CARLOS LOPES DE OLIVEIRA;25;1 - Masculino;PARDA;Arma de Fogo;Via Pública
57731297;18/04/2025;10:43:00;Homicídio Doloso;BARRA DE SAO FRANCISCO;VILA VICENTE;RUA AGNALDO MARTINS;51;1 - Masculino;BRANCA;Objeto Contundente;Estabelecimento Comercial
57816055;19/04/2025;11:07:52;Homicídio Doloso;VILA VELHA;GLORIA;RUA DOM PEDRO II;33;1 - Masculino;PARDA;Arma de Fogo;Via Pública
57817699;19/04/2025;09:12:32;Homicídio Doloso;SERRA;SAO DOMINGOS;RUA NÃO CADASTRADA;30;1 - Masculino;PARDA;Arma de Fogo;Via Pública
57822962;19/04/2025;19:37:19;Homicídio Doloso;BARRA DE SAO FRANCISCO;ZONA RURAL;RUA NÃO CADASTRADA;20;1 - Masculino;BRANCA;Arma de Fogo;Via Pública
57822962;19/04/2025;19:37:19;Homicídio Doloso;BARRA DE SAO FRANCISCO;ZONA RURAL;X;32;2 - Feminino;PARDA;Arma de Fogo;Via Pública
57834606;21/04/2025;07:09:28;Homicídio Doloso;VIANA;CANTO GRANDE;RUA NÃO CADASTRADA;36;1 - Masculino;PARDA;Arma de Fogo;Estabelecimento Comercial
57843727;22/04/2025;10:21:31;Homicídio Doloso;SAO MATEUS;CORREGO DA AREIA;RUA NÃO CADASTRADA;36;1 - Masculino;PARDA;Violência Física;Curso D'água
57847833;22/04/2025;16:41:24;Homicídio Doloso;CARIACICA;JARDIM BOTANICO;RUA TANQUE;19;1 - Masculino;BRANCA;Arma de Fogo;Via Pública
57850721;22/04/2025;22:39:38;Homicídio Doloso;ARACRUZ;NOVA ESPERANCA;RUA PROJETADA;38;1 - Masculino;PARDA;Arma de Fogo;Via Pública
57842289;22/04/2025;07:12:30;Homicídio Doloso;NOVA VENECIA;PERDIDO;RUA NÃO CADASTRADA;43;1 - Masculino;PARDA;Violência Física;Via Pública
57848467;22/04/2025;17:35:10;Homicídio Doloso;SOORETAMA;SAYONARA;RUA JUERANA;14;1 - Masculino;PARDA;Arma de Fogo;Via Pública
57855603;23/04/2025;14:33:51;Homicídio Doloso;VIANA;CABRAL;RUA NÃO CADASTRADA;38;1 - Masculino;NEGRA;Violência Física;Unidade Prisional
57860757;24/04/2025;07:02:54;Homicídio Doloso;CACHOEIRO DE ITAPEMIRIM;CORONEL BORGES;RUA FERNANDO MELO PORTINHO;;1 - Masculino;;Ignorado / Não Informado;Via Pública
57835183;25/04/2025;05:15:47;Homicídio Doloso;IRUPI;SANTA CRUZ;ROD ES 379;46;1 - Masculino;PARDA;Arma de Fogo;Domicílio
57872376;25/04/2025;12:06:13;Homicídio Doloso;BREJETUBA;ZONA RURAL;RUA NÃO CADASTRADA;52;1 - Masculino;PARDA;Arma de Fogo;Via Pública
57884284;26/04/2025;16:21:09;Homicídio Doloso;CARIACICA;FLEXAL II;RUA DA LIBERDADE;21;1 - Masculino;BRANCA;Arma de Fogo;Praça / Parques / Área Pública
57889528;27/04/2025;05:06:40;Homicídio Doloso;CARIACICA;CAMPO GRANDE;RUA CORONEL OLIMPIO CUNHA;30;1 - Masculino;BRANCA;Arma de Fogo;Via Pública
57893365;27/04/2025;17:04:16;Homicídio Doloso;CARIACICA;CASTELO BRANCO;RUA FRANCISCO JOSE LOMBA;21;1 - Masculino;PARDA;Arma de Fogo;Via Pública
57893365;27/04/2025;17:04:16;Homicídio Doloso;CARIACICA;CASTELO BRANCO;RUA FRANCISCO JOSE LOMBA;29;1 - Masculino;PARDA;Arma de Fogo;Via Pública
57893579;27/04/2025;17:31:56;Homicídio Doloso;MONTANHA;SAO SEBASTIAO DO NORTE;RUA NÃO CADASTRADA;24;1 - Masculino;PARDA;Violência Física;Via Pública
57895551;28/04/2025;14:27:05;Homicídio Doloso;CACHOEIRO DE ITAPEMIRIM;VILAGE DA LUZ;ROD JOAO DE DEUS MADUREIRA;46;1 - Masculino;PARDA;Violência Física;Via Pública
57897958;29/04/2025;07:38:33;Homicídio Doloso;VILA VELHA;COBI DE CIMA;RUA NÃO CADASTRADA;36;1 - Masculino;PARDA;Arma de Fogo;Via Pública
57916353;30/04/2025;07:04:40;Homicídio Doloso;MIMOSO DO SUL;PONTE DE ITABAPOANA;X;28;2 - Feminino;PARDA;Arma de Fogo;Praça / Parques / Área Pública
57921018;30/04/2025;15:49:31;Homicídio Doloso;CARIACICA;VILA CAPIXABA;RUA NÃO INFORMADA;65;1 - Masculino;BRANCA;Ignorado / Não Informado;Ponte / Viaduto
57929275;01/05/2025;16:14:43;Homicídio Doloso;CONCEICAO DA BARRA;BRACO DO RIO;RUA NÃO CADASTRADA;26;1 - Masculino;PARDA;Arma de Fogo;Via Pública
57931509;01/05/2025;21:23:20;Homicídio Doloso;ITAPEMIRIM;ITAOCA;RUA NÃO CADASTRADA;23;1 - Masculino;PARDA;Arma de Fogo;Via Pública
57928677;01/05/2025;15:16:42;Homicídio Doloso;SERRA;SERRA CENTRO;AV JONES SANTOS NEVES;25;1 - Masculino;NEGRA;Arma Branca;Via Pública
57926276;01/05/2025;09:18:49;Homicídio Doloso;VILA VELHA;VALE ENCANTADO;RUA MONTE SINAI;66;2 - Feminino;PARDA;ESPANCAMENTO;Via Pública
57927344;01/05/2025;12:16:30;Homicídio Doloso;VILA VELHA;VILA GARRIDO;RUA JOSE DE SOUZA;21;1 - Masculino;PARDA;Arma de Fogo;Estabelecimento Comercial
57941359;02/05/2025;21:56:20;Homicídio Doloso;CARIACICA;CASTELO BRANCO;RUA NÃO CADASTRADA;45;1 - Masculino;NEGRA;Arma Branca;Via Pública
57941173;02/05/2025;21:50:13;Homicídio Doloso;CARIACICA;JARDIM AMERICA;RUA JOSE SERTA;53;1 - Masculino;NEGRA;Arma de Fogo;Estabelecimento Comercial
57932816;02/05/2025;01:00:42;Homicídio Doloso;SERRA;JARDIM DA SERRA;RUA DOUTOR ALMYR NEVES;20;1 - Masculino;PARDA;Arma de Fogo;Via Pública
57940902;02/05/2025;21:01:58;Homicídio Doloso;PANCAS;ZONA RURAL;RUA NÃO CADASTRADA;40;1 - Masculino;PARDA;Arma de Fogo;Via Pública
57945795;03/05/2025;19:57:03;Homicídio Doloso;SOORETAMA;SAYONARA;RUA JUERANA;21;2 - Feminino;PARDA;Arma de Fogo;Via Pública
57951361;04/05/2025;02:27:02;Homicídio Doloso;CONCEICAO DA BARRA;BRACO DO RIO;RUA ALAILDES ALVES RAINHA;30;1 - Masculino;PARDA;Arma de Fogo;Via Pública
57951570;04/05/2025;03:24:32;Homicídio Doloso;LINHARES;BREJO GRANDE;RUA NÃO CADASTRADA;27;1 - Masculino;PARDA;Arma Branca;Terreno Baldio / Construção / Mata
57951144;04/05/2025;01:35:43;Homicídio Doloso;IUNA;QUILOMBO;RUA ARMINDO APOLINARIO LEMOS;49;1 - Masculino;BRANCA;Arma Branca;Domicílio
57953112;04/05/2025;11:11:31;Homicídio Doloso;BOA ESPERANCA;VILA TAVARES;RUA RIO DE JANEIRO;30;1 - Masculino;PARDA;Arma de Fogo;Via Pública
57960085;05/05/2025;09:21:56;Homicídio Doloso;SERRA;FEU ROSA;RUA EUCALIPTOS;36;1 - Masculino;NEGRA;Ignorado / Não Informado;Domicílio
57958367;05/05/2025;00:24:31;Homicídio Doloso;GUARAPARI;SAO GABRIEL;RUA MINAS GERAIS;35;1 - Masculino;PARDA;Arma de Fogo;Domicílio
57949176;06/05/2025;09:56:41;Homicídio Doloso;SERRA;JARDIM BELA VISTA;RUA QUATRO;23;1 - Masculino;PARDA;Arma Branca;Curso D'água
57968426;06/05/2025;07:57:16;Homicídio Doloso;CACHOEIRO DE ITAPEMIRIM;NOSSA SENHORA APARECIDA;RUA JOSE PAULINO CIRPIANO;37;1 - Masculino;PARDA;ESPANCAMENTO;Domicílio
57974969;06/05/2025;20:45:35;Homicídio Doloso;PINHEIROS;SAO JOAO DO SOBRADO;ROD ES 313;39;1 - Masculino;PARDA;Arma de Fogo;Domicílio
57968267;06/05/2025;07:21:04;Homicídio Doloso;BAIXO GUANDU;ZONA RURAL;ROD ES 446;26;1 - Masculino;BRANCA;Arma Branca;Domicílio
57978674;07/05/2025;11:09:30;Homicídio Doloso;CARIACICA;VILA CAPIXABA;ROD BR 101;40;1 - Masculino;BRANCA;Arma de Fogo;Ponte / Viaduto
57978674;07/05/2025;17:03:29;Homicídio Doloso;CARIACICA;VILA CAPIXABA;ROD BR 101;57;1 - Masculino;BRANCA;Arma de Fogo;Ponte / Viaduto
58001388;09/05/2025;21:05:01;Homicídio Doloso;ITAGUACU;CENTRO;RUA HENRIQUE NOVAIS;39;1 - Masculino;BRANCA;Arma de Fogo;Domicílio
58006995;10/05/2025;14:17:21;Homicídio Doloso;VILA VELHA;ALECRIM;RUA GUARAPARI;45;1 - Masculino;PARDA;Arma de Fogo;Via Pública
58002902;10/05/2025;00:47:53;Homicídio Doloso;RIO BANANAL;CORREGO LACRIMAL;RUA NÃO CADASTRADA;29;1 - Masculino;PARDA;Arma Branca;Terreno Baldio / Construção / Mata
57978674;10/05/2025;23:29:06;Homicídio Doloso;CARIACICA;VILA CAPIXABA;ROD BR 101;58;1 - Masculino;PARDA;Arma de Fogo;Ponte / Viaduto
58013134;11/05/2025;04:36:44;Homicídio Doloso;CARIACICA;FLEXAL II;RUA NÃO CADASTRADA;26;1 - Masculino;PARDA;Arma de Fogo;Via Pública
58012270;11/05/2025;00:44:05;Homicídio Doloso;VILA VELHA;PEDRA DOS BUZIOS;RUA LEPOLDO FONSECA;21;1 - Masculino;PARDA;Arma de Fogo;Domicílio
58020863;12/05/2025;02:31:04;Homicídio Doloso;GUARAPARI;SAO GABRIEL;RUA ECOPORANGA;33;1 - Masculino;PARDA;Arma de Fogo;Unidade Prisional
58025002;12/05/2025;10:27:24;Feminicídio;DOMINGOS MARTINS;SOIDO;X;46;2 - Feminino;PARDA;Veneno;Domicílio
58029443;12/05/2025;22:46:34;Homicídio Doloso;CARIACICA;SOTELANDIA;RUA FERNANDO ANTONIO;29;1 - Masculino;PARDA;Arma de Fogo;Via Pública
58037614;13/05/2025;23:05:14;Homicídio Doloso;COLATINA;QUINZE DE OUTUBRO;ROD GETHER LOPES DE FARIAS;24;1 - Masculino;PARDA;Arma de Fogo;Via Pública
58061273;16/05/2025;18:47:19;Homicídio Doloso;CARIACICA;CASTELO BRANCO;RUA JOAQUIM DE SOUZA;26;1 - Masculino;PARDA;Arma de Fogo;Via Pública
58056506;16/05/2025;09:46:06;Homicídio Doloso;VILA VELHA;SAO TORQUATO;RUA BOM JESUS;21;1 - Masculino;PARDA;Arma de Fogo;Terreno Baldio / Construção / Mata
58063553;16/05/2025;23:47:04;Homicídio Doloso;BAIXO GUANDU;VILA KENNEDY;RUA DONA AMALIA;29;1 - Masculino;PARDA;Arma de Fogo;Via Pública
58069598;17/05/2025;17:07:27;Homicídio Doloso;SERRA;BAIRRO DAS LARANJEIRAS;RUA SAO PAULO;39;1 - Masculino;NEGRA;Arma de Fogo;Via Pública
58070274;17/05/2025;18:19:09;Feminicídio;CARIACICA;PORTO DE CARIACICA;RUA DOS LIRIOS;1;2 - Feminino;BRANCA;ESPANCAMENTO;Via Pública
58064580;17/05/2025;02:53:17;Homicídio Doloso;ARACRUZ;SAO MARCOS;RUA LIRIO DA PAZ;20;1 - Masculino;PARDA;Arma de Fogo;Domicílio
58064657;17/05/2025;03:12:51;Homicídio Doloso;SAO MATEUS;VILA NOVA;RUA PERU;38;1 - Masculino;PARDA;Arma de Fogo;Via Pública
58074674;18/05/2025;07:40:35;Homicídio Doloso;VILA VELHA;BARRAMARES;RUA ABRIL;16;2 - Feminino;NEGRA;Arma de Fogo;Via Pública
58078391;18/05/2025;17:27:00;Homicídio Doloso;SAO MATEUS;CARAPINA;RUA NÃO CADASTRADA;29;1 - Masculino;PARDA;Arma de Fogo;Estabelecimento Industrial
58087402;19/05/2025;16:28:42;Homicídio Doloso;SERRA;PARQUE RESIDENCIAL TUBARAO;RUA SAO PAULO;26;1 - Masculino;PARDA;Arma de Fogo;Via Pública
58107168;21/05/2025;18:16:47;Homicídio Doloso;SERRA;NOVA ALMEIDA;RUA NÃO CADASTRADA;39;1 - Masculino;PARDA;Arma Branca;Via Pública
58106284;21/05/2025;17:02:08;Homicídio Doloso;ATILIO VIVACQUA;SAO PEDRO;RUA NÃO CADASTRADA;36;1 - Masculino;PARDA;Arma de Fogo;Via Pública
58106284;21/05/2025;17:02:08;Homicídio Doloso;ATILIO VIVACQUA;SAO PEDRO;RUA NÃO CADASTRADA;39;1 - Masculino;PARDA;Arma de Fogo;Via Pública
58099979;21/05/2025;01:46:17;Homicídio Doloso;VILA VELHA;ZUMBI DOS PALMARES;RUA MANGUEIRA;41;1 - Masculino;PARDA;Linchamento;Via Pública
58117121;22/05/2025;18:54:17;Homicídio Doloso;LINHARES;SANTA CRUZ;RUA ANTONIO SILVA ARAUJO;68;1 - Masculino;PARDA;Arma de Fogo;Via Pública
58127713;23/05/2025;22:10:25;Homicídio Doloso;SERRA;BAIRRO DAS LARANJEIRAS;RUA QUATORZE;23;1 - Masculino;NEGRA;Arma de Fogo;Via Pública
58119722;23/05/2025;03:06:05;Homicídio Doloso;ARACRUZ;BARRA DO SAHY;RUA BERILO;24;1 - Masculino;PARDA;Arma de Fogo;Via Pública
58137342;24/05/2025;22:22:08;Homicídio Doloso;LINHARES;HUMAITA;RUA PRINCIPAL;34;1 - Masculino;PARDA;Arma de Fogo;Via Pública
58136120;24/05/2025;19:55:32;Homicídio Doloso;VILA VELHA;JARDIM MARILANDIA;RUA DULCINOPOLIS;35;1 - Masculino;BRANCA;Arma de Fogo;Estabelecimento Comercial
58136120;25/05/2025;16:21:46;Homicídio Doloso;VILA VELHA;JARDIM MARILANDIA;RUA DULCINOPOLIS;56;1 - Masculino;BRANCA;Arma de Fogo;Estabelecimento Comercial
58146960;26/05/2025;03:17:27;Homicídio Doloso;SERRA;ROSARIO DE FATIMA;TRAVESSA CARIOCA;26;1 - Masculino;NEGRA;Arma Branca;Domicílio
58156443;27/05/2025;07:45:00;Homicídio Doloso;VILA VELHA;VINTE E TRES DE MAIO;RUA BELA VISTA;18;1 - Masculino;BRANCA;Arma de Fogo;Via Pública
58156443;27/05/2025;07:45:00;Homicídio Doloso;VILA VELHA;VINTE E TRES DE MAIO;RUA BELA VISTA;22;1 - Masculino;PARDA;Arma de Fogo;Via Pública
58155600;27/05/2025;00:23:10;Homicídio Doloso;PANCAS;ZONA RURAL;RUA NÃO CADASTRADA;31;1 - Masculino;PARDA;Arma Branca;Terreno Baldio / Construção / Mata
58167528;28/05/2025;11:05:22;Homicídio Doloso;VITORIA;GURIGICA;RUA MARIA DA PAIXAO SANTOS;43;1 - Masculino;PARDA;Arma Branca;Domicílio
58173401;29/05/2025;22:32:32;Homicídio Doloso;CARIACICA;APARECIDA;RUA SANTO AGOSTINHO;18;1 - Masculino;PARDA;Arma de Fogo;Domicílio
58174014;29/05/2025;01:02:54;Feminicídio;VIANA;ARLINDO ANGELO VILLASCHI;RUA SAO MATEUS;28;2 - Feminino;PARDA;Arma Branca;Via Pública
58172927;29/05/2025;21:13:25;Homicídio Doloso;SAO MATEUS;AROEIRA;AV DOM JOSE DALVIT;23;2 - Feminino;PARDA;Arma Branca;Via Pública
58174137;29/05/2025;01:58:46;Homicídio Doloso;VILA VELHA;BARRA DO JUCU;RUA JOAQUIM CALAZAN;24;1 - Masculino;PARDA;Arma de Fogo;Ponte / Viaduto
58186488;30/05/2025;12:15:06;Homicídio Doloso;LINHARES;REGENCIA;ROD ES 010;50;1 - Masculino;PARDA;Arma de Fogo;Via Pública
58185819;30/05/2025;10:55:30;Homicídio Doloso;VILA VELHA;SANTA RITA;RUA FERNANDO ANTONIO SILVEIRA;20;1 - Masculino;NEGRA;Arma de Fogo;Via Pública
58195989;31/05/2025;12:15:32;Homicídio Doloso;COLATINA;SANTO ANTONIO;RUA PEDRO BARBOSA FILHO;38;1 - Masculino;PARDA;Arma Branca;Via Pública
58205263;01/06/2025;11:31:23;Homicídio Doloso;VILA VELHA;JABURUNA;RUA NÃO CADASTRADA;20;1 - Masculino;BRANCA;Arma de Fogo;Via Pública
58214490;02/06/2025;11:43:28;Homicídio Doloso;GUARAPARI;PATURA;RUA JOÃO FERREIRA DOS SANTOS;21;1 - Masculino;PARDA;Arma de Fogo;Terreno Baldio / Construção / Mata
58235303;04/06/2025;18:44:09;Homicídio Doloso;VITORIA;SANTO ANTONIO;ESC MONTE SIAO;20;1 - Masculino;PARDA;Arma de Fogo;Praça / Parques / Área Pública
58246628;05/06/2025;23:09:51;Homicídio Doloso;CARIACICA;VILA PRUDENCIO;RUA RESPLENDOR;34;1 - Masculino;PARDA;Arma de Fogo;Via Pública
58256342;06/06/2025;23:09:40;Homicídio Doloso;CONCEICAO DO CASTELO;CENTRO;RUA FERNANDO ANTONIO LOPES;46;1 - Masculino;PARDA;Arma Branca;Via Pública
58265294;07/06/2025;22:30:37;Homicídio Doloso;SOORETAMA;CENTRO;RUA JOAQUIM MARQUES;25;1 - Masculino;PARDA;Arma de Fogo;Via Pública
58265294;07/06/2025;22:30:37;Homicídio Doloso;SOORETAMA;CENTRO;RUA JOAQUIM MARQUES;25;1 - Masculino;PARDA;Arma de Fogo;Via Pública
58260139;07/06/2025;12:04:42;Homicídio Doloso;VIANA;PEDRA MULATA;RUA MANTEIGA;32;1 - Masculino;PARDA;Arma de Fogo;Via Pública
58258505;07/06/2025;07:59:14;Homicídio Doloso;SERRA;VILA NOVA DE COLARES;AV COLARES JUNIOR;17;1 - Masculino;PARDA;Arma de Fogo;Terreno Baldio / Construção / Mata
58261797;07/06/2025;15:36:23;Homicídio Doloso;SAO MATEUS;ZONA RURAL;ROD BR 101;17;1 - Masculino;PARDA;Ignorado / Não Informado;Via Pública
58270928;08/06/2025;15:51:23;Homicídio Doloso;VILA VELHA;COBILANDIA;AV PRIMEIRA AVENIDA;37;1 - Masculino;BRANCA;ESPANCAMENTO;Via Pública
58272360;08/06/2025;18:27:41;Homicídio Doloso;VILA VELHA;DOM JOAO BATISTA;RUA SÃO JOSE;19;1 - Masculino;PARDA;Arma de Fogo;Via Pública
58266947;08/06/2025;03:05:21;Homicídio Doloso;CARIACICA;JARDIM BOTANICO;RUA VOLTA REDONDA;29;1 - Masculino;PARDA;Arma de Fogo;Via Pública
58267724;08/06/2025;07:30:57;Homicídio Doloso;CARIACICA;JARDIM DE ALAH;RUA J;23;1 - Masculino;NEGRA;Arma de Fogo;Estabelecimento Comercial
58284327;09/06/2025;23:15:00;Homicídio Doloso;MONTANHA;LAJEDO;RUA BEIRA RIO;38;1 - Masculino;PARDA;Arma de Fogo;Praça / Parques / Área Pública
58275124;09/06/2025;02:09:13;Homicídio Doloso;PANCAS;OPERARIO;RUA VIRGINIA MOREIRA;31;2 - Feminino;PARDA;Arma de Fogo;Domicílio
58281533;09/06/2025;16:47:39;Homicídio Doloso;VILA VELHA;PRAIA DA COSTA;AV CHAMPAGNAT;42;1 - Masculino;PARDA;Arma de Fogo;Curso D'água
58280818;09/06/2025;15:38:08;Homicídio Doloso;CARIACICA;SANTO ANDRE;RUA AIMORES;35;1 - Masculino;PARDA;Arma de Fogo;Domicílio
58282801;09/06/2025;19:06:49;Homicídio Doloso;CARIACICA;SAO FRANCISCO;RUA SANTA HELENA;33;1 - Masculino;BRANCA;Arma de Fogo;Via Pública
58277214;09/06/2025;10:04:12;Homicídio Doloso;SERRA;TAQUARA;RUA DOUTOR ARNALDO ANDRADE;47;1 - Masculino;NEGRA;Arma de Fogo;Via Pública
58288458;10/06/2025;12:41:58;Homicídio Doloso;LINHARES;PLANALTO;RUA WILSON MONTOVANELLI;15;1 - Masculino;PARDA;Arma de Fogo;Via Pública
58291305;10/06/2025;18:54:06;Homicídio Doloso;IRUPI;SANTA CLARA;RUA NÃO CADASTRADA;69;1 - Masculino;PARDA;Arma Branca;Via Pública
58306696;12/06/2025;13:03:03;Homicídio Doloso;VILA VELHA;SAO TORQUATO;RUA NÃO CADASTRADA;25;1 - Masculino;PARDA;Arma de Fogo;Via Pública
58317346;13/06/2025;17:37:07;Homicídio Doloso;SERRA;RESIDENCIAL MESTRE ALVARO;RUA CONSELHEIRO PENA;31;1 - Masculino;BRANCA;Arma de Fogo;Praça / Parques / Área Pública
58316416;13/06/2025;15:48:41;Homicídio Doloso;JAGUARE;SAO BRAS;RUA NÃO CADASTRADA;24;1 - Masculino;PARDA;Arma de Fogo;Via Pública
58318086;13/06/2025;18:59:24;Homicídio Doloso;CARIACICA;SOTELANDIA;AV IRACI CORTELETI;25;1 - Masculino;NEGRA;Arma de Fogo;Via Pública
58318086;13/06/2025;18:59:24;Homicídio Doloso;CARIACICA;SOTELANDIA;AV IRACI CORTELETI;30;1 - Masculino;NEGRA;Arma de Fogo;Via Pública
58334323;15/06/2025;17:39:34;Homicídio Doloso;SANTA TERESA;CENTENARIO;EST CORREGO SUJO;23;1 - Masculino;NEGRA;Arma Branca;Via Pública
58336874;16/06/2025;00:00:01;Homicídio Doloso;BARRA DE SAO FRANCISCO;COLINA;RUA NÃO CADASTRADA;24;1 - Masculino;PARDA;Arma de Fogo;Domicílio
58344028;16/06/2025;19:02:17;Homicídio Doloso;ALEGRE;VILA DO SUL;RUA GODOFREDO COSTA MENEZES;36;1 - Masculino;NEGRA;Arma Branca;Via Pública
58346954;17/06/2025;00:37:08;Homicídio Doloso;VILA VELHA;NORMILIA DA CUNHA;AV ALAGOAS;19;1 - Masculino;PARDA;Arma de Fogo;Via Pública
58347081;17/06/2025;01:16:37;Homicídio Doloso;VILA VELHA;NORMILIA DA CUNHA;RUA SAPUCAIA;18;1 - Masculino;PARDA;Arma de Fogo;Domicílio
58348157;17/06/2025;08:42:46;Homicídio Doloso;VILA VELHA;ULISSES GUIMARAES;AV EVALDO BRAGA;20;1 - Masculino;PARDA;Arma de Fogo;Via Pública
58364491;18/06/2025;23:56:01;Homicídio Doloso;CACHOEIRO DE ITAPEMIRIM;BNH;RUA ALAN KARDEC;35;2 - Feminino;PARDA;Arma de Fogo;Domicílio
58355827;18/06/2025;03:31:05;Homicídio Doloso;VITORIA;ENSEADA DO SUA;RUA NÃO CADASTRADA;37;1 - Masculino;PARDA;Arma Branca;Via Pública
58356792;18/06/2025;08:52:29;Homicídio Doloso;VILA VELHA;ULISSES GUIMARAES;RUA ELIS REGINA;17;1 - Masculino;PARDA;Arma de Fogo;Via Pública
58357566;18/06/2025;10:23:16;Homicídio Doloso;SAO MATEUS;ZONA RURAL;ROD BR 101;17;1 - Masculino;PARDA;Arma de Fogo;Via Pública
58358418;18/06/2025;11:45:07;Homicídio Doloso;SAO MATEUS;ZONA RURAL;ROD BR 101;23;1 - Masculino;PARDA;Arma de Fogo;Via Pública
58367120;19/06/2025;11:14:51;Homicídio Doloso;VITORIA;CONQUISTA;RUA SAO SEBASTIAO;23;1 - Masculino;PARDA;Arma de Fogo;Via Pública
58365237;19/06/2025;03:28:54;Homicídio Doloso;VILA VELHA;RIVIERA DA BARRA;ROD ES 060;32;1 - Masculino;PARDA;Arma de Fogo;Domicílio
58371210;19/06/2025;20:12:13;Homicídio Doloso;BAIXO GUANDU;SAPUCAIA;RUA QUINTINO BOCAIUVA;17;1 - Masculino;NEGRA;Arma de Fogo;Terreno Baldio / Construção / Mata
58379572;20/06/2025;21:31:48;Homicídio Doloso;SERRA;JACUHY;ROD BR 101;38;1 - Masculino;BRANCA;Arma Branca;Via Pública
58372461;20/06/2025;05:20:51;Homicídio Doloso;AGUIA BRANCA;ZONA RURAL;RUA NÃO CADASTRADA;33;1 - Masculino;BRANCA;Arma Branca;Via Pública
58381540;21/06/2025;01:29:38;Homicídio Doloso;VILA VELHA;GLORIA;AV CARLOS LINDEMBERG;23;1 - Masculino;PARDA;Arma Branca;Via Pública
58391203;22/06/2025;04:15:08;Homicídio Doloso;AFONSO CLAUDIO;SAO VICENTE;RUA DELZA TEIXEIRA DA SILVA;39;1 - Masculino;PARDA;Arma de Fogo;Via Pública
58408139;23/06/2025;22:48:34;Homicídio Doloso;VILA VELHA;COBILANDIA;AV RIO MARINHO;32;1 - Masculino;NEGRA;Arma de Fogo;Via Pública
58398583;23/06/2025;00:38:28;Homicídio Doloso;VILA VELHA;PONTA DA FRUTA;AV ANTONIO LEITE;18;1 - Masculino;PARDA;Arma de Fogo;Domicílio
57825743;24/06/2025;23:43:10;Homicídio Doloso;VIANA;VALE DO SOL;RUA DUQUE DE CAXIAS;16;1 - Masculino;PARDA;Arma Branca;Terreno Baldio / Construção / Mata
58420552;25/06/2025;11:47:05;Homicídio Doloso;CONCEICAO DA BARRA;ZONA RURAL;ROD ES 209;21;1 - Masculino;Não Informado;Arma de Fogo;Terreno Baldio / Construção / Mata
58426850;26/06/2025;07:10:03;Homicídio Doloso;ITAPEMIRIM;ITAIPAVA;RUA PROJETADA;30;1 - Masculino;PARDA;Arma de Fogo;Via Pública
58454143;28/06/2025;23:00:59;Homicídio Doloso;CARIACICA;CAMPINA GRANDE;RUA NÃO CADASTRADA;19;1 - Masculino;PARDA;Arma de Fogo;Via Pública
58446868;28/06/2025;06:40:56;Homicídio Doloso;PEDRO CANARIO;CENTRO;RUA VITORIA;32;1 - Masculino;PARDA;Arma de Fogo;Estabelecimento Comercial
58446317;28/06/2025;04:03:16;Homicídio Doloso;VILA VELHA;ULISSES GUIMARAES;RUA ADOLFO DE OLIVEIRA;39;1 - Masculino;PARDA;Arma de Fogo;Via Pública
58449024;28/06/2025;12:26:43;Homicídio Doloso;CARIACICA;VILA CAJUEIRO;RUA DEMERVAL VANZO;30;1 - Masculino;BRANCA;Fogo;Via Pública
58472030;30/06/2025;20:20:07;Homicídio Doloso;VILA VELHA;ATAIDE;BECO ILHA DAS FLORES;20;1 - Masculino;BRANCA;Arma de Fogo;Estabelecimento Comercial
58480356;01/07/2025;18:48:11;Homicídio Doloso;CARIACICA;FLEXAL I;RUA NÃO CADASTRADA;36;1 - Masculino;NEGRA;Arma de Fogo;Via Pública
58492244;03/07/2025;08:23:34;Homicídio Doloso;VILA VELHA;SANTA RITA;RUA IDALECIO CARONE;22;1 - Masculino;NEGRA;Arma de Fogo;Praça / Parques / Área Pública
58503569;04/07/2025;14:56:06;Homicídio Doloso;SAO MATEUS;GURIRI;ESTRADA DE BARRA SUL;17;1 - Masculino;NEGRA;Arma de Fogo;Via Pública
58511497;05/07/2025;13:51:01;Homicídio Doloso;NOVA VENECIA;BEIRA RIO;RUA PARANA;35;1 - Masculino;PARDA;Objeto Contundente;Domicílio
58507209;05/07/2025;10:53:00;Homicídio Doloso;CARIACICA;CARIACICA SEDE;RUA NÃO CADASTRADA;36;1 - Masculino;NEGRA;Arma Branca;Via Pública
58508286;05/07/2025;04:08:01;Homicídio Doloso;GUARAPARI;SAO JOSE;RUA SAO JORGE;18;2 - Feminino;PARDA;Arma Branca;Via Pública
58515872;05/07/2025;23:27:24;Homicídio Doloso;COLATINA;VILA LENIRA;RUA ANOTONIO FAUSTO;36;1 - Masculino;PARDA;Arma de Fogo;Via Pública
58455719;08/07/2025;02:31:39;Homicídio Doloso;GOVERNADOR LINDENBERG;NOVA BRASILIA;RUA SEBASTIÃO TEIXEIRA;47;1 - Masculino;NEGRA;Arma de Fogo;Via Pública
58538966;08/07/2025;18:10:27;Homicídio Doloso;SOORETAMA;SAYONARA;RUA NÃO CADASTRADA;26;1 - Masculino;PARDA;Arma Branca;Via Pública
58549466;09/07/2025;23:17:37;Homicídio Doloso;MARATAIZES;BARRA DE ITAPEMIRIM;RUA PEDRO MARVILA;21;1 - Masculino;PARDA;Arma de Fogo;Terreno Baldio / Construção / Mata
58550474;10/07/2025;07:23:06;Homicídio Doloso;VILA VELHA;BARRAMARES;RUA NÃO CADASTRADA;22;1 - Masculino;NEGRA;Arma de Fogo;Estabelecimento Comercial
58550508;10/07/2025;07:33:06;Homicídio Doloso;VILA VELHA;SAO CONRADO;AV RADIUM;20;1 - Masculino;BRANCA;Arma de Fogo;Domicílio
58552550;10/07/2025;11:16:32;Homicídio Doloso;GUARAPARI;VARZEA NOVA;RODOVIA DO SOL;29;1 - Masculino;PARDA;ESPANCAMENTO;Via Pública
58551218;10/07/2025;09:13:03;Homicídio Doloso;VILA VELHA;ZUMBI DOS PALMARES;RUA MARGARIDA;41;1 - Masculino;PARDA;Arma de Fogo;0
58565563;11/07/2025;19:55:25;Homicídio Doloso;PONTO BELO;CENTRO;AV CAPIXABA;24;1 - Masculino;PARDA;Arma de Fogo;Estabelecimento Comercial
58566880;11/07/2025;22:52:29;Homicídio Doloso;SERRA;NOVO HORIZONTE;RUA NÃO CADASTRADA;18;1 - Masculino;PARDA;Arma de Fogo;Praça / Parques / Área Pública
58566880;11/07/2025;22:52:29;Homicídio Doloso;SERRA;NOVO HORIZONTE;RUA NÃO CADASTRADA;35;1 - Masculino;NEGRA;Arma de Fogo;Praça / Parques / Área Pública
58566880;11/07/2025;22:52:29;Homicídio Doloso;SERRA;NOVO HORIZONTE;RUA NÃO CADASTRADA;35;1 - Masculino;PARDA;Arma de Fogo;Praça / Parques / Área Pública
58572181;12/07/2025;16:10:37;Homicídio Doloso;ITAPEMIRIM;LIMAO;RUA NÃO CADASTRADA;24;1 - Masculino;NEGRA;ESPANCAMENTO;Domicílio
58568464;12/07/2025;05:37:22;Homicídio Doloso;SAO MATEUS;NOVO HORIZONTE;RUA NÃO CADASTRADA;26;1 - Masculino;PARDA;Arma de Fogo;Via Pública
58568145;12/07/2025;03:18:41;Homicídio Doloso;JAGUARE;SEAC;RUA DA JAPIRA;23;1 - Masculino;PARDA;Arma Branca;Terreno Baldio / Construção / Mata
58570462;12/07/2025;12:09:47;Homicídio Doloso;RIO BANANAL;ZONA RURAL;RUA NÃO CADASTRADA;37;1 - Masculino;PARDA;Fogo;Via Pública
58577532;13/07/2025;05:04:30;Homicídio Doloso;VILA VELHA;BARRAMARES;AV BOA VISTA;47;1 - Masculino;NEGRA;Arma Branca;Via Pública
58543569;13/07/2025;10:52:27;Homicídio Doloso;PEDRO CANARIO;BOA VISTA;RUA NÃO CADASTRADA;29;1 - Masculino;PARDA;Arma de Fogo;Via Pública
58577161;13/07/2025;03:15:03;Homicídio Doloso;VILA VELHA;JOAO GOULART;RUA ERNESTO DINIZ;23;1 - Masculino;PARDA;Arma de Fogo;Terreno Baldio / Construção / Mata
58579647;13/07/2025;12:43:40;Homicídio Doloso;SERRA;SERRA DOURADA II;RUA GARDENIA;54;1 - Masculino;NEGRA;Arma Branca;Via Pública
58576034;13/07/2025;00:24:28;Homicídio Doloso;SAO MATEUS;VILA NOVA;AV BRASIL;19;1 - Masculino;PARDA;Arma de Fogo;Domicílio
58583151;14/07/2025;00:50:04;Homicídio Doloso;VITORIA;JESUS DE NAZARETH;RUA EUGENIO JOSE XAVIER;32;1 - Masculino;PARDA;Arma Branca;Via Pública
58592048;14/07/2025;23:56:30;Homicídio Doloso;VILA VELHA;ULISSES GUIMARAES;RUA PRES JOAO GOULART;25;1 - Masculino;PARDA;Arma de Fogo;Domicílio
58601255;15/07/2025;21:44:33;Homicídio Doloso;PEDRO CANARIO;EXPLANADA;ARTUR GUEDES ALCOFORADO;64;2 - Feminino;PARDA;Arma de Fogo;Terreno Baldio / Construção / Mata
58609024;16/07/2025;19:38:24;Homicídio Doloso;SERRA;BAIRRO DAS LARANJEIRAS;RUA DA CONSTITUINTE;26;1 - Masculino;PARDA;Arma de Fogo;Estabelecimento de Saúde
58609656;16/07/2025;21:18:14;Homicídio Doloso;VITORIA;ILHA DO PRINCIPE;RUA FENELOM GOMES;22;1 - Masculino;PARDA;Arma de Fogo;Via Pública
58606569;16/07/2025;22:31:55;Homicídio Doloso;SERRA;PARQUE JACARAIPE;RUA VITORIA;26;1 - Masculino;PARDA;Arma de Fogo;Ponte / Viaduto
58611247;17/07/2025;04:04:20;Feminicídio;AGUIA BRANCA;CENTRO;RUA SAO GABRIEL;88;2 - Feminino;BRANCA;Arma Branca;Via Pública
58612556;17/07/2025;13:58:54;Homicídio Doloso;NOVA VENECIA;VILA BETANIA;RUA NÃO CADASTRADA;21;1 - Masculino;PARDA;ESPANCAMENTO;CACHOEIRA
58626929;18/07/2025;19:19:37;Homicídio Doloso;SERRA;CASTELANDIA;RUA NÃO CADASTRADA;20;1 - Masculino;PARDA;ESPANCAMENTO;Via Pública
58627373;18/07/2025;20:14:28;Homicídio Doloso;SERRA;NOVA CARAPINA I;AV CATAGUASES;14;1 - Masculino;PARDA;Arma de Fogo;Domicílio
58624837;18/07/2025;15:46:45;Homicídio Doloso;VILA VELHA;RIO MARINHO;AV GUARANA;43;1 - Masculino;PARDA;ESPANCAMENTO;Via Pública
58624559;18/07/2025;15:09:15;Feminicídio;BOA ESPERANCA;ZONA RURAL;ROD ES 315;58;2 - Feminino;NEGRA;Veículo;Domicílio
58639365;20/07/2025;01:51:59;Homicídio Doloso;LINHARES;PONTAL DO IPIRANGA;RUA CASTANHEIRA;32;1 - Masculino;NEGRA;Arma de Fogo;Via Pública
58635045;20/07/2025;05:46:11;Homicídio Doloso;VITORIA;RESISTENCIA;RUA TANCREDO NEVES;22;1 - Masculino;NEGRA;Arma de Fogo;Via Pública
58646259;20/07/2025;22:27:45;Homicídio Doloso;VILA VELHA;SANTA PAULA I;ROD ES 060;39;1 - Masculino;PARDA;ESPANCAMENTO;Via Pública
58657133;22/07/2025;07:53:10;Homicídio Doloso;VIANA;CABRAL;ROD BR 262;53;1 - Masculino;PARDA;Ignorado / Não Informado;Unidade Prisional
58656475;22/07/2025;03:07:14;Homicídio Doloso;GUARAPARI;SANTA MONICA;RUA ESPIRITO SANTO;32;1 - Masculino;NEGRA;Arma Branca;Via Pública
58670344;23/07/2025;15:29:57;Homicídio Doloso;SERRA;BAIRRO DAS LARANJEIRAS;RUA 6;14;1 - Masculino;PARDA;Arma de Fogo;Via Pública
58670344;23/07/2025;15:29:57;Homicídio Doloso;SERRA;BAIRRO DAS LARANJEIRAS;RUA 6;15;1 - Masculino;NEGRA;Arma de Fogo;Via Pública
58668056;23/07/2025;11:19:36;Homicídio Doloso;GUARAPARI;SANTA ROSA;RUA NÃO CADASTRADA;19;1 - Masculino;PARDA;Objeto Contundente;Outros Locais
58681677;24/07/2025;20:22:34;Homicídio Doloso;ARACRUZ;BARRA DO RIACHO;RUA NÃO CADASTRADA;15;1 - Masculino;PARDA;Arma de Fogo;Via Pública
58684400;25/07/2025;08:55:46;Homicídio Doloso;PANCAS;MONTES CLAROS;RUA NÃO CADASTRADA;18;1 - Masculino;PARDA;Arma de Fogo;Domicílio
58690336;25/07/2025;08:44:02;Homicídio Doloso;GOVERNADOR LINDENBERG;NOVO BRASIL;RUA SEBASTIAO COVRE;36;1 - Masculino;NEGRA;Arma de Fogo;Via Pública
58690271;25/07/2025;08:43:43;Homicídio Doloso;COLATINA;VILA LENIRA;RUA SAO CARLOS;16;1 - Masculino;BRANCA;Arma de Fogo;Via Pública
58700660;26/07/2025;22:40:49;Homicídio Doloso;VILA VELHA;BALNEARIO PONTA DA FRUTA;RUA NÃO CADASTRADA;21;1 - Masculino;BRANCA;Arma Branca;Terreno Baldio / Construção / Mata
58693995;26/07/2025;07:41:00;Homicídio Doloso;VILA VALERIO;CORREGO LAMBARI;RUA NÃO CADASTRADA;22;1 - Masculino;NEGRA;Arma de Fogo;Domicílio
58695000;26/07/2025;10:48:40;Homicídio Doloso;LINHARES;PONTAL DO IPIRANGA;RUA NÃO CADASTRADA;36;1 - Masculino;PARDA;Arma de Fogo;Domicílio
58701310;27/07/2025;00:14:19;Homicídio Doloso;SAO MATEUS;BARRA NOVA;RUA NÃO CADASTRADA;30;1 - Masculino;PARDA;Arma de Fogo;Via Pública
58701277;27/07/2025;00:08:23;Homicídio Doloso;ALEGRE;MORRO DO QUEROSENE;RUA NÃO CADASTRADA;23;1 - Masculino;PARDA;Arma de Fogo;Via Pública
58705464;27/07/2025;14:47:40;Homicídio Doloso;BREJETUBA;ZONA RURAL;RUA NÃO CADASTRADA;42;1 - Masculino;PARDA;Arma de Fogo;Via Pública
58709630;28/07/2025;01:45:32;Homicídio Doloso;GUARAPARI;JABARAI;AV SANTA CRUZ;33;1 - Masculino;PARDA;Arma de Fogo;Via Pública
58711470;28/07/2025;09:46:59;Homicídio Doloso;JOAO NEIVA;SANTO AFONSO;AV PEDRO NARDE;23;1 - Masculino;PARDA;Arma de Fogo;Via Pública
58702612;30/07/2025;08:11:12;Homicídio Doloso;SERRA;CENTRO DA SERRA;ROD AUDIFAX BARCELOS;34;1 - Masculino;BRANCA;Fogo;Domicílio
58728377;30/07/2025;04:40:05;Homicídio Doloso;VILA VELHA;JABAETE;RUA TRINTA E CINCO;38;1 - Masculino;NEGRA;Fogo;Via Pública
58728321;30/07/2025;03:36:57;Homicídio Doloso;SERRA;JARDIM LIMOEIRO;RUA ANTONIO VELOZO DE AZEVEDO;43;1 - Masculino;PARDA;Arma Branca;Via Pública
58730044;30/07/2025;10:36:12;Homicídio Doloso;SERRA;PLANALTO SERRANO;AV SAO FRANCISCO;45;1 - Masculino;NEGRA;Arma de Fogo;Via Pública
58732432;30/07/2025;15:28:42;Homicídio Doloso;GUARAPARI;SANTA MONICA;RUA ANDALUZITA;50;1 - Masculino;BRANCA;Arma de Fogo;Estabelecimento Comercial
58743746;31/07/2025;21:37:04;Homicídio Doloso;SERRA;BALNEARIO DE CARAPEBUS;RUA DO VINHATICO;26;1 - Masculino;PARDA;Arma de Fogo;Via Pública
58736070;31/07/2025;00:02:00;Homicídio Doloso;PIUMA;CEU AZUL;RUA BELMONTE;21;1 - Masculino;PARDA;Arma de Fogo;Via Pública
58751335;01/08/2025;19:06:09;Homicídio Doloso;SERRA;PLANALTO SERRANO;AV BELA VISTA;20;1 - Masculino;BRANCA;Arma de Fogo;Terreno Baldio / Construção / Mata
58754664;02/08/2025;04:48:55;Homicídio Doloso;PRESIDENTE KENNEDY;JAQUEIRA;RUA NÃO CADASTRADA;27;1 - Masculino;PARDA;Arma de Fogo;Via Pública
58758204;02/08/2025;15:32:08;Homicídio Doloso;SERRA;JARDIM CARAPINA;RUA PORTO SEGURO;28;1 - Masculino;PARDA;Arma de Fogo;Via Pública
58758204;02/08/2025;15:32:08;Homicídio Doloso;SERRA;JARDIM CARAPINA;RUA NESTOR GUISSO;61;1 - Masculino;PARDA;Arma de Fogo;Via Pública
58760206;02/08/2025;22:33:59;Homicídio Doloso;SAO MATEUS;RESEDENCIAL PARQUE WASHIGTON;RUA NÃO CADASTRADA;39;1 - Masculino;PARDA;Arma Branca;Via Pública
58759528;02/08/2025;18:06:17;Homicídio Doloso;VITORIA;SAO JOSE;RUA WILSON TOLEDO;38;1 - Masculino;NEGRA;Arma de Fogo;Domicílio
58761541;03/08/2025;00:00:30;Homicídio Doloso;SAO GABRIEL DA PALHA;BOA VISTA;RUA BOA VISTA;34;1 - Masculino;PARDA;Arma de Fogo;Lago / Lagoa / Represa
58767184;03/08/2025;15:49:55;Homicídio Doloso;JAGUARE;BOA VISTA;RUA NÃO CADASTRADA;27;1 - Masculino;PARDA;ESPANCAMENTO;Domicílio
58762269;03/08/2025;00:00:31;Homicídio Doloso;SANTA LEOPOLDINA;CENTRO;RUA CEZAR MULLER;45;1 - Masculino;PARDA;Arma de Fogo;Via Pública
58717293;03/08/2025;06:23:05;Homicídio Doloso;SERRA;CIDADE POMAR;RUA NÃO CADASTRADA;20;1 - Masculino;PARDA;Arma de Fogo;Via Pública
58768993;03/08/2025;19:56:00;Homicídio Doloso;BREJETUBA;SAO JORGE;RUA PEDRO QUIRINO;56;1 - Masculino;BRANCA;Arma de Fogo;Domicílio
58771210;04/08/2025;04:16:31;Homicídio Doloso;LINHARES;AVISO;RUA MARIA FRANCISCA GABRIEL;24;1 - Masculino;NEGRA;Arma de Fogo;Via Pública
58773084;04/08/2025;10:39:50;Homicídio Doloso;VILA VELHA;GLORIA;RUA MARAJOARA;37;1 - Masculino;NEGRA;Arma de Fogo;Terreno Baldio / Construção / Mata
58787276;05/08/2025;21:25:29;Homicídio Doloso;VILA VELHA;ALECRIM;RUA AMERICO BERNARDES;18;1 - Masculino;PARDA;Arma de Fogo;Via Pública
58787378;05/08/2025;21:45:56;Homicídio Doloso;LINHARES;SANTA CRUZ;RUA ANTONIO CARLOS LOUREIRO;33;1 - Masculino;PARDA;Arma Branca;Via Pública
58795590;06/08/2025;20:50:57;Homicídio Doloso;CARIACICA;ITANGUA;RUA CLARICO ALVES RIBEIRO;47;1 - Masculino;NEGRA;Linchamento;Via Pública
58791311;06/08/2025;12:12:34;Feminicídio;SAO JOSE DO CALCADO;ZONA RURAL;X;64;2 - Feminino;BRANCA;Arma Branca;Domicílio
58797116;07/08/2025;04:09:24;Homicídio Doloso;MONTANHA;TRINTA DE MAIO;RUA NÃO CADASTRADA;54;1 - Masculino;PARDA;Arma de Fogo;Via Pública
58652433;08/08/2025;11:30:07;Homicídio Doloso;SERRA;BAIRRO DAS LARANJEIRAS;RUA SAO PAULO;18;1 - Masculino;PARDA;Arma de Fogo;Via Pública
58805902;08/08/2025;02:28:28;Homicídio Doloso;VIANA;MORADA DE VILA BETHANIA;RUA DOMINGOS MARTINS;33;1 - Masculino;NEGRA;Arma Branca;Terreno Baldio / Construção / Mata
58806152;08/08/2025;04:59:14;Homicídio Doloso;GOVERNADOR LINDENBERG;NOVO BRASIL;RUA NÃO CADASTRADA;37;1 - Masculino;PARDA;Arma de Fogo;Domicílio
58808412;08/08/2025;11:06:24;Homicídio Doloso;BAIXO GUANDU;SAO VICENTE;RUA CARLOS GOMES;19;1 - Masculino;PARDA;Arma de Fogo;Domicílio
58816473;09/08/2025;07:08:39;Homicídio Doloso;VIANA;CAMPO VERDE;RUA SANTA HELENA;45;1 - Masculino;PARDA;Arma de Fogo;Estabelecimento Comercial
58820400;09/08/2025;18:25:22;Homicídio Doloso;VITORIA;GOIABEIRAS;RUA HERMINIO COELHO DE SOUZA;20;1 - Masculino;NEGRA;Arma de Fogo;Via Pública
58818430;09/08/2025;14:35:30;Homicídio Doloso;VILA VELHA;PRIMEIRO DE MAIO;RUA ADOLFINO ZAMPROGNO;15;2 - Feminino;PARDA;Arma de Fogo;Via Pública
58818430;09/08/2025;14:10:48;Homicídio Doloso;VILA VELHA;PRIMEIRO DE MAIO;RUA ADOLFINO ZAMPROGNO;31;2 - Feminino;NEGRA;Arma de Fogo;Via Pública
58812606;09/08/2025;10:06:24;Homicídio Doloso;FUNDAO;ZONA RURAL;RUA NÃO CADASTRADA;43;1 - Masculino;PARDA;Arma de Fogo;Via Pública
58824957;10/08/2025;02:34:58;Homicídio Doloso;AGUIA BRANCA;CORREGO BOA VISTA DO ROCHEDO;RUA NÃO CADASTRADA;31;1 - Masculino;PARDA;Arma de Fogo;Outros Locais
58830612;10/08/2025;20:39:42;Homicídio Doloso;VILA VELHA;DIVINO ESPIRITO SANTO;RUA EUROPA;40;1 - Masculino;PARDA;Arma Branca;Via Pública
58829843;10/08/2025;17:28:27;Homicídio Doloso;SERRA;JARDIM CARAPINA;RUA BARRA DE SAO FRANCISCO;44;1 - Masculino;NEGRA;Arma Branca;Estabelecimento Comercial
58830457;11/08/2025;20:20:41;Homicídio Doloso;CARIACICA;SANTO ANDRE;RUA SAO JOAO;62;1 - Masculino;NEGRA;Arma Branca;Via Pública
58832661;11/08/2025;08:40:18;Feminicídio;SERRA;VISTA DA SERRA I;AV MANOEL JACINTO DA SILVA;27;2 - Feminino;BRANCA;Arma Branca;Via Pública
58845226;12/08/2025;15:55:10;Homicídio Doloso;ARACRUZ;VILA DO RIACHO;RUA PEDRO ARAUJO LEAL;26;1 - Masculino;NEGRA;Arma de Fogo;Via Pública
58878549;15/08/2025;09:53:00;Homicídio Doloso;AFONSO CLAUDIO;SAO VICENTE;RUA FELICIO PEREIRA DE SOUZA;22;1 - Masculino;PARDA;Arma Branca;Domicílio
58881193;16/08/2025;18:55:54;Homicídio Doloso;MUQUI;ALTO BOA ESPERANCA;RUA MANOEL MONTEIRO LOBATO;60;1 - Masculino;PARDA;Arma Branca;Via Pública
58880834;16/08/2025;18:11:41;Homicídio Doloso;SANTA LEOPOLDINA;VILA NOVA;RUA ADALBERTO FACCO;49;1 - Masculino;PARDA;Arma Branca;Via Pública
58883771;17/08/2025;00:24:54;Homicídio Doloso;CARIACICA;ITAQUARI;AV FLORIANO VAREJAO;16;1 - Masculino;PARDA;Arma de Fogo;Via Pública
58896697;18/08/2025;15:48:16;Homicídio Doloso;SANTA TERESA;ALTO SANTO ANTONIO;RUA NÃO CADASTRADA;43;1 - Masculino;PARDA;Arma de Fogo;Domicílio
58909776;20/08/2025;08:46:47;Feminicídio;PEDRO CANARIO;CAMATA;RUA PORTO AZUL;24;2 - Feminino;PARDA;Arma Branca;Via Pública
58915266;20/08/2025;19:43:16;Homicídio Doloso;CARIACICA;CRUZEIRO DO SUL;RUA NÃO CADASTRADA;44;1 - Masculino;NEGRA;Arma Branca;Terreno Baldio / Construção / Mata
58911047;20/08/2025;11:02:45;Homicídio Doloso;ARACRUZ;VILA NOVA;RUA FRANCISCO SIMOES BORGES;38;1 - Masculino;NEGRA;Veículo;Via Pública
58917671;21/08/2025;07:55:52;Homicídio Doloso;AFONSO CLAUDIO;SAO DOMINGOS DE BICABA;ESTRADA DE SAO DOMINGOS;53;1 - Masculino;NEGRA;Arma de Fogo;Via Pública
58934448;22/08/2025;22:41:49;Homicídio Doloso;SERRA;BALNEARIO DE CARAPEBUS;RUA DAS ACACIAS;28;1 - Masculino;PARDA;Arma de Fogo;Via Pública
58932447;22/08/2025;18:34:22;Homicídio Doloso;VILA VALERIO;BOA VISTA;RUA INDUSTRIAL;20;1 - Masculino;BRANCA;Arma de Fogo;Via Pública
58930088;22/08/2025;14:22:36;Homicídio Doloso;SERRA;LAGOA DE CARAPEBUS;RUA BEIJA FLOR;17;1 - Masculino;PARDA;Arma de Fogo;Via Pública
58933199;22/08/2025;20:14:37;Homicídio Doloso;SERRA;RESIDENCIAL JACARAIPE;RUA NELSON MONTEIRO;27;1 - Masculino;BRANCA;Arma de Fogo;Via Pública
58934279;22/08/2025;22:22:09;Homicídio Doloso;SAO MATEUS;VITORIA;RUA SATURNO;30;1 - Masculino;PARDA;Arma de Fogo;Domicílio
58936147;23/08/2025;04:03:34;Homicídio Doloso;CARIACICA;CASTELO BRANCO;RUA NOVA CINTRA;27;1 - Masculino;PARDA;Arma de Fogo;Domicílio
58940539;23/08/2025;16:09:11;Homicídio Doloso;VILA VELHA;COBILANDIA;AV JOAO FRANCISCO GONCALVES;21;1 - Masculino;PARDA;Arma de Fogo;Via Pública
58932820;23/08/2025;14:39:01;Homicídio Doloso;NOVA VENECIA;RUBIA;RUA CANAVIEIRAS;38;1 - Masculino;PARDA;Arma Branca;Ignorado
58945412;24/08/2025;03:49:46;Homicídio Doloso;MUCURICI;ALTO BONITO;RUA SAO PEDRO;25;1 - Masculino;PARDA;Arma de Fogo;Via Pública
58950273;24/08/2025;18:18:49;Homicídio Doloso;SERRA;CIDADE CONTINENTAL;X;6;2 - Feminino;PARDA;Arma de Fogo;Via Pública
58961164;25/08/2025;19:50:35;Homicídio Doloso;CARIACICA;NOVO BRASIL;X;42;2 - Feminino;PARDA;Arma de Fogo;Via Pública
58954426;25/08/2025;08:05:13;Homicídio Doloso;ECOPORANGA;SANTA TEREZINHA;RUA PRINCIPAL;26;1 - Masculino;NEGRA;Arma Branca;Estabelecimento de Saúde
58965842;26/08/2025;11:29:12;Homicídio Doloso;SERRA;CENTRAL CARAPINA;RUA NÃO CADASTRADA;21;1 - Masculino;PARDA;Arma de Fogo;Domicílio
58971687;26/08/2025;22:38:41;Homicídio Doloso;VIANA;NOVA BETHANIA;AV VESUVIO;33;1 - Masculino;BRANCA;Arma de Fogo;Domicílio
58965512;26/08/2025;10:52:25;Homicídio Doloso;VILA VELHA;SAO TORQUATO;RUA CRESCENCIO LIRIO;31;1 - Masculino;BRANCA;Arma de Fogo;Via Pública
58977877;27/08/2025;16:15:55;Homicídio Doloso;VITORIA;ILHA DO PRINCIPE;RUA ANTONIO MUNIZ;16;1 - Masculino;PARDA;Arma de Fogo;Via Pública
58972756;27/08/2025;06:14:55;Homicídio Doloso;CARIACICA;PORTO ENGENHO;ROD GOV MARIO COVAS;25;1 - Masculino;PARDA;Arma de Fogo;Estabelecimento Comercial
58987837;28/08/2025;17:23:07;Homicídio Doloso;ALTO RIO NOVO;CORREGO AGUA LIMPA;X;44;1 - Masculino;PARDA;Arma de Fogo;Via Pública
58987837;28/08/2025;17:23:07;Homicídio Doloso;ALTO RIO NOVO;CORREGO AGUA LIMPA;RUA NÃO CADASTRADA;48;2 - Feminino;PARDA;Arma de Fogo;Via Pública
58983690;28/08/2025;10:22:40;Homicídio Doloso;SERRA;VILA NOVA DE COLARES;RUA ALFREDO GALENO;;1 - Masculino;PARDA;Violência Física;Domicílio
58990703;29/08/2025;00:15:30;Homicídio Doloso;NOVA VENECIA;CENTRO;RUA RIACHO;53;1 - Masculino;PARDA;Arma Branca;Via Pública
58998238;29/08/2025;19:20:45;Homicídio Doloso;VILA VELHA;JABURUNA;AV VISTA LINDA;33;1 - Masculino;PARDA;Arma de Fogo;Domicílio
59009034;30/08/2025;23:26:01;Homicídio Doloso;MONTANHA;FUNDAO;RUA SANTA LEOPOLDINA;38;1 - Masculino;NEGRA;Arma de Fogo;Via Pública
59015542;31/08/2025;20:50:36;Homicídio Doloso;LINHARES;AVISO;RUA SERGIPE;57;1 - Masculino;PARDA;Objeto Contundente;Via Pública
59011441;31/08/2025;10:59:25;Feminicídio;COLATINA;QUINZE DE OUTUBRO;X;20;2 - Feminino;BRANCA;Arma de Fogo;Via Pública
59016897;01/09/2025;00:36:05;Homicídio Doloso;SERRA;NOVA CARAPINA I;AV BELO HORIZONTE;37;1 - Masculino;PARDA;Arma de Fogo;Terreno Baldio / Construção / Mata
59051130;04/09/2025;20:40:06;Homicídio Doloso;CARIACICA;NOVA ROSA DA PENHA;RUA VINTE E QUATRO;41;1 - Masculino;NEGRA;Arma de Fogo;Via Pública
59063136;06/09/2025;07:28:15;Homicídio Doloso;PIUMA;CEU AZUL;RUA PRINCIPAL;50;1 - Masculino;AMARELA;Arma de Fogo;Estabelecimento Comercial
59062335;06/09/2025;02:29:57;Homicídio Doloso;SERRA;VILA NOVA DE COLARES;AV PRESIDENTE MEDICE;38;1 - Masculino;PARDA;Objeto Contundente;Via Pública
59070152;06/09/2025;22:16:37;Homicídio Doloso;LINHARES;ZONA RURAL;ROD ES 245;46;1 - Masculino;PARDA;Objeto Contundente;Via Pública
59078172;07/09/2025;20:39:01;Feminicídio;CARIACICA;BUBU;RUA SAO LUIZ;43;2 - Feminino;PARDA;Arma Branca;Terreno Baldio / Construção / Mata
59071607;07/09/2025;01:44:56;Homicídio Doloso;SAO GABRIEL DA PALHA;CACHOEIRA DA ONCA;AV FRANCISCO RONDELLI;22;1 - Masculino;BRANCA;Arma de Fogo;Domicílio
59078095;07/09/2025;20:28:41;Homicídio Doloso;BARRA DE SAO FRANCISCO;CAMPO NOVO;RUA FILOMENA DOS ANJOS;41;1 - Masculino;BRANCA;Arma de Fogo;Via Pública
59071213;07/09/2025;00:34:42;Homicídio Doloso;VITORIA;REDENCAO;RUA PASTOR DANIEL FELIPE;23;1 - Masculino;PARDA;Arma de Fogo;Via Pública
59072126;07/09/2025;04:08:59;Homicídio Doloso;SERRA;SERRA DOURADA II;RUA RODRIGUES TAVARES;44;1 - Masculino;BRANCA;Arma Branca;Via Pública
59080332;08/09/2025;09:18:50;Homicídio Doloso;CARIACICA;CARIACICA SEDE;RUA SANTA CATARINA;37;1 - Masculino;PARDA;Arma de Fogo;Estabelecimento Comercial
59085078;08/09/2025;21:26:43;Homicídio Doloso;NOVA VENECIA;SANTO ANTONI DO QUINZE;NA ESTRADA DE PATRIMONIO DO XV;25;1 - Masculino;PARDA;Arma de Fogo;Via Pública
59080920;08/09/2025;12:27:40;Homicídio Doloso;CARIACICA;TUCUM;AV FLORENTINO AVIDOS;20;1 - Masculino;PARDA;Arma de Fogo;Via Pública
59080920;08/09/2025;12:27:40;Homicídio Doloso;CARIACICA;TUCUM;AV FLORENTINO AVIDOS;27;2 - Feminino;PARDA;Arma de Fogo;Via Pública
59080127;08/09/2025;08:25:07;Homicídio Doloso;RIO BANANAL;ZONA RURAL;ROD ES 245;42;1 - Masculino;PARDA;Arma Branca;Domicílio
59084779;08/09/2025;20:35:57;Homicídio Doloso;IUNA;ZONA RURAL;RUA NÃO CADASTRADA;48;1 - Masculino;NEGRA;Arma de Fogo;Terreno Baldio / Construção / Mata
59089990;09/09/2025;13:19:20;Homicídio Doloso;SERRA;ZONA RURAL;AV AUDIFAX BARCELOS;32;1 - Masculino;PARDA;Arma de Fogo;Via Pública
59104253;10/09/2025;22:11:47;Homicídio Doloso;GUARAPARI;BELA VISTA;RUA JARDIM DO EDEM;25;1 - Masculino;PARDA;Arma de Fogo;Via Pública
59110747;11/09/2025;16:38:50;Homicídio Doloso;VIANA;AREINHA;AV GUARAPARI;36;1 - Masculino;NEGRA;Arma de Fogo;Via Pública
59113713;11/09/2025;22:33:33;Homicídio Doloso;SERRA;BALNEARIO DE CARAPEBUS;RUA DA ACACIA;30;1 - Masculino;PARDA;Arma de Fogo;Domicílio
59115509;12/09/2025;08:00:17;Homicídio Doloso;CONCEICAO DO CASTELO;FORMOSA;ESTRADA FORMOSA;49;1 - Masculino;PARDA;Arma Branca;Terreno Baldio / Construção / Mata
59116633;12/09/2025;10:16:59;Homicídio Doloso;SAO MATEUS;SANTA MARIA;RUA DO CAMPO;27;1 - Masculino;PARDA;Arma de Fogo;Domicílio
59129268;13/09/2025;16:49:30;Homicídio Doloso;LINHARES;CENTRO;AV GOVERNADOR LINDEMBERG;42;1 - Masculino;PARDA;Arma Branca;Via Pública
59127994;13/09/2025;13:50:51;Homicídio Doloso;SAO MATEUS;MORADA DO LAGO;RUA SAO MARCOS;47;1 - Masculino;PARDA;Arma de Fogo;Via Pública
59128524;13/09/2025;15:07:17;Homicídio Doloso;SAO MATEUS;MORADA DO LAGO;AV SAO JOAO;26;1 - Masculino;PARDA;Arma de Fogo;Via Pública
59124596;13/09/2025;02:56:01;Homicídio Doloso;SAO DOMINGOS DO NORTE;NITEROI;RUA NÃO CADASTRADA;54;1 - Masculino;NEGRA;Arma Branca;Via Pública
59139723;14/09/2025;20:35:36;Feminicídio;CONCEICAO DO CASTELO;BOA ESPERANÇA;X;33;2 - Feminino;NEGRA;Arma Branca;Via Pública
59136792;14/09/2025;14:53:16;Homicídio Doloso;ITAPEMIRIM;CENTRO;RUA NÃO CADASTRADA;29;1 - Masculino;PARDA;Arma de Fogo;Praça / Parques / Área Pública
59133368;14/09/2025;03:20:39;Homicídio Doloso;SERRA;CIDADE POMAR;RUA LARANJEIRAS;38;1 - Masculino;PARDA;Arma Branca;Via Pública
59133368;14/09/2025;03:20:39;Homicídio Doloso;SERRA;CIDADE POMAR;RUA PARAJU;41;1 - Masculino;NEGRA;Linchamento;Via Pública
59138687;14/09/2025;18:31:49;Homicídio Doloso;ARACRUZ;SEGATO;RUA TEREZA ZANCHETTA;31;1 - Masculino;PARDA;Arma de Fogo;Estabelecimento Comercial
59139666;14/09/2025;20:31:01;Homicídio Doloso;VILA VELHA;VALE ENCANTADO;RUA NÃO CADASTRADA;44;1 - Masculino;BRANCA;Arma de Fogo;Via Pública
59151364;16/09/2025;06:12:00;Homicídio Doloso;VILA VELHA;PONTAL DAS GARCAS;EST DO DIQUE;38;1 - Masculino;PARDA;Arma de Fogo;Via Pública
59158004;16/09/2025;19:15:51;Homicídio Doloso;VILA VELHA;RIO MARINHO;RUA PIABINHA;25;1 - Masculino;PARDA;Arma de Fogo;Estabelecimento Comercial
59165768;17/09/2025;16:51:17;Homicídio Doloso;ARACRUZ;CENTRO;RUA PADRE LUIZ PARENZI;29;1 - Masculino;PARDA;Arma Branca;Via Pública
59165682;17/09/2025;16:42:53;Homicídio Doloso;CARIACICA;SANTO ANDRE;RUA CAMPINAS;28;1 - Masculino;PARDA;Arma de Fogo;Via Pública
59129430;18/09/2025;17:11:21;Homicídio Doloso;COLATINA;HONORIO FRAGA;RUA THEODORO FRAGA;23;1 - Masculino;PARDA;Arma de Fogo;Domicílio
59174947;18/09/2025;16:35:17;Homicídio Doloso;SERRA;RESIDENCIAL VISTA DO MESTRE;RUA ALBERTO BARBOSA;40;1 - Masculino;NEGRA;Arma Branca;Via Pública
59172867;18/09/2025;13:05:39;Homicídio Doloso;GUARAPARI;SETIBA;RUA OCARLINA LOPES PEREIRA;73;1 - Masculino;BRANCA;Arma de Fogo;Via Pública
59186782;19/09/2025;18:09:33;Homicídio Doloso;GUARAPARI;COROADO;AV ELIZIARIO LOURENCO DIAS;22;1 - Masculino;PARDA;Arma de Fogo;Via Pública
59179014;19/09/2025;00:58:19;Homicídio Doloso;SERRA;NOVA CARAPINA;AV BELO HORIZONTE;21;1 - Masculino;PARDA;Arma Branca;Via Pública
59179704;19/09/2025;05:20:25;Homicídio Doloso;LINHARES;SANTA CRUZ;AV ABIGAIL FERREIRA LIMA;40;1 - Masculino;NEGRA;Linchamento;Estabelecimento Comercial
59196102;20/09/2025;19:12:30;Homicídio Doloso;SAO MATEUS;FATIMA;RUA JOSE DAHER;24;1 - Masculino;PARDA;Arma de Fogo;Outros Locais
59194507;20/09/2025;15:57:26;Homicídio Doloso;AFONSO CLAUDIO;PIRACEMA;RUA NÃO CADASTRADA;33;1 - Masculino;BRANCA;Arma Branca;Via Pública
59190174;20/09/2025;02:34:08;Homicídio Doloso;LINHARES;SANTA CRUZ;ROD BR 101;57;1 - Masculino;BRANCA;Asfixia;Estabelecimento Comercial
59204083;21/09/2025;17:30:35;Homicídio Doloso;VILA VELHA;ILHA DA CONCEICAO;EST CAPUABA;56;1 - Masculino;PARDA;Objeto Contundente;Curso D'água
59216312;22/09/2025;22:33:30;Homicídio Doloso;CONCEICAO DA BARRA;FLORESTA;AV ANISIO DA CUNHA;27;1 - Masculino;PARDA;Arma de Fogo;Via Pública
59229204;24/09/2025;13:25:06;Homicídio Doloso;GUARAPARI;ADALBERTO SIMAO NADER;RUA OSCAR;17;1 - Masculino;NEGRA;Arma de Fogo;Via Pública
59226159;24/09/2025;06:34:40;Homicídio Doloso;SAO MATEUS;SANTA MARIA;RUA PROJETADA;31;1 - Masculino;PARDA;Arma de Fogo;Domicílio
59242041;25/09/2025;22:32:39;Homicídio Doloso;VILA VELHA;VALE ENCANTADO;AV SAO GABRIEL DA PALHA;25;1 - Masculino;PARDA;Arma de Fogo;Via Pública
59246387;26/09/2025;15:42:24;Homicídio Doloso;VILA VELHA;SANTA CLARA;RUA ALICE NUNES KULL;43;1 - Masculino;PARDA;Arma de Fogo;Via Pública
59245937;26/09/2025;14:57:30;Homicídio Doloso;COLATINA;SAO SILVANO;ROD DO CAFE;46;1 - Masculino;PARDA;Arma de Fogo;Estabelecimento Comercial
59250788;27/09/2025;01:23:39;Homicídio Doloso;SERRA;BICANGA;AV MERIDIONAL;37;1 - Masculino;PARDA;Arma de Fogo;Via Pública
59262059;28/09/2025;11:37:48;Homicídio Doloso;LINHARES;AVISO;RUA NÃO CADASTRADA;16;1 - Masculino;PARDA;Arma de Fogo;Via Pública
59263703;28/09/2025;15:44:53;Homicídio Doloso;IBIRACU;BELA VISTA;RUA RAIMUNDO ALGOSTINI LOCATELLI;15;1 - Masculino;PARDA;Arma de Fogo;Terreno Baldio / Construção / Mata
59263450;28/09/2025;15:05:40;Homicídio Doloso;CACHOEIRO DE ITAPEMIRIM;BURARAMA;RUA NÃO CADASTRADA;35;1 - Masculino;BRANCA;Arma de Fogo;Unidade Prisional
59259948;28/09/2025;02:19:49;Homicídio Doloso;ARACRUZ;CUPIDO;AV GERALDO MATIAS;40;1 - Masculino;PARDA;Arma Branca;Via Pública
59267636;29/09/2025;04:39:26;Homicídio Doloso;SERRA;BALNEARIO DE CARAPEBUS;RUA NÃO CADASTRADA;17;1 - Masculino;PARDA;Arma de Fogo;Domicílio
59267636;29/09/2025;04:39:26;Homicídio Doloso;SERRA;BALNEARIO DE CARAPEBUS;RUA NÃO CADASTRADA;26;1 - Masculino;PARDA;Arma de Fogo;Domicílio
59271701;29/09/2025;14:19:57;Homicídio Doloso;SERRA;PARQUE JACARAIPE;AV NOSSA SENHORA DOS NAVEGANTES;26;1 - Masculino;PARDA;Objeto Contundente;Via Pública
59283617;01/10/2025;11:27:57;Homicídio Doloso;VILA VELHA;ALECRIM;RUA REPUBLICA;31;1 - Masculino;PARDA;Arma de Fogo;Domicílio
59280141;01/10/2025;00:51:50;Feminicídio;RIO BANANAL;ZONA RURAL;X;29;2 - Feminino;PARDA;Arma Branca;Domicílio
59297184;02/10/2025;20:29:28;Homicídio Doloso;LINHARES;AVISO;AV MIGUEL TEIXEIRA DE SA;19;1 - Masculino;PARDA;Arma de Fogo;Via Pública
59297308;02/10/2025;20:48:38;Homicídio Doloso;CARIACICA;GRAUNA;RUA PRIMEIRO DE MAIO;25;1 - Masculino;PARDA;Arma de Fogo;Terreno Baldio / Construção / Mata
59299108;03/10/2025;04:04:27;Homicídio Doloso;VILA VELHA;JARDIM MARILANDIA;RUA GRANDE VITORIA;28;1 - Masculino;PARDA;Arma de Fogo;Via Pública
59299221;03/10/2025;05:13:18;Homicídio Doloso;VIANA;MORADA DE VILA BETHANIA;RUA NÃO CADASTRADA;36;1 - Masculino;PARDA;Arma de Fogo;Terreno Baldio / Construção / Mata
59315321;04/10/2025;20:09:02;Homicídio Doloso;GUARAPARI;PEROCAO;RUA ENGENHEIRO MOREIRA CALDAS;36;1 - Masculino;PARDA;Objeto Contundente;Via Pública
59308972;04/10/2025;06:26:06;Homicídio Doloso;CARIACICA;PORTO BELO;ROD BR 101;23;1 - Masculino;PARDA;Arma de Fogo;Domicílio
59316265;04/10/2025;22:01:40;Homicídio Doloso;LINHARES;SANTA CRUZ;AV ADEMAR LUIZ PIANA;29;1 - Masculino;NEGRA;Arma de Fogo;Domicílio
59315069;04/10/2025;19:33:47;Homicídio Doloso;SANTA MARIA DE JETIBA;SAO LUIS;RUA HENRIQUE JOAO JULIO KUSTER;25;1 - Masculino;BRANCA;Arma de Fogo;Via Pública
59312981;04/10/2025;15:52:23;Homicídio Doloso;ARACRUZ;VILA DO RIACHO;RUA PEDRI ARAUJO LEAL;41;1 - Masculino;PARDA;Arma de Fogo;Domicílio
59299108;05/10/2025;04:04:27;Homicídio Doloso;VILA VELHA;JARDIM MARILANDIA;RUA GRANDE VITORIA;49;1 - Masculino;PARDA;Arma de Fogo;Via Pública
59318320;05/10/2025;05:41:48;Feminicídio;CARIACICA;ROSA DA PENHA;RUA DOM PEDRO II;20;2 - Feminino;PARDA;Asfixia;Via Pública
59323370;05/10/2025;18:26:16;Homicídio Doloso;SERRA;SERRA DOURADA II;AV GOIANIA;48;1 - Masculino;BRANCA;ESPANCAMENTO;Domicílio
59326131;06/10/2025;03:53:33;Homicídio Doloso;MARILANDIA;ZONA RURAL;RUA NÃO CADASTRADA;24;1 - Masculino;PARDA;Arma Branca;Domicílio
59342075;07/10/2025;18:33:15;Homicídio Doloso;ANCHIETA;ZONA RURAL;RUA NÃO CADASTRADA;26;1 - Masculino;PARDA;Arma Branca;Via Pública
59352457;08/10/2025;21:44:43;Homicídio Doloso;JAGUARE;VARGEM GRANDE;RUA NÃO CADASTRADA;39;1 - Masculino;PARDA;Arma Branca;Unidade Prisional
59343817;10/10/2025;03:02:00;Homicídio Doloso;VILA VELHA;RESIDENCIAL JABAETE;RUA NÃO CADASTRADA;29;1 - Masculino;PARDA;Arma de Fogo;Domicílio
59363462;10/10/2025;09:10:02;Feminicídio;GUARAPARI;SANTA MONICA;RUA ANTONIO FERREIRA DE ARAUJO;80;2 - Feminino;BRANCA;Arma Branca;Via Pública
59365224;10/10/2025;12:16:19;Homicídio Doloso;IBITIRAMA;ZONA RURAL;RUA NÃO CADASTRADA;49;1 - Masculino;BRANCA;Ignorado / Não Informado;Via Pública
59369220;10/10/2025;19:52:06;Homicídio Doloso;VENDA NOVA DO IMIGRANTE;ZONA RURAL;RUA TRANSVERSAL;34;1 - Masculino;BRANCA;Arma Branca;Domicílio
59379176;11/10/2025;21:43:59;Homicídio Doloso;VIANA;IPANEMA;RUA DIAMANTINA;27;1 - Masculino;PARDA;Objeto Doméstico;Via Pública
59372462;11/10/2025;07:02:17;Homicídio Doloso;CARIACICA;SANTA LUZIA;RUA NÃO CADASTRADA;27;1 - Masculino;PARDA;Arma de Fogo;Domicílio
59370116;11/10/2025;00:33:00;Homicídio Doloso;CONCEICAO DA BARRA;SAO JORGE;RUA ERIVALDO BARBOSA;33;1 - Masculino;NEGRA;Arma de Fogo;Domicílio
59380053;11/10/2025;23:31:30;Homicídio Doloso;PINHEIROS;VILA NOVA;RUA CARLOS CASTRO;21;1 - Masculino;PARDA;Arma de Fogo;Via Pública
59386766;12/10/2025;19:02:42;Homicídio Doloso;COLATINA;AYRTON SENNA;RUA JOSE PAIVA;42;1 - Masculino;PARDA;Arma Branca;Domicílio
59382765;12/10/2025;10:43:27;Homicídio Doloso;VILA VELHA;BOA VISTA I;RUA JOSE DE ALENCAR;33;1 - Masculino;PARDA;Arma de Fogo;Domicílio
59380330;12/10/2025;00:00:56;Homicídio Doloso;VARGEM ALTA;CENTRO;RUA ANTONIO JOSE COELHO;42;1 - Masculino;Prejudicado;Arma Branca;Via Pública
59380663;12/10/2025;00:56:22;Homicídio Doloso;VILA VELHA;SANTA RITA;RUA SANTO ANDRE;22;1 - Masculino;PARDA;Arma Branca;Via Pública
59380690;12/10/2025;01:22:59;Homicídio Doloso;IRUPI;ZONA RURAL;RUA NÃO CADASTRADA;32;1 - Masculino;BRANCA;Arma Branca;Via Pública
59380980;12/10/2025;02:39:53;Homicídio Doloso;MONTANHA;ZONA RURAL;ROD EDSON ANTONIO TEIXEIRA REZENDE;20;1 - Masculino;PARDA;Arma de Fogo;Domicílio
59393031;13/10/2025;12:28:28;Homicídio Doloso;LINHARES;ZONA RURAL;ROD ES 440;48;1 - Masculino;PARDA;Objeto Contundente;Via Pública
59402869;14/10/2025;13:55:25;Homicídio Doloso;SAO MATEUS;VITORIA;RUA GALAXIA;25;1 - Masculino;PARDA;Arma de Fogo;Domicílio
59406175;15/10/2025;19:53:49;Homicídio Doloso;LINHARES;CENTRO;ROD BR 101;41;1 - Masculino;PARDA;Arma Branca;Via Pública
59407946;15/10/2025;02:33:43;Homicídio Doloso;VILA VELHA;JARDIM MARILANDIA;RUA ARARE;43;1 - Masculino;PARDA;Arma de Fogo;Via Pública
59412316;16/10/2025;17:57:46;Homicídio Doloso;BARRA DE SAO FRANCISCO;PAULISTA;RUA NÃO CADASTRADA;43;1 - Masculino;NEGRA;Arma de Fogo;Outros Locais
59416584;16/10/2025;00:23:11;Homicídio Doloso;LINHARES;ZONA RURAL;ROD ES 248;29;1 - Masculino;PARDA;Arma Branca;Estabelecimento Comercial
59437096;18/10/2025;05:58:57;Homicídio Doloso;CARIACICA;BELA AURORA;RUA AUGUSTO CAMPOS COGO;20;1 - Masculino;PARDA;Arma de Fogo;Via Pública
59442771;18/10/2025;19:05:57;Homicídio Doloso;SAO GABRIEL DA PALHA;JOAO COLOMBI;RUA MARCELINO CHAGAS;24;1 - Masculino;BRANCA;Arma de Fogo;Via Pública
59441779;18/10/2025;17:21:30;Homicídio Doloso;SAO MATEUS;NESTOR GOMES;ROD BR 381;19;1 - Masculino;PARDA;Arma de Fogo;Via Pública
59435769;18/10/2025;00:09:50;Homicídio Doloso;SAO GABRIEL DA PALHA;ZONA RURAL;RUA NÃO CADASTRADA;24;1 - Masculino;PARDA;Arma de Fogo;Terreno Baldio / Construção / Mata
59441059;18/10/2025;15:53:38;Homicídio Doloso;LINHARES;ZONA RURAL;RUA NÃO CADASTRADA;25;1 - Masculino;PARDA;Arma de Fogo;Via Pública
59446597;19/10/2025;06:30:29;Homicídio Doloso;ITAPEMIRIM;ITAIPAVA;RUA NÃO CADASTRADA;25;1 - Masculino;PARDA;Arma de Fogo;Via Pública
59458404;20/10/2025;16:43:47;Homicídio Doloso;SERRA;BALNEARIO DE CARAPEBUS;RUA ALFREDO RODRIGUES DOS SANTOS;24;1 - Masculino;BRANCA;Arma de Fogo;Domicílio
59461175;21/10/2025;00:04:41;Homicídio Doloso;CARIACICA;CAMPINA GRANDE;RUA BOM PASTOR;28;1 - Masculino;PARDA;Arma de Fogo;Terreno Baldio / Construção / Mata
59468965;21/10/2025;21:19:41;Homicídio Doloso;LINHARES;NOVA ESPERANCA;RUA SANTA RITA;16;1 - Masculino;PARDA;Arma de Fogo;Domicílio
59461229;21/10/2025;00:21:36;Homicídio Doloso;CARIACICA;SANTA BARBARA;RUA NÃO INFORMADA;32;1 - Masculino;PARDA;Arma de Fogo;Via Pública
59477785;22/10/2025;22:25:03;Homicídio Doloso;SERRA;BAIRRO DAS LARANJEIRAS;RUA SAO PAULO;40;2 - Feminino;PARDA;Arma de Fogo;Estabelecimento Comercial
59476909;22/10/2025;23:03:01;Homicídio Doloso;MANTENOPOLIS;IPIRANGA;RUA NÃO CADASTRADA;17;1 - Masculino;PARDA;Arma de Fogo;Via Pública
59476625;22/10/2025;19:33:52;Homicídio Doloso;SERRA;MARINGA;RUA PERIMETRAL;34;1 - Masculino;BRANCA;Arma de Fogo;Praça / Parques / Área Pública
59477785;23/10/2025;17:54:14;Homicídio Doloso;SERRA;BAIRRO DAS LARANJEIRAS;RUA SAO PAULO;36;1 - Masculino;NEGRA;Arma de Fogo;Estabelecimento Comercial
59478369;23/10/2025;00:12:50;Homicídio Doloso;SAO MATEUS;RESIDENCIAL COLINA;RUA MACHADO DE ASSIS;32;1 - Masculino;PARDA;Arma de Fogo;Terreno Baldio / Construção / Mata
59487264;24/10/2025;05:49:38;Homicídio Doloso;SERRA;NOVO HORIZONTE;AV BRASIL;46;1 - Masculino;PARDA;Arma de Fogo;Via Pública
59490765;24/10/2025;14:15:13;Homicídio Doloso;VILA VELHA;PRAIA DA COSTA;RUA SAO PAULO;;;;Arma de Fogo;Outros Locais
59499167;25/10/2025;13:58:09;Homicídio Doloso;AFONSO CLAUDIO;VISTA ALEGRE;RUA NÃO CADASTRADA;;1 - Masculino;;Arma Branca;Estabelecimento Comercial
59512069;26/10/2025;22:48:15;Homicídio Doloso;ITAPEMIRIM;CAMPO ACIMA;RUA ONESIO PINTO;41;1 - Masculino;PARDA;Arma de Fogo;Ignorado
59511986;26/10/2025;22:36:43;Homicídio Doloso;CARIACICA;CARIACICA SEDE;ROD GOV JOSE SETTE;22;1 - Masculino;PARDA;Arma de Fogo;Estabelecimento Comercial
59511986;26/10/2025;22:36:43;Homicídio Doloso;CARIACICA;CARIACICA SEDE;ROD GOV JOSE SETTE;34;1 - Masculino;PARDA;Arma de Fogo;Estabelecimento Comercial
59510910;26/10/2025;20:04:37;Homicídio Doloso;VIANA;NOVA BETHANIA;RUA SAO CRISTOVAO;24;1 - Masculino;PARDA;Arma de Fogo;Via Pública
59510555;26/10/2025;22:02:27;Homicídio Doloso;SAO ROQUE DO CANAA;SAGRADO;RUA NÃO CADASTRADA;71;1 - Masculino;BRANCA;Arma de Fogo;Via Pública
59508920;26/10/2025;16:13:38;Homicídio Doloso;ARACRUZ;SEGATO;RUA WILSON ROGERIO LOUREIRO;17;1 - Masculino;PARDA;Arma de Fogo;Via Pública
59515970;27/10/2025;13:22:21;Homicídio Doloso;VILA VELHA;ARACAS;RUA LIMA;46;1 - Masculino;PARDA;Arma de Fogo;Domicílio
59519032;27/10/2025;20:00:41;Homicídio Doloso;VILA VELHA;ILHA DOS AYRES;AV GONÇAVES LEDO;20;1 - Masculino;BRANCA;Linchamento;Via Pública
59517869;27/10/2025;17:33:00;Homicídio Doloso;CARIACICA;NOVA ROSA DA PENHA;RUA NOVENTA E DOIS;17;1 - Masculino;PARDA;Arma de Fogo;Via Pública
59513581;27/10/2025;07:39:39;Homicídio Doloso;CARIACICA;RETIRO SAUDOSO;RUA VINTE E CINCO DE DEZEMBRO;19;1 - Masculino;NEGRA;Arma de Fogo;Via Pública
59537783;29/10/2025;19:48:49;Homicídio Doloso;SAO GABRIEL DA PALHA;CACHOEIRA DA ONCA;RUA AMANCIO PEREIRA;31;1 - Masculino;PARDA;Arma de Fogo;Via Pública
59537030;29/10/2025;18:21:57;Feminicídio;VILA VELHA;DIVINO ESPIRITO SANTO;RUA EMILIA ESPIRITO SANTO;66;2 - Feminino;PARDA;Asfixia;Domicílio
59535426;29/10/2025;14:54:33;Homicídio Doloso;CARIACICA;SANTA BARBARA;RUA LUIS PAULINO;24;1 - Masculino;PARDA;Arma de Fogo;Praça / Parques / Área Pública
59545887;30/10/2025;18:09:41;Homicídio Doloso;CARIACICA;JARDIM BOTANICO;RUA DA PAZ;19;1 - Masculino;PARDA;Arma de Fogo;Via Pública
59545887;30/10/2025;18:09:41;Homicídio Doloso;CARIACICA;JARDIM BOTANICO;RUA DA PAZ;20;1 - Masculino;NEGRA;Arma de Fogo;Via Pública
59540854;30/10/2025;08:43:44;Homicídio Doloso;SAO MATEUS;SEAC;RUA RBC;37;1 - Masculino;PARDA;Arma de Fogo;Domicílio
59554452;31/10/2025;18:57:01;Homicídio Doloso;ARACRUZ;COQUEIRAL;RUA NÃO CADASTRADA;47;1 - Masculino;PARDA;ESPANCAMENTO;Mar
59553105;31/10/2025;16:24:50;Homicídio Doloso;VILA VELHA;VALE ENCANTADO;RUA VITORIA DA CONQUISTA;34;1 - Masculino;PARDA;Arma de Fogo;Via Pública
59556365;31/10/2025;23:03:24;Homicídio Doloso;VILA VELHA;XURY;RUA NÃO CADASTRADA;41;1 - Masculino;PARDA;ESPANCAMENTO;Unidade Prisional
59563024;01/11/2025;19:12:04;Homicídio Doloso;CARIACICA;SANTO ANTONIO;AV SAO PAULO;39;1 - Masculino;PARDA;Arma Branca;Via Pública
59568250;02/11/2025;11:32:09;Homicídio Doloso;CACHOEIRO DE ITAPEMIRIM;AQUIDABAN;RUA SAMUEL LEVY;35;1 - Masculino;NEGRA;Objeto Contundente;Via Pública
59565462;02/11/2025;00:27:08;Homicídio Doloso;SERRA;BARCELONA;AV REGIÃO SUDESTE;30;2 - Feminino;PARDA;Arma Branca;Estabelecimento Comercial
59568960;02/11/2025;13:24:55;Homicídio Doloso;VILA VELHA;BARRA DO JUCU;RUA ANTONIO DOS SANTOS;25;1 - Masculino;PARDA;Arma de Fogo;Via Pública
59567139;02/11/2025;08:19:13;Homicídio Doloso;CARIACICA;NOVO BRASIL;AV BAHIA;40;1 - Masculino;PARDA;Arma de Fogo;Via Pública
59569749;02/11/2025;15:18:03;Homicídio Doloso;SERRA;PRAIA DE CARAPEBUS;RUA NÃO CADASTRADA;17;1 - Masculino;PARDA;Arma de Fogo;Via Pública
59565690;02/11/2025;01:03:29;Homicídio Doloso;VITORIA;REDENCAO;RUA SESSENTA;18;1 - Masculino;BRANCA;Arma de Fogo;Via Pública
59565690;02/11/2025;01:03:29;Homicídio Doloso;VITORIA;REDENCAO;RUA SESSENTA;18;1 - Masculino;PARDA;Arma de Fogo;Via Pública
59566826;02/11/2025;06:35:52;Homicídio Doloso;AFONSO CLAUDIO;ZONA RURAL;RUA NÃO CADASTRADA;33;1 - Masculino;PARDA;Arma Branca;Via Pública
59573872;03/11/2025;02:12:36;Homicídio Doloso;SERRA;BALNEARIO DE CARAPEBUS;RUA ALFREDO RODRIGUES;32;1 - Masculino;BRANCA;Arma de Fogo;Domicílio
59573872;03/11/2025;02:12:36;Homicídio Doloso;SERRA;BALNEARIO DE CARAPEBUS;RUA ALFREDO RODRIGUES;44;2 - Feminino;PARDA;Arma de Fogo;Domicílio
59574022;03/11/2025;03:51:44;Homicídio Doloso;SERRA;BALNEARIO DE CARAPEBUS;RUA BRAUNA;47;1 - Masculino;NEGRA;Arma Branca;Via Pública
59584659;04/11/2025;12:25:55;Feminicídio;ANCHIETA;BELO HORIZONTE;ROD ES 060;31;2 - Feminino;PARDA;Arma de Fogo;Estabelecimento Comercial
59586266;04/11/2025;15:13:42;Homicídio Doloso;SERRA;JOSE DE ANCHIETA III;RUA MINAS GERAIS;19;1 - Masculino;PARDA;Arma de Fogo;Domicílio
59586266;04/11/2025;15:13:42;Homicídio Doloso;SERRA;JOSE DE ANCHIETA III;RUA MINAS GERAIS;31;1 - Masculino;PARDA;Arma de Fogo;Domicílio
59589503;04/11/2025;22:08:28;Homicídio Doloso;CARIACICA;NOVA CAMPO GRANDE;RUA PRINCESA ISABEL;61;1 - Masculino;PARDA;Arma Branca;Curso D'água
59619833;04/11/2025;12:31:40;Homicídio Doloso;LINHARES;SAO RAFAEL;RUA NÃO CADASTRADA;24;1 - Masculino;Não Informado;Arma de Fogo;Outros Locais
59586992;04/11/2025;16:19:24;Homicídio Doloso;VILA VELHA;XURY;ROD BR 101;43;1 - Masculino;PARDA;ESPANCAMENTO;Domicílio
59601482;06/11/2025;10:23:30;Homicídio Doloso;VIANA;CANAA;RUA BOM PASTOR;22;1 - Masculino;PARDA;Linchamento;Via Pública
59598997;06/11/2025;00:07:20;Homicídio Doloso;VITORIA;MARIA ORTIZ;RUA PROFESSORA ODILA SIMOES;19;1 - Masculino;BRANCA;Arma de Fogo;Via Pública
59614195;07/11/2025;23:42:37;Homicídio Doloso;CACHOEIRO DE ITAPEMIRIM;DOUTOR GILSON CARONE;RUA JOSE ALVES DA SILVA;60;1 - Masculino;PARDA;Arma Branca;Via Pública
59616213;07/11/2025;23:33:48;Homicídio Doloso;JAGUARE;SAO ROQUE;ROD ES 430;37;1 - Masculino;PARDA;Arma de Fogo;Templos Religiosos
59626165;09/11/2025;02:50:47;Homicídio Doloso;SAO MATEUS;GURIRI;RUA LINHARES;20;1 - Masculino;PARDA;Arma Branca;Via Pública
59629516;09/11/2025;14:06:19;Homicídio Doloso;ITAPEMIRIM;ITAOCA;RUA VALENTINA RAMOS OLIVEIRA;34;2 - Feminino;BRANCA;Arma de Fogo;Estabelecimento Comercial
59626355;09/11/2025;03:34:22;Feminicídio;SERRA;RESIDENCIAL JACARAIPE;RUA PEÇANHA;36;2 - Feminino;BRANCA;Arma Branca;Via Pública
59639490;10/11/2025;16:53:50;Homicídio Doloso;JAGUARE;PALMITAL;RUA MATEUS GONOME;56;1 - Masculino;PARDA;Arma Branca;Ignorado
59635460;10/11/2025;09:52:33;Homicídio Doloso;CARIACICA;VILA CAPIXABA;ROD BR 262;27;1 - Masculino;Não Informado;Arma Branca;Domicílio
59652139;12/11/2025;09:49:18;Homicídio Doloso;VILA VELHA;BOA VISTA I;RUA DOS ARTISTAS;33;1 - Masculino;PARDA;Ignorado / Não Informado;Via Pública
59654775;12/11/2025;15:35:53;Homicídio Doloso;SERRA;NOVA CARAPINA I;RUA GOVERNADOR VALADARES;25;1 - Masculino;PARDA;Arma de Fogo;Via Pública
59674309;14/11/2025;22:19:30;Homicídio Doloso;NOVA VENECIA;BELA VISTA;RUA DORVALINA BARBOSA;16;1 - Masculino;BRANCA;Arma de Fogo;Via Pública
59667636;14/11/2025;08:51:01;Homicídio Doloso;VITORIA;SANTOS DUMONT;RUA DR GASTAO PACHE DE FARIAS;32;1 - Masculino;NEGRA;Arma de Fogo;Via Pública
59675316;15/11/2025;00:49:32;Homicídio Doloso;ITAPEMIRIM;CAMPO ACIMA;RUA NÃO CADASTRADA;32;1 - Masculino;PARDA;Arma de Fogo;Via Pública
59675784;15/11/2025;02:22:07;Homicídio Doloso;VITORIA;RESISTENCIA;RUA AMERICA DO SUL;44;1 - Masculino;PARDA;Arma de Fogo;Domicílio
59678412;15/11/2025;12:09:59;Homicídio Doloso;CARIACICA;SANTA BARBARA;RUA NÃO CADASTRADA;37;1 - Masculino;PARDA;Arma de Fogo;Via Pública
59676266;15/11/2025;05:38:19;Homicídio Doloso;VILA VELHA;SAO TORQUATO;RUA CARLOS MACIEL DE BRITO;44;1 - Masculino;PARDA;Arma Branca;Via Pública
59683838;15/11/2025;00:13:30;Feminicídio;SAO MATEUS;ZONA RURAL;X;24;2 - Feminino;PARDA;Arma de Fogo;Terreno Baldio / Construção / Mata
59685075;16/11/2025;06:47:40;Feminicídio;CACHOEIRO DE ITAPEMIRIM;IBC;RUA MOZAR TEIXEIRA ALVES;53;2 - Feminino;BRANCA;Veículo;Via Pública
59697995;17/11/2025;18:23:55;Homicídio Doloso;COLATINA;BELA VISTA;RUA MONSUET ZUCARATO;39;1 - Masculino;PARDA;Arma de Fogo;Via Pública
59691738;17/11/2025;03:45:44;Homicídio Doloso;VILA VELHA;JARDIM MARILANDIA;AV SETIMA AVENIDA;19;1 - Masculino;PARDA;Arma de Fogo;Via Pública
59696919;17/11/2025;16:08:56;Homicídio Doloso;VILA VELHA;RIO MARINHO;RUA DEMETRIO RIBEIRO;30;1 - Masculino;NEGRA;Arma de Fogo;Estabelecimento Comercial
59700767;18/11/2025;06:57:44;Feminicídio;GUARAPARI;LAMEIRAO;X;23;2 - Feminino;BRANCA;AFOGAMENTO;Estabelecimento Industrial
59721041;20/11/2025;12:56:47;Homicídio Doloso;CARIACICA;CAMPO VERDE;RUA ERNESTO SILVA;19;1 - Masculino;PARDA;Arma de Fogo;Outros Locais
59724584;20/11/2025;20:38:00;Homicídio Doloso;CARIACICA;GRAUNA;RUA 15 DE NOVEMBRO;29;1 - Masculino;NEGRA;Arma de Fogo;Via Pública
59718467;20/11/2025;04:17:16;Homicídio Doloso;SAO MATEUS;GURIRI;ROD OTHOVARINO DUARTE;23;1 - Masculino;PARDA;Arma de Fogo;Via Pública
59718472;20/11/2025;04:19:49;Homicídio Doloso;CARIACICA;VILA MERLO;RUA CLEITON DE FREITAS;20;1 - Masculino;BRANCA;Arma de Fogo;Via Pública
59726418;21/11/2025;01:12:01;Homicídio Doloso;VIANA;CABRAL;ROD BR 262;40;1 - Masculino;PARDA;Objeto Doméstico;Via Pública
59735385;21/11/2025;23:58:16;Homicídio Doloso;PIUMA;CEU AZUL;AV PIUMA;44;1 - Masculino;NEGRA;Arma de Fogo;Via Pública
59726661;21/11/2025;02:22:06;Homicídio Doloso;CARIACICA;ITACIBA;RUA SAO JORGE;38;1 - Masculino;PARDA;Arma de Fogo;Estabelecimento Comercial
59739688;22/11/2025;14:56:45;Homicídio Doloso;SOORETAMA;CENTRO;AV VISTA ALEGRE;50;1 - Masculino;PARDA;ESPANCAMENTO;Via Pública
59735813;22/11/2025;01:24:41;Homicídio Doloso;VILA VELHA;VALE ENCANTADO;RUA SAO CRISTOVAO;16;1 - Masculino;PARDA;Arma de Fogo;Estabelecimento Comercial
59749072;23/11/2025;16:59:48;Homicídio Doloso;SAO GABRIEL DA PALHA;AIMORES;RUA FRANCISCO LUDJEIRO NETO;31;1 - Masculino;NEGRA;Arma de Fogo;Via Pública
59750598;23/11/2025;20:41:23;Homicídio Doloso;SAO MATEUS;GURIRI;RUA 13;35;1 - Masculino;PARDA;Arma de Fogo;Via Pública
59750559;23/11/2025;20:36:36;Homicídio Doloso;SAO MATEUS;QUILOMETRO;ROD MIGUEL CURRY CARNEIRO;29;1 - Masculino;PARDA;Arma Branca;Via Pública
59744847;23/11/2025;04:16:11;Homicídio Doloso;IUNA;VILA NOVA;AV ADEMAR VIEIRA DA CUNHA;24;1 - Masculino;PARDA;Arma de Fogo;Via Pública
59764539;25/11/2025;12:55:07;Homicídio Doloso;VILA VELHA;ATAIDE;RUA EMYDIO FERREIRA SACRAMENTO;55;1 - Masculino;PARDA;Arma de Fogo;Terreno Baldio / Construção / Mata
59761607;25/11/2025;07:29:05;Homicídio Doloso;JAGUARE;FATIMA;RUA NÃO CADASTRADA;32;1 - Masculino;PARDA;Arma de Fogo;Via Pública
59770854;26/11/2025;06:28:10;Homicídio Doloso;SAO MATEUS;GURIRI;RUA TRINTA;38;1 - Masculino;PARDA;Arma de Fogo;Domicílio
59780722;27/11/2025;09:22:22;Homicídio Doloso;AFONSO CLAUDIO;BOA FE;RUA NÃO CADASTRADA;;;;Arma de Fogo;Via Pública
59784542;27/11/2025;16:36:52;Homicídio Doloso;VILA VELHA;CRISTOVAO COLOMBO;RUA OSWALDO CRUZ;16;1 - Masculino;PARDA;Arma de Fogo;Via Pública
59790443;28/11/2025;10:34:51;Homicídio Doloso;SAO MATEUS;CENTRO;ROD BR 101;36;1 - Masculino;PARDA;Arma de Fogo;Via Pública
59787794;28/11/2025;00:02:48;Homicídio Doloso;VILA VELHA;COBILANDIA;RUA GRANDE VITORIA;20;2 - Feminino;PARDA;Arma de Fogo;Via Pública
59797842;29/11/2025;01:40:38;Homicídio Doloso;BARRA DE SAO FRANCISCO;COLINA;RUA JOSE AUGUSTO PEREIRA;21;1 - Masculino;PARDA;Arma de Fogo;Terreno Baldio / Construção / Mata
59795736;29/11/2025;02:06:52;Homicídio Doloso;IBATIBA;CORREGO PARAISO;RUA NÃO CADASTRADA;44;1 - Masculino;PARDA;Arma de Fogo;Lago / Lagoa / Represa
59802740;29/11/2025;15:46:04;Homicídio Doloso;CARIACICA;ITACIBA;RUA ANTONIO DE OLIVEIRA LOPES;46;1 - Masculino;PARDA;Arma de Fogo;Via Pública
59808859;30/11/2025;10:11:58;Feminicídio;VILA VELHA;DIVINO ESPIRITO SANTO;BC MANOEL FREITAS DIAS;30;2 - Feminino;PARDA;ESPANCAMENTO;Via Pública
59807388;30/11/2025;03:42:32;Homicídio Doloso;CACHOEIRO DE ITAPEMIRIM;IBITIQUARA;RUA JOAO RABELO;36;1 - Masculino;BRANCA;Objeto Contundente;Praça / Parques / Área Pública
59806855;30/11/2025;01:33:13;Homicídio Doloso;ITAGUACU;ITACU;RUA NÃO CADASTRADA;30;1 - Masculino;BRANCA;Arma de Fogo;Via Pública
59814131;30/11/2025;23:25:12;Homicídio Doloso;NOVA VENECIA;PIPINUQUE;RU ANÃO CADASTRADA;21;1 - Masculino;PARDA;Arma Branca;Via Pública
59811572;30/11/2025;16:19:59;Homicídio Doloso;SAO DOMINGOS DO NORTE;ZONA RURAL;RUA NÃO CADASTRADA;18;1 - Masculino;PARDA;Arma de Fogo;Via Pública
59815552;01/12/2025;06:25:09;Homicídio Doloso;PEDRO CANARIO;CENTRO;RUA DOUTOR MARIO VELLO SILVARES;;1 - Masculino;Prejudicado;Arma Branca;Via Pública
59816507;01/12/2025;08:56:36;Homicídio Doloso;VITORIA;MORRO DO QUADRO;RUA JOAO PAULO COUTINHO;46;1 - Masculino;NEGRA;Arma de Fogo;Via Pública
59832655;02/12/2025;20:29:40;Homicídio Doloso;NOVA VENECIA;CORREGO DO OURO;RUA NÃO CADASTRADA;53;1 - Masculino;PARDA;Arma de Fogo;Via Pública
59827384;02/12/2025;10:47:30;Homicídio Doloso;VILA VALERIO;ZONA RURAL;RUA NÃO CADASTRADA;64;1 - Masculino;PARDA;Arma de Fogo;Via Pública
59837309;03/12/2025;12:43:23;Homicídio Doloso;LINHARES;NOVA ESPERANCA;RUA DA MATA;17;1 - Masculino;NEGRA;Arma de Fogo;Via Pública
59850333;04/12/2025;21:17:43;Homicídio Doloso;SAO MATEUS;GURIRI;RUA NOVE;27;1 - Masculino;PARDA;Arma de Fogo;Via Pública
59868116;06/12/2025;21:02:26;Homicídio Doloso;VILA VELHA;ALECRIM;RUA MONTE CASTELO;23;1 - Masculino;PARDA;Arma de Fogo;Via Pública
59860762;06/12/2025;01:31:56;Homicídio Doloso;IBATIBA;BRASIL NOVO;RUA CRISTIANO PINTO;30;1 - Masculino;PARDA;Objeto Contundente;Estabelecimento Comercial
59867576;06/12/2025;19:49:41;Homicídio Doloso;SAO MATEUS;GURIRI;RUA BOA ESPERANÇA;53;1 - Masculino;PARDA;Objeto Contundente;Via Pública
59861802;06/12/2025;07:30:23;Homicídio Doloso;VIANA;NOVA BETHANIA;RUA SAO PAULO;34;1 - Masculino;PARDA;Arma de Fogo;Via Pública
59877208;07/12/2025;22:19:35;Homicídio Doloso;VITORIA;INHANGUETA;RUA DO PENTA;29;1 - Masculino;PARDA;Arma de Fogo;Domicílio
59877802;08/12/2025;00:00:41;Homicídio Doloso;SAO MATEUS;ZONA RURAL;RUA NÃO CADASTRADA;20;1 - Masculino;PARDA;Arma de Fogo;Via Pública
59888036;09/12/2025;06:54:28;Homicídio Doloso;JAGUARE;CORREGO CAXIMBAU;RUA NÃO CADASTRADA;28;1 - Masculino;PARDA;Arma de Fogo;Domicílio
59890550;09/12/2025;11:44:01;Homicídio Doloso;SERRA;JARDIM CARAPINA;RUA PRESIDENTE KENNEDY;35;1 - Masculino;PARDA;Arma de Fogo;Domicílio
59887398;09/12/2025;01:13:04;Homicídio Doloso;JAGUARE;JUNDIA;RUA NÃO CADASTRADA;31;1 - Masculino;PARDA;Arma de Fogo;Domicílio
59894808;09/12/2025;19:15:27;Homicídio Doloso;VILA VELHA;SAO TORQUATO;RUA LEOPOLDINA;20;1 - Masculino;PARDA;Linchamento;Terreno Baldio / Construção / Mata
59902531;10/12/2025;16:17:03;Homicídio Doloso;CARIACICA;JARDIM BOTANICO;RUA VITORIA;26;2 - Feminino;BRANCA;Arma de Fogo;Domicílio
59896918;10/12/2025;01:28:50;Homicídio Doloso;PINHEIROS;JUNDIA;RUA PADRA ANTONIO;36;1 - Masculino;PARDA;Arma de Fogo;Terreno Baldio / Construção / Mata
59917892;12/12/2025;10:03:22;Homicídio Doloso;SERRA;CAMPINHO DA SERRA I;RUA NÃO CADASTRADA;43;1 - Masculino;PARDA;Arma de Fogo;Domicílio
59924558;12/12/2025;22:10:03;Homicídio Doloso;CARIACICA;VERA CRUZ;RUA ANTONIO PEIXOTO;21;1 - Masculino;PARDA;Arma de Fogo;Domicílio
59926719;13/12/2025;04:09:56;Homicídio Doloso;CONCEICAO DA BARRA;BRACO DO RIO;RUA DO BOTAFOGO;21;1 - Masculino;PARDA;Arma de Fogo;Via Pública
59931313;13/12/2025;16:35:43;Homicídio Doloso;COLATINA;CENTRO;RUA EXPEDICIONARIO ABILIO DOS SANTOS;;1 - Masculino;;Arma Branca;Terreno Baldio / Construção / Mata
59943607;14/12/2025;22:03:58;Homicídio Doloso;LINHARES;BEBEDOURO;AV BENEVENUTO ZORZANELLI;29;1 - Masculino;PARDA;Arma de Fogo;Via Pública
59942997;14/12/2025;20:41:36;Homicídio Doloso;PEDRO CANARIO;CAMATA;ROD ES 209;28;1 - Masculino;PARDA;Arma de Fogo;Domicílio
59930737;14/12/2025;00:43:11;Homicídio Doloso;LINHARES;NOVA ESPERANCA;RUA BROMELIAS;31;1 - Masculino;PARDA;Arma de Fogo;Estabelecimento Comercial
59940374;14/12/2025;15:30:31;Homicídio Doloso;ARACRUZ;PLANALTO;RUA JURANDI PERUCHI;28;1 - Masculino;PARDA;Arma de Fogo;Terreno Baldio / Construção / Mata
59941537;14/12/2025;17:44:07;Homicídio Doloso;VILA VELHA;SAO TORQUATO;RUA LESTE;34;1 - Masculino;PARDA;ESPANCAMENTO;Estabelecimento Comercial
59940520;14/12/2025;15:59:07;Homicídio Doloso;LINHARES;SHELL;RUA WALDIR;66;1 - Masculino;PARDA;Arma Branca;Via Pública
59949672;15/12/2025;14:40:03;Homicídio Doloso;SOORETAMA;CENTRO;RUA VITORIO DE SOUZA;20;1 - Masculino;PARDA;Arma de Fogo;Via Pública
59949078;15/12/2025;13:42:02;Homicídio Doloso;ARACRUZ;JACUPEMBA;RUA NÃO CADASTRADA;32;1 - Masculino;PARDA;Objeto Contundente;Domicílio
59954382;16/12/2025;00:29:26;Homicídio Doloso;MUNIZ FREIRE;ALTO NORTE;RUA NÃO CADASTRADA;33;1 - Masculino;PARDA;Arma Branca;Terreno Baldio / Construção / Mata
59962064;16/12/2025;21:14:26;Homicídio Doloso;SERRA;SAO GERALDO;RUA BAHIA;26;1 - Masculino;BRANCA;Arma de Fogo;Praça / Parques / Área Pública
59963641;17/12/2025;04:25:16;Homicídio Doloso;PEDRO CANARIO;CRISTAL DO NORTE;AV JOSE LUIZ DA COSTA;17;1 - Masculino;NEGRA;Arma de Fogo;Domicílio
59963641;17/12/2025;06:36:29;Homicídio Doloso;PEDRO CANARIO;CRISTAL DO NORTE;AV JOSE LUIZ DA COSTA;19;1 - Masculino;BRANCA;Arma de Fogo;Domicílio
59969812;17/12/2025;18:36:27;Homicídio Doloso;SAO MATEUS;PEDRA DAGUA;RUA CORREGO DO CHIADO;29;1 - Masculino;NEGRA;Arma de Fogo;Domicílio
59978809;18/12/2025;18:46:26;Homicídio Doloso;LINHARES;;X;57;1 - Masculino;BRANCA;;Unidade Prisional
59973211;18/12/2025;08:25:27;Feminicídio;CACHOEIRO DE ITAPEMIRIM;NOSSA SENHORA DA PENHA;RUA SEBASTIAO PEREIRA;26;2 - Feminino;PARDA;Arma Branca;Via Pública
59962064;18/12/2025;10:33:03;Homicídio Doloso;SERRA;SAO GERALDO;RUA BAHIA;28;1 - Masculino;PARDA;Arma de Fogo;Praça / Parques / Área Pública
59982538;19/12/2025;08:53:21;Homicídio Doloso;VILA VELHA;JOAO GOULART;RUA TIRADENTES;47;2 - Feminino;NEGRA;Objeto Contundente;Domicílio
59986968;19/12/2025;17:18:05;Homicídio Doloso;VILA VELHA;PRIMEIRO DE MAIO;RUA NÃO CADASTRADA;15;1 - Masculino;PARDA;Arma de Fogo;Estabelecimento Comercial
59994057;20/12/2025;13:43:59;Homicídio Doloso;JAGUARE;BARRA SECA;RUA BELARMINO;28;1 - Masculino;NEGRA;Arma de Fogo;Outros Locais
59997048;20/12/2025;21:22:36;Homicídio Doloso;LINHARES;CORREGO SAO VICENTE;RUA NÃO CADASTRADA;23;1 - Masculino;PARDA;Arma Branca;Via Pública
59990622;20/12/2025;01:31:47;Homicídio Doloso;NOVA VENECIA;DOM JOSE DALVIT;RUA ANGELO VENTURIM;32;1 - Masculino;PARDA;Arma de Fogo;Via Pública
59997063;20/12/2025;20:09:23;Homicídio Doloso;IUNA;QUILOMBO;RUA NÃO CADASTRADA;25;1 - Masculino;PARDA;Arma Branca;Via Pública
59996457;20/12/2025;18:42:34;Homicídio Doloso;JAGUARE;RIVIERA;RUA LAURITA COSTA DE JESUS;23;1 - Masculino;PARDA;Arma de Fogo;Via Pública
59991075;20/12/2025;03:46:55;Homicídio Doloso;PINHEIROS;ZONA RURAL;ROD ES 130;14;1 - Masculino;NEGRA;Arma de Fogo;Via Pública
59999525;21/12/2025;04:42:31;Homicídio Doloso;SAO MATEUS;NOVO HORIZONTE;RUA NÃO CADASTRADA;17;1 - Masculino;PARDA;Arma de Fogo;Via Pública
59999525;21/12/2025;02:56:17;Homicídio Doloso;SAO MATEUS;NOVO HORIZONTE;RUA NÃO CADASTRADA;18;1 - Masculino;PARDA;Arma de Fogo;Via Pública
60005114;21/12/2025;20:46:09;Homicídio Doloso;LARANJA DA TERRA;SAO LUIS DE MIRANDA;RUA THAIS PEROZINE;54;1 - Masculino;PARDA;Arma Branca;Via Pública
60003964;21/12/2025;17:54:27;Homicídio Doloso;LINHARES;ZONA RURAL;ROD ES 248;44;1 - Masculino;PARDA;Arma de Fogo;Via Pública
60005273;22/12/2025;02:31:00;Homicídio Doloso;ARACRUZ;JACUPEMBA;RUA ALAMIR NELSON BUSTAMANTE;57;1 - Masculino;BRANCA;Arma Branca;Domicílio
60015469;22/12/2025;22:40:54;Homicídio Doloso;CARIACICA;SANTA BARBARA;RUA DOUTOR BENEDITO DE SOUZA MACHADO;47;1 - Masculino;PARDA;Arma de Fogo;Via Pública
60006301;22/12/2025;00:25:00;Homicídio Doloso;SERRA;SERRA DOURADA I;AV RIO DE JANEIRO;28;1 - Masculino;PARDA;Arma de Fogo;Terreno Baldio / Construção / Mata
60016528;23/12/2025;02:54:10;Homicídio Doloso;SERRA;ESTANCIA MONAZITICA;RUA MARILIA REZENDE COUTINHO;33;1 - Masculino;BRANCA;Arma de Fogo;Via Pública
60024979;23/12/2025;21:06:33;Homicídio Doloso;SERRA;JOSE DE ANCHIETA;RUA NOGUEIRA;25;1 - Masculino;NEGRA;Arma de Fogo;Terreno Baldio / Construção / Mata
60022516;23/12/2025;19:40:27;Homicídio Doloso;PINHEIROS;ZONA RURAL;RUA JACARANDA;19;1 - Masculino;PARDA;Arma de Fogo;Via Pública
60030786;24/12/2025;14:13:59;Homicídio Doloso;PRESIDENTE KENNEDY;CAMPO NOVO II;RUA PROJETADA;28;1 - Masculino;PARDA;Arma de Fogo;Via Pública
60035523;24/12/2025;22:41:52;Homicídio Doloso;SERRA;NOVO PORTO CANOA;RUA LUIS BARBALHO;37;1 - Masculino;PARDA;Arma de Fogo;Via Pública
60038106;25/12/2025;06:48:03;Homicídio Doloso;ARACRUZ;COQUEIRAL;ROD ES 010;22;1 - Masculino;PARDA;Arma de Fogo;Via Pública
60037667;25/12/2025;04:48:47;Homicídio Doloso;VITORIA;MARIA ORTIZ;RUA PROFESSOR MARIO GODART;57;1 - Masculino;PARDA;Arma Branca;Curso D'água
60036983;25/12/2025;07:30:54;Homicídio Doloso;CACHOEIRO DE ITAPEMIRIM;NOVO PARQUE;RUA MARIA TEREZA FLORINDA;38;1 - Masculino;PARDA;Arma de Fogo;Via Pública
60043788;25/12/2025;19:54:20;Homicídio Doloso;ECOPORANGA;SAO GERALDO;RUA NÃO CADASTRADA;67;1 - Masculino;NEGRA;ESPANCAMENTO;Domicílio
60044341;26/12/2025;21:04:24;Homicídio Doloso;JAGUARE;ZONA RURAL;RUA NÃO CADASTRADA;46;1 - Masculino;PARDA;Arma de Fogo;Domicílio
60064968;28/12/2025;08:04:46;Homicídio Doloso;CARIACICA;ANTONIO FERREIRA BORGES;RUA SANTA ISABEL;29;1 - Masculino;PARDA;Arma de Fogo;Terreno Baldio / Construção / Mata
60066018;28/12/2025;11:31:17;Homicídio Doloso;SERRA;OURIMAR;RUA RODNEI SANTANA;35;1 - Masculino;BRANCA;Arma Branca;Terreno Baldio / Construção / Mata
60064239;28/12/2025;03:18:37;Homicídio Doloso;CONCEICAO DA BARRA;SAO JORGE;RUA MANOEL SERGIO;18;1 - Masculino;PARDA;Arma de Fogo;Via Pública
60068334;28/12/2025;15:40:31;Homicídio Doloso;GOVERNADOR LINDENBERG;ZONA RURAL;RUA NAÕ CADASTRADA;32;1 - Masculino;BRANCA;Arma de Fogo;Via Pública
60081439;29/12/2025;21:11:26;Homicídio Doloso;SAO GABRIEL DA PALHA;CACHOEIRA DA ONCA;AV FRANCISCO RONDELLI;37;1 - Masculino;PARDA;Arma de Fogo;Via Pública
60025538;29/12/2025;15:16:53;Homicídio Doloso;CARIACICA;RIO MARINHO;AV PRINCIPAL;28;2 - Feminino;PARDA;Arma de Fogo;Via Pública
60083408;30/12/2025;05:35:20;Homicídio Doloso;GUARAPARI;SAO GABRIEL;RODOVIA DO SOL - KM 51;21;1 - Masculino;NEGRA;ESPANCAMENTO;Domicílio
60082714;30/12/2025;00:06:13;Homicídio Doloso;CARIACICA;SAO GERALDO II;RUA PASTOR ABILIO FONTINI FILHO;31;1 - Masculino;NEGRA;Arma de Fogo;Via Pública
60100346;31/12/2025;18:42:56;Homicídio Doloso;GUARAPARI;BALNEARIO MEAIPE;RUA ROGERIO DOS SANTOS;43;1 - Masculino;NEGRA;Arma de Fogo;Outros Locais
60098133;31/12/2025;14:37:22;Homicídio Doloso;CARIACICA;ITANGUA;RUA ROSILVA;62;1 - Masculino;PARDA;Arma de Fogo;Via Pública
